transaction_id,customer_id,customer_name,timestamp,amount_kes,transaction_type,channel
TXN1147,CUST072,Joyce Kariuki,2026-06-15 07:01:00,5400,Deposit,ATM
TXN1076,CUST030,Josephine Nyambura,2026-06-15 07:04:00,750,Deposit,Branch
TXN1136,CUST067,Rebecca Wambui,2026-06-15 07:04:00,12000,Transfer,ATM
TXN1005,CUST002,Beatrice Otieno,2026-06-15 07:06:00,500,Transfer,Branch
TXN1012,CUST004,Lucy Odhiambo,2026-06-15 07:13:00,27500,Deposit,Branch
TXN1041,CUST014,David Gathoni,2026-06-15 07:15:00,5400,Deposit,Mobile
TXN1100,CUST047,Dennis Kilonzo,2026-06-15 07:31:00,750,Transfer,Mobile
TXN1066,CUST026,Rebecca Njoki,2026-06-15 07:33:00,6700,Withdrawal,Branch
TXN1156,CUST078,Caroline Kilonzo,2026-06-15 07:38:00,3400,Deposit,Mobile
TXN1071,CUST027,Anthony Otieno,2026-06-15 07:46:00,27500,Transfer,Branch
TXN1031,CUST009,Fatuma Kariuki,2026-06-15 07:51:00,2300,Transfer,Branch
TXN1090,CUST040,John Omondi,2026-06-15 08:01:00,1200,Withdrawal,Agent
TXN1116,CUST054,Paul Chebet,2026-06-15 08:03:00,8900,Transfer,Branch
TXN1009,CUST003,Fatuma Wafula,2026-06-15 08:07:00,22000,Deposit,ATM
TXN1057,CUST022,Rebecca Mwangi,2026-06-15 08:07:00,6700,Withdrawal,Mobile
TXN1061,CUST023,Lucy Gathoni,2026-06-15 08:17:00,1200,Transfer,Branch
TXN1091,CUST040,John Omondi,2026-06-15 08:24:00,18300,Transfer,Mobile
TXN1063,CUST025,Caroline Kimani,2026-06-15 08:38:00,6700,Withdrawal,Agent
TXN1098,CUST045,Rebecca Gathoni,2026-06-15 08:38:00,3400,Deposit,Agent
TXN1007,CUST002,Beatrice Otieno,2026-06-15 08:55:00,5400,Transfer,ATM
TXN1103,CUST048,Rose Gathoni,2026-06-15 08:59:00,22000,Withdrawal,Agent
TXN1109,CUST050,Peter Wambui,2026-06-15 09:00:00,22000,Transfer,ATM
TXN1028,CUST008,Josephine Onyango,2026-06-15 09:08:00,500,Withdrawal,ATM
TXN1079,CUST033,Diana Kariuki,2026-06-15 09:17:00,18300,Withdrawal,Agent
TXN1128,CUST062,Beatrice Njeri,2026-06-15 09:21:00,34500,Withdrawal,Agent
TXN1030,CUST009,Fatuma Kariuki,2026-06-15 09:35:00,34500,Withdrawal,Mobile
TXN1127,CUST062,Beatrice Njeri,2026-06-15 09:35:00,5400,Withdrawal,Mobile
TXN1107,CUST049,Susan Njoki,2026-06-15 09:38:00,27500,Deposit,Mobile
TXN1008,CUST002,Beatrice Otieno,2026-06-15 09:40:00,750,Deposit,Agent
TXN1141,CUST070,Samuel Njoki,2026-06-15 09:40:00,750,Transfer,ATM
TXN1106,CUST049,Susan Njoki,2026-06-15 09:47:00,27500,Deposit,Agent
TXN1088,CUST040,John Omondi,2026-06-15 09:58:00,27500,Transfer,Mobile
TXN1155,CUST078,Caroline Kilonzo,2026-06-15 09:59:00,12000,Withdrawal,Branch
TXN1153,CUST076,Amina Hassan,2026-06-15 10:16:00,8900,Withdrawal,ATM
TXN1033,CUST010,Peter Wafula,2026-06-15 10:18:00,27500,Withdrawal,Agent
TXN1152,CUST076,Amina Hassan,2026-06-15 10:19:00,5400,Withdrawal,ATM
TXN1129,CUST062,Beatrice Njeri,2026-06-15 10:23:00,750,Transfer,Branch
TXN1133,CUST066,Mercy Onyango,2026-06-15 10:24:00,12000,Transfer,ATM
TXN1004,CUST001,George Hassan,2026-06-15 10:28:00,4200,Withdrawal,Agent
TXN1126,CUST062,Beatrice Njeri,2026-06-15 10:28:00,9800,Deposit,ATM
TXN1108,CUST050,Peter Wambui,2026-06-15 10:31:00,22000,Deposit,Mobile
TXN1083,CUST035,Peter Gathoni,2026-06-15 10:32:00,500,Withdrawal,Agent
TXN1148,CUST074,Sarah Mwangi,2026-06-15 10:42:00,15600,Deposit,Branch
TXN1096,CUST043,Rose Onyango,2026-06-15 10:47:00,18300,Deposit,ATM
TXN1144,CUST071,James Hassan,2026-06-15 10:50:00,500,Withdrawal,Agent
TXN1105,CUST049,Susan Njoki,2026-06-15 10:58:00,5400,Withdrawal,Mobile
TXN1067,CUST026,Rebecca Njoki,2026-06-15 11:03:00,4200,Withdrawal,Agent
TXN1020,CUST006,Francis Achieng,2026-06-15 11:12:00,11200,Deposit,Agent
TXN1081,CUST034,James Kariuki,2026-06-15 11:13:00,11200,Withdrawal,Mobile
TXN1058,CUST022,Rebecca Mwangi,2026-06-15 11:17:00,1200,Withdrawal,Agent
TXN1145,CUST072,Joyce Kariuki,2026-06-15 11:20:00,6700,Deposit,Branch
TXN1131,CUST064,Eric Chebet,2026-06-15 11:21:00,1200,Deposit,Agent
TXN1117,CUST055,Dennis Wanjiru,2026-06-15 11:27:00,27500,Deposit,Branch
TXN1124,CUST059,David Achieng,2026-06-15 11:30:00,34500,Transfer,ATM
TXN1034,CUST010,Peter Wafula,2026-06-15 11:34:00,15600,Withdrawal,Mobile
TXN1085,CUST038,Eric Kiptoo,2026-06-15 11:40:00,6700,Withdrawal,Branch
TXN1087,CUST039,Charles Njoki,2026-06-15 11:46:00,3400,Withdrawal,ATM
TXN1110,CUST051,Daniel Njoki,2026-06-15 11:46:00,3400,Deposit,Agent
TXN1095,CUST042,Faith Hassan,2026-06-15 11:51:00,1800,Deposit,Branch
TXN1051,CUST017,Grace Wafula,2026-06-15 11:56:00,3400,Deposit,Branch
TXN1021,CUST006,Francis Achieng,2026-06-15 12:05:00,6700,Withdrawal,Branch
TXN1159,CUST080,Mercy Omondi,2026-06-15 12:12:00,4200,Transfer,ATM
TXN1054,CUST019,Victor Hassan,2026-06-15 12:20:00,1800,Transfer,Agent
TXN1080,CUST034,James Kariuki,2026-06-15 12:35:00,9800,Withdrawal,Mobile
TXN1040,CUST012,Anthony Kimani,2026-06-15 12:43:00,27500,Transfer,ATM
TXN1019,CUST005,Sarah Otieno,2026-06-15 12:46:00,500,Withdrawal,Agent
TXN1112,CUST051,Daniel Njoki,2026-06-15 12:48:00,9800,Deposit,Mobile
TXN1049,CUST016,David Kariuki,2026-06-15 13:04:00,5400,Transfer,Agent
TXN1082,CUST035,Peter Gathoni,2026-06-15 13:05:00,22000,Deposit,Branch
TXN1060,CUST022,Rebecca Mwangi,2026-06-15 13:09:00,34500,Transfer,ATM
TXN1134,CUST066,Mercy Onyango,2026-06-15 13:19:00,500,Withdrawal,Mobile
TXN1111,CUST051,Daniel Njoki,2026-06-15 13:20:00,2300,Deposit,Mobile
TXN1056,CUST021,Anthony Kiptoo,2026-06-15 13:21:00,27500,Transfer,Agent
TXN1002,CUST001,George Hassan,2026-06-15 13:25:00,12000,Withdrawal,ATM
TXN1130,CUST064,Eric Chebet,2026-06-15 13:26:00,27500,Withdrawal,ATM
TXN1084,CUST037,Rose Nyambura,2026-06-15 13:37:00,1200,Deposit,Mobile
TXN1027,CUST008,Josephine Onyango,2026-06-15 13:47:00,1800,Transfer,Branch
TXN1115,CUST054,Paul Chebet,2026-06-15 13:48:00,750,Withdrawal,Agent
TXN1025,CUST007,Grace Njoki,2026-06-15 13:50:00,5400,Deposit,Branch
TXN1026,CUST007,Grace Njoki,2026-06-15 13:50:00,9800,Withdrawal,ATM
TXN1114,CUST054,Paul Chebet,2026-06-15 13:55:00,41000,Withdrawal,Agent
TXN1062,CUST023,Lucy Gathoni,2026-06-15 13:57:00,1800,Deposit,Mobile
TXN1065,CUST026,Rebecca Njoki,2026-06-15 13:59:00,750,Transfer,Branch
TXN1149,CUST074,Sarah Mwangi,2026-06-15 14:02:00,9800,Transfer,ATM
TXN1121,CUST058,John Njeri,2026-06-15 14:03:00,34500,Withdrawal,Branch
TXN1104,CUST048,Rose Gathoni,2026-06-15 14:04:00,27500,Deposit,Agent
TXN1052,CUST019,Victor Hassan,2026-06-15 14:10:00,6700,Withdrawal,ATM
TXN1022,CUST006,Francis Achieng,2026-06-15 14:12:00,9800,Withdrawal,ATM
TXN1072,CUST028,Nancy Achieng,2026-06-15 14:15:00,18300,Withdrawal,ATM
TXN1137,CUST067,Rebecca Wambui,2026-06-15 14:15:00,2300,Withdrawal,Branch
TXN1010,CUST003,Fatuma Wafula,2026-06-15 14:19:00,1800,Withdrawal,Mobile
TXN1048,CUST016,David Kariuki,2026-06-15 14:20:00,1800,Transfer,Branch
TXN1122,CUST058,John Njeri,2026-06-15 14:26:00,9800,Deposit,Agent
TXN1102,CUST047,Dennis Kilonzo,2026-06-15 14:29:00,18300,Withdrawal,Branch
TXN1039,CUST012,Anthony Kimani,2026-06-15 14:39:00,2300,Transfer,Mobile
TXN1120,CUST058,John Njeri,2026-06-15 14:39:00,3400,Transfer,Agent
TXN1035,CUST011,Josephine Otieno,2026-06-15 14:42:00,41000,Transfer,ATM
TXN1093,CUST042,Faith Hassan,2026-06-15 14:51:00,1800,Transfer,Mobile
TXN1037,CUST012,Anthony Kimani,2026-06-15 15:01:00,18300,Withdrawal,Mobile
TXN1006,CUST002,Beatrice Otieno,2026-06-15 15:06:00,11200,Transfer,Mobile
TXN1146,CUST072,Joyce Kariuki,2026-06-15 15:15:00,500,Deposit,Agent
TXN1015,CUST004,Lucy Odhiambo,2026-06-15 15:23:00,4200,Deposit,Branch
TXN1053,CUST019,Victor Hassan,2026-06-15 15:25:00,9800,Deposit,Branch
TXN1055,CUST021,Anthony Kiptoo,2026-06-15 15:29:00,18300,Transfer,Mobile
TXN1045,CUST015,Sarah Chebet,2026-06-15 15:34:00,22000,Transfer,Branch
TXN1119,CUST056,Susan Odhiambo,2026-06-15 15:35:00,5400,Transfer,Mobile
TXN1143,CUST071,James Hassan,2026-06-15 15:37:00,5400,Deposit,Agent
TXN1069,CUST027,Anthony Otieno,2026-06-15 15:43:00,4200,Deposit,Agent
TXN1138,CUST068,Victor Odhiambo,2026-06-15 15:43:00,2300,Transfer,ATM
TXN1016,CUST005,Sarah Otieno,2026-06-15 15:49:00,27500,Deposit,Branch
TXN1154,CUST076,Amina Hassan,2026-06-15 16:11:00,6700,Deposit,ATM
TXN1132,CUST064,Eric Chebet,2026-06-15 16:23:00,3400,Transfer,Branch
TXN1044,CUST014,David Gathoni,2026-06-15 16:32:00,27500,Withdrawal,Agent
TXN1017,CUST005,Sarah Otieno,2026-06-15 16:51:00,5400,Withdrawal,ATM
TXN1023,CUST007,Grace Njoki,2026-06-15 16:53:00,500,Deposit,Agent
TXN1140,CUST070,Samuel Njoki,2026-06-15 16:58:00,1200,Transfer,Agent
TXN1125,CUST061,Ann Chebet,2026-06-15 17:10:00,1800,Withdrawal,ATM
TXN1092,CUST042,Faith Hassan,2026-06-15 17:15:00,22000,Deposit,Mobile
TXN1097,CUST045,Rebecca Gathoni,2026-06-15 17:18:00,1200,Transfer,Branch
TXN1068,CUST026,Rebecca Njoki,2026-06-15 17:19:00,27500,Withdrawal,Agent
TXN1003,CUST001,George Hassan,2026-06-15 17:25:00,1200,Withdrawal,Mobile
TXN1150,CUST075,Kevin Kiptoo,2026-06-15 17:25:00,5400,Withdrawal,Agent
TXN1073,CUST028,Nancy Achieng,2026-06-15 17:31:00,34500,Deposit,Agent
TXN1094,CUST042,Faith Hassan,2026-06-15 17:33:00,1800,Transfer,ATM
TXN1001,CUST001,George Hassan,2026-06-15 17:43:00,1200,Deposit,ATM
TXN1099,CUST045,Rebecca Gathoni,2026-06-15 17:47:00,8900,Transfer,Branch
TXN1014,CUST004,Lucy Odhiambo,2026-06-15 17:55:00,1800,Transfer,Agent
TXN1086,CUST038,Eric Kiptoo,2026-06-15 17:57:00,12000,Deposit,ATM
TXN1113,CUST052,David Kiptoo,2026-06-15 18:00:00,8900,Deposit,Agent
TXN1157,CUST078,Caroline Kilonzo,2026-06-15 18:03:00,4200,Deposit,ATM
TXN1074,CUST028,Nancy Achieng,2026-06-15 18:13:00,6700,Deposit,Branch
TXN1101,CUST047,Dennis Kilonzo,2026-06-15 18:13:00,22000,Deposit,Agent
TXN1078,CUST033,Diana Kariuki,2026-06-15 18:18:00,1200,Deposit,Branch
TXN1011,CUST003,Fatuma Wafula,2026-06-15 18:21:00,750,Deposit,Branch
TXN1046,CUST015,Sarah Chebet,2026-06-15 18:33:00,750,Transfer,Branch
TXN1013,CUST004,Lucy Odhiambo,2026-06-15 18:34:00,500,Transfer,Agent
TXN1123,CUST059,David Achieng,2026-06-15 18:47:00,750,Deposit,Branch
TXN1135,CUST067,Rebecca Wambui,2026-06-15 18:48:00,22000,Transfer,ATM
TXN1142,CUST070,Samuel Njoki,2026-06-15 18:48:00,2300,Withdrawal,Mobile
TXN1018,CUST005,Sarah Otieno,2026-06-15 18:51:00,6700,Withdrawal,ATM
TXN1151,CUST075,Kevin Kiptoo,2026-06-15 18:54:00,27500,Withdrawal,Branch
TXN1158,CUST078,Caroline Kilonzo,2026-06-15 18:56:00,9800,Transfer,Mobile
TXN1070,CUST027,Anthony Otieno,2026-06-15 19:01:00,750,Withdrawal,Mobile
TXN1139,CUST070,Samuel Njoki,2026-06-15 19:02:00,500,Withdrawal,Branch
TXN1042,CUST014,David Gathoni,2026-06-15 19:06:00,27500,Deposit,Mobile
TXN1050,CUST016,David Kariuki,2026-06-15 19:07:00,3400,Transfer,Agent
TXN1059,CUST022,Rebecca Mwangi,2026-06-15 19:08:00,15600,Transfer,Agent
TXN1118,CUST056,Susan Odhiambo,2026-06-15 19:27:00,500,Transfer,ATM
TXN1024,CUST007,Grace Njoki,2026-06-15 19:41:00,1800,Transfer,Mobile
TXN1029,CUST008,Josephine Onyango,2026-06-15 19:41:00,3400,Transfer,ATM
TXN1038,CUST012,Anthony Kimani,2026-06-15 19:51:00,3400,Withdrawal,Branch
TXN1043,CUST014,David Gathoni,2026-06-15 19:57:00,1800,Deposit,Agent
TXN1064,CUST025,Caroline Kimani,2026-06-15 20:07:00,18300,Withdrawal,Agent
TXN1032,CUST010,Peter Wafula,2026-06-15 20:12:00,5400,Withdrawal,Agent
TXN1047,CUST015,Sarah Chebet,2026-06-15 20:28:00,3400,Deposit,Mobile
TXN1077,CUST033,Diana Kariuki,2026-06-15 20:32:00,8900,Transfer,Branch
TXN1089,CUST040,John Omondi,2026-06-15 20:43:00,41000,Transfer,Branch
TXN1075,CUST028,Nancy Achieng,2026-06-15 20:56:00,3400,Deposit,Agent
TXN1036,CUST011,Josephine Otieno,2026-06-15 20:58:00,27500,Withdrawal,Branch
TXN1251,CUST050,Peter Wambui,2026-06-16 07:02:00,1200,Transfer,Mobile
TXN1271,CUST061,Ann Chebet,2026-06-16 07:02:00,3400,Transfer,Mobile
TXN1275,CUST062,Beatrice Njeri,2026-06-16 07:02:00,1800,Transfer,Agent
TXN1205,CUST024,Anthony Achieng,2026-06-16 07:03:00,34500,Withdrawal,ATM
TXN1242,CUST044,Grace Njoki,2026-06-16 07:08:00,22000,Withdrawal,Mobile
TXN1193,CUST019,Victor Hassan,2026-06-16 07:13:00,750,Withdrawal,Branch
TXN1173,CUST009,Fatuma Kariuki,2026-06-16 07:51:00,8900,Transfer,Branch
TXN1215,CUST029,Rose Wafula,2026-06-16 07:56:00,34500,Transfer,Mobile
TXN1178,CUST013,Joyce Gathoni,2026-06-16 08:04:00,750,Transfer,Mobile
TXN1247,CUST049,Susan Njoki,2026-06-16 08:04:00,3400,Transfer,Agent
TXN1208,CUST026,Rebecca Njoki,2026-06-16 08:06:00,12000,Deposit,Branch
TXN1274,CUST062,Beatrice Njeri,2026-06-16 08:15:00,5400,Withdrawal,Mobile
TXN1162,CUST003,Fatuma Wafula,2026-06-16 08:22:00,15600,Withdrawal,Branch
TXN1190,CUST018,Mercy Kiptoo,2026-06-16 08:23:00,27500,Withdrawal,ATM
TXN1171,CUST008,Josephine Onyango,2026-06-16 08:30:00,18300,Deposit,Agent
TXN1303,CUST078,Caroline Kilonzo,2026-06-16 08:40:00,2300,Deposit,Branch
TXN1258,CUST052,David Kiptoo,2026-06-16 08:47:00,18300,Withdrawal,Branch
TXN1167,CUST007,Grace Njoki,2026-06-16 08:51:00,1200,Deposit,Branch
TXN1228,CUST035,Peter Gathoni,2026-06-16 08:53:00,11200,Transfer,Agent
TXN1224,CUST033,Diana Kariuki,2026-06-16 08:59:00,9800,Transfer,Mobile
TXN1220,CUST030,Josephine Nyambura,2026-06-16 09:01:00,500,Transfer,ATM
TXN1269,CUST060,Paul Hassan,2026-06-16 09:02:00,500,Withdrawal,Mobile
TXN1246,CUST048,Rose Gathoni,2026-06-16 09:08:00,500,Withdrawal,Branch
TXN1184,CUST015,Sarah Chebet,2026-06-16 09:15:00,6700,Withdrawal,Agent
TXN1287,CUST070,Samuel Njoki,2026-06-16 09:18:00,5400,Transfer,Branch
TXN1207,CUST026,Rebecca Njoki,2026-06-16 09:22:00,8900,Withdrawal,Branch
TXN1270,CUST061,Ann Chebet,2026-06-16 09:22:00,3400,Transfer,Mobile
TXN1232,CUST039,Charles Njoki,2026-06-16 09:25:00,4200,Transfer,Agent
TXN1203,CUST023,Lucy Gathoni,2026-06-16 09:27:00,2300,Withdrawal,ATM
TXN1296,CUST072,Joyce Kariuki,2026-06-16 09:29:00,18300,Transfer,Agent
TXN1255,CUST052,David Kiptoo,2026-06-16 09:32:00,8900,Withdrawal,Agent
TXN1238,CUST042,Faith Hassan,2026-06-16 09:39:00,1200,Deposit,Agent
TXN1192,CUST019,Victor Hassan,2026-06-16 10:02:00,11200,Deposit,Branch
TXN1179,CUST013,Joyce Gathoni,2026-06-16 10:06:00,15600,Deposit,ATM
TXN1189,CUST018,Mercy Kiptoo,2026-06-16 10:07:00,1200,Withdrawal,Branch
TXN1180,CUST014,David Gathoni,2026-06-16 10:08:00,15600,Deposit,Branch
TXN1185,CUST016,David Kariuki,2026-06-16 10:20:00,1800,Deposit,Agent
TXN1300,CUST075,Kevin Kiptoo,2026-06-16 10:20:00,5400,Deposit,Mobile
TXN1164,CUST005,Sarah Otieno,2026-06-16 10:23:00,34500,Deposit,Branch
TXN1221,CUST031,Susan Gathoni,2026-06-16 10:28:00,18300,Withdrawal,ATM
TXN1186,CUST016,David Kariuki,2026-06-16 10:32:00,27500,Withdrawal,Mobile
TXN1259,CUST054,Paul Chebet,2026-06-16 10:41:00,1200,Withdrawal,Agent
TXN1299,CUST074,Sarah Mwangi,2026-06-16 10:46:00,9800,Transfer,Agent
TXN1166,CUST005,Sarah Otieno,2026-06-16 10:51:00,12000,Withdrawal,ATM
TXN1273,CUST061,Ann Chebet,2026-06-16 10:52:00,34500,Transfer,Mobile
TXN1170,CUST008,Josephine Onyango,2026-06-16 11:00:00,1800,Withdrawal,Branch
TXN1209,CUST026,Rebecca Njoki,2026-06-16 11:08:00,1200,Deposit,Agent
TXN1236,CUST041,Victor Mwangi,2026-06-16 11:24:00,11200,Transfer,Branch
TXN1292,CUST071,James Hassan,2026-06-16 11:27:00,34500,Transfer,Branch
TXN1182,CUST015,Sarah Chebet,2026-06-16 11:36:00,750,Deposit,Agent
TXN1218,CUST030,Josephine Nyambura,2026-06-16 11:37:00,6700,Deposit,ATM
TXN1262,CUST055,Dennis Wanjiru,2026-06-16 11:41:00,5400,Withdrawal,Mobile
TXN1199,CUST022,Rebecca Mwangi,2026-06-16 11:42:00,8900,Deposit,Mobile
TXN1200,CUST022,Rebecca Mwangi,2026-06-16 11:47:00,41000,Deposit,ATM
TXN1191,CUST019,Victor Hassan,2026-06-16 11:49:00,500,Withdrawal,Agent
TXN1263,CUST056,Susan Odhiambo,2026-06-16 11:57:00,6700,Transfer,Branch
TXN1290,CUST070,Samuel Njoki,2026-06-16 12:06:00,12000,Deposit,Mobile
TXN1214,CUST029,Rose Wafula,2026-06-16 12:07:00,3400,Withdrawal,Branch
TXN1278,CUST063,Peter Mwangi,2026-06-16 12:16:00,8900,Withdrawal,Agent
TXN1243,CUST048,Rose Gathoni,2026-06-16 12:19:00,2300,Transfer,Agent
TXN1277,CUST063,Peter Mwangi,2026-06-16 12:21:00,15600,Deposit,Mobile
TXN1165,CUST005,Sarah Otieno,2026-06-16 12:23:00,22000,Withdrawal,ATM
TXN1169,CUST007,Grace Njoki,2026-06-16 12:39:00,1200,Deposit,Agent
TXN1237,CUST042,Faith Hassan,2026-06-16 12:48:00,1800,Deposit,Branch
TXN1229,CUST036,Diana Omondi,2026-06-16 12:57:00,750,Deposit,Branch
TXN1284,CUST066,Mercy Onyango,2026-06-16 13:00:00,27500,Withdrawal,Agent
TXN1201,CUST022,Rebecca Mwangi,2026-06-16 13:01:00,11200,Transfer,Branch
TXN1222,CUST031,Susan Gathoni,2026-06-16 13:06:00,1800,Withdrawal,Agent
TXN1233,CUST040,John Omondi,2026-06-16 13:10:00,750,Withdrawal,Mobile
TXN1252,CUST050,Peter Wambui,2026-06-16 13:11:00,6700,Withdrawal,Mobile
TXN1254,CUST051,Daniel Njoki,2026-06-16 13:12:00,27500,Transfer,ATM
TXN1163,CUST003,Fatuma Wafula,2026-06-16 13:22:00,8900,Deposit,Mobile
TXN1223,CUST031,Susan Gathoni,2026-06-16 13:23:00,1800,Deposit,Mobile
TXN1268,CUST060,Paul Hassan,2026-06-16 13:39:00,41000,Withdrawal,Branch
TXN1225,CUST035,Peter Gathoni,2026-06-16 13:41:00,3400,Withdrawal,Mobile
TXN1176,CUST010,Peter Wafula,2026-06-16 13:48:00,4200,Withdrawal,ATM
TXN1248,CUST049,Susan Njoki,2026-06-16 13:51:00,750,Withdrawal,Mobile
TXN1257,CUST052,David Kiptoo,2026-06-16 13:54:00,15600,Transfer,ATM
TXN1293,CUST071,James Hassan,2026-06-16 13:56:00,6700,Deposit,Branch
TXN1306,CUST079,Anthony Nyambura,2026-06-16 14:01:00,3400,Deposit,ATM
TXN1304,CUST079,Anthony Nyambura,2026-06-16 14:02:00,500,Deposit,ATM
TXN1276,CUST062,Beatrice Njeri,2026-06-16 14:06:00,3400,Withdrawal,Branch
TXN1285,CUST069,Moses Kariuki,2026-06-16 14:06:00,22000,Transfer,Branch
TXN1161,CUST002,Beatrice Otieno,2026-06-16 14:10:00,2300,Withdrawal,Mobile
TXN1288,CUST070,Samuel Njoki,2026-06-16 14:10:00,2300,Transfer,Mobile
TXN1227,CUST035,Peter Gathoni,2026-06-16 14:18:00,4200,Transfer,Branch
TXN1217,CUST030,Josephine Nyambura,2026-06-16 14:35:00,8900,Transfer,ATM
TXN1286,CUST069,Moses Kariuki,2026-06-16 14:37:00,11200,Transfer,Agent
TXN1289,CUST070,Samuel Njoki,2026-06-16 14:50:00,34500,Withdrawal,Agent
TXN1266,CUST058,John Njeri,2026-06-16 14:53:00,27500,Transfer,Mobile
TXN1188,CUST016,David Kariuki,2026-06-16 14:56:00,6700,Deposit,Agent
TXN1295,CUST072,Joyce Kariuki,2026-06-16 15:09:00,18300,Transfer,Agent
TXN1298,CUST073,Amina Njeri,2026-06-16 15:12:00,750,Deposit,Branch
TXN1244,CUST048,Rose Gathoni,2026-06-16 15:14:00,15600,Transfer,Agent
TXN1196,CUST021,Anthony Kiptoo,2026-06-16 15:30:00,1800,Deposit,Mobile
TXN1177,CUST013,Joyce Gathoni,2026-06-16 15:34:00,9800,Withdrawal,ATM
TXN1235,CUST041,Victor Mwangi,2026-06-16 15:40:00,12000,Transfer,Agent
TXN1250,CUST050,Peter Wambui,2026-06-16 15:46:00,22000,Withdrawal,Branch
TXN1281,CUST065,Rebecca Wambui,2026-06-16 15:49:00,2300,Deposit,ATM
TXN1230,CUST037,Rose Nyambura,2026-06-16 15:58:00,22000,Withdrawal,Agent
TXN1245,CUST048,Rose Gathoni,2026-06-16 16:08:00,5400,Deposit,ATM
TXN1213,CUST028,Nancy Achieng,2026-06-16 16:13:00,1200,Deposit,Branch
TXN1297,CUST072,Joyce Kariuki,2026-06-16 16:14:00,3400,Deposit,ATM
TXN1174,CUST009,Fatuma Kariuki,2026-06-16 16:15:00,9800,Deposit,ATM
TXN1265,CUST058,John Njeri,2026-06-16 16:15:00,12000,Transfer,ATM
TXN1195,CUST020,Kennedy Kimani,2026-06-16 16:19:00,1800,Withdrawal,Mobile
TXN1231,CUST037,Rose Nyambura,2026-06-16 16:32:00,6700,Deposit,Agent
TXN1241,CUST044,Grace Njoki,2026-06-16 16:40:00,15600,Deposit,Agent
TXN1226,CUST035,Peter Gathoni,2026-06-16 16:46:00,2300,Withdrawal,Branch
TXN1280,CUST064,Eric Chebet,2026-06-16 16:47:00,500,Deposit,Mobile
TXN1294,CUST072,Joyce Kariuki,2026-06-16 16:48:00,1200,Deposit,Agent
TXN1212,CUST028,Nancy Achieng,2026-06-16 16:54:00,5400,Deposit,Branch
TXN1204,CUST023,Lucy Gathoni,2026-06-16 16:56:00,11200,Deposit,Branch
TXN1206,CUST026,Rebecca Njoki,2026-06-16 16:59:00,11200,Transfer,Branch
TXN1291,CUST071,James Hassan,2026-06-16 17:01:00,11200,Withdrawal,Agent
TXN1256,CUST052,David Kiptoo,2026-06-16 17:03:00,22000,Transfer,Mobile
TXN1301,CUST076,Amina Hassan,2026-06-16 17:06:00,5400,Deposit,Branch
TXN1198,CUST021,Anthony Kiptoo,2026-06-16 17:10:00,12000,Transfer,Agent
TXN1219,CUST030,Josephine Nyambura,2026-06-16 17:23:00,18300,Transfer,ATM
TXN1210,CUST028,Nancy Achieng,2026-06-16 17:24:00,1800,Transfer,Branch
TXN1187,CUST016,David Kariuki,2026-06-16 17:29:00,1200,Withdrawal,Mobile
TXN1261,CUST055,Dennis Wanjiru,2026-06-16 17:35:00,15600,Transfer,Agent
TXN1160,CUST002,Beatrice Otieno,2026-06-16 17:46:00,12000,Deposit,Agent
TXN1211,CUST028,Nancy Achieng,2026-06-16 17:50:00,6700,Transfer,ATM
TXN1249,CUST049,Susan Njoki,2026-06-16 17:52:00,34500,Deposit,ATM
TXN1216,CUST029,Rose Wafula,2026-06-16 17:53:00,9800,Withdrawal,ATM
TXN1234,CUST040,John Omondi,2026-06-16 17:54:00,11200,Deposit,Mobile
TXN1239,CUST043,Rose Onyango,2026-06-16 17:55:00,41000,Transfer,Agent
TXN1240,CUST043,Rose Onyango,2026-06-16 18:00:00,1200,Withdrawal,Branch
TXN1282,CUST065,Rebecca Wambui,2026-06-16 18:03:00,34500,Transfer,Branch
TXN1168,CUST007,Grace Njoki,2026-06-16 18:04:00,9800,Deposit,Agent
TXN1272,CUST061,Ann Chebet,2026-06-16 18:04:00,1200,Withdrawal,Agent
TXN1267,CUST060,Paul Hassan,2026-06-16 18:14:00,41000,Deposit,Branch
TXN1305,CUST079,Anthony Nyambura,2026-06-16 18:14:00,27500,Transfer,Agent
TXN1183,CUST015,Sarah Chebet,2026-06-16 18:16:00,5400,Deposit,Branch
TXN1202,CUST023,Lucy Gathoni,2026-06-16 18:25:00,5400,Withdrawal,ATM
TXN1283,CUST065,Rebecca Wambui,2026-06-16 18:55:00,1800,Transfer,Agent
TXN1264,CUST057,Ruth Kilonzo,2026-06-16 18:58:00,9800,Withdrawal,ATM
TXN1260,CUST054,Paul Chebet,2026-06-16 18:59:00,750,Transfer,Mobile
TXN1253,CUST050,Peter Wambui,2026-06-16 19:06:00,500,Transfer,Branch
TXN1302,CUST077,Victor Wafula,2026-06-16 19:19:00,8900,Deposit,Agent
TXN1197,CUST021,Anthony Kiptoo,2026-06-16 19:25:00,34500,Withdrawal,Mobile
TXN1279,CUST064,Eric Chebet,2026-06-16 19:38:00,27500,Deposit,Agent
TXN1175,CUST010,Peter Wafula,2026-06-16 19:50:00,1800,Transfer,Branch
TXN1194,CUST019,Victor Hassan,2026-06-16 20:00:00,9800,Deposit,Agent
TXN1172,CUST009,Fatuma Kariuki,2026-06-16 20:31:00,3400,Deposit,Branch
TXN1181,CUST015,Sarah Chebet,2026-06-16 20:49:00,2300,Deposit,Agent
TXN1361,CUST027,Anthony Otieno,2026-06-17 07:02:00,5400,Deposit,Mobile
TXN1408,CUST053,Anthony Muthoni,2026-06-17 07:02:00,34500,Deposit,ATM
TXN1333,CUST015,Sarah Chebet,2026-06-17 07:05:00,41000,Deposit,Branch
TXN1415,CUST057,Ruth Kilonzo,2026-06-17 07:06:00,3400,Deposit,Mobile
TXN1452,CUST076,Amina Hassan,2026-06-17 07:15:00,1800,Withdrawal,Branch
TXN1456,CUST080,Mercy Omondi,2026-06-17 07:17:00,2300,Deposit,ATM
TXN1376,CUST036,Diana Omondi,2026-06-17 07:23:00,3400,Transfer,Mobile
TXN1349,CUST023,Lucy Gathoni,2026-06-17 07:43:00,9800,Withdrawal,ATM
TXN1378,CUST037,Rose Nyambura,2026-06-17 07:45:00,1200,Withdrawal,Mobile
TXN1414,CUST057,Ruth Kilonzo,2026-06-17 07:53:00,1200,Deposit,ATM
TXN1434,CUST067,Rebecca Wambui,2026-06-17 07:53:00,8900,Withdrawal,Mobile
TXN1314,CUST006,Francis Achieng,2026-06-17 08:02:00,750,Transfer,Branch
TXN1430,CUST065,Rebecca Wambui,2026-06-17 08:09:00,27500,Withdrawal,Branch
TXN1455,CUST080,Mercy Omondi,2026-06-17 08:22:00,2300,Transfer,Branch
TXN1379,CUST039,Charles Njoki,2026-06-17 08:24:00,8900,Deposit,Branch
TXN1321,CUST010,Peter Wafula,2026-06-17 08:26:00,15600,Transfer,Agent
TXN1396,CUST046,George Nyambura,2026-06-17 08:34:00,11200,Withdrawal,Branch
TXN1410,CUST054,Paul Chebet,2026-06-17 08:45:00,1800,Deposit,Agent
TXN1413,CUST056,Susan Odhiambo,2026-06-17 09:02:00,750,Deposit,Mobile
TXN1453,CUST076,Amina Hassan,2026-06-17 09:06:00,8900,Deposit,Mobile
TXN1324,CUST011,Josephine Otieno,2026-06-17 09:08:00,1800,Transfer,Branch
TXN1367,CUST029,Rose Wafula,2026-06-17 09:26:00,1200,Deposit,Mobile
TXN1426,CUST064,Eric Chebet,2026-06-17 09:28:00,3400,Deposit,ATM
TXN1446,CUST073,Amina Njeri,2026-06-17 09:36:00,11200,Withdrawal,Branch
TXN1441,CUST071,James Hassan,2026-06-17 09:39:00,5400,Transfer,Agent
TXN1373,CUST031,Susan Gathoni,2026-06-17 09:40:00,500,Deposit,Mobile
TXN1315,CUST006,Francis Achieng,2026-06-17 09:45:00,5400,Transfer,Agent
TXN1337,CUST016,David Kariuki,2026-06-17 09:49:00,18300,Deposit,Branch
TXN1442,CUST071,James Hassan,2026-06-17 10:00:00,1800,Transfer,ATM
TXN1401,CUST047,Dennis Kilonzo,2026-06-17 10:02:00,22000,Deposit,Mobile
TXN1433,CUST066,Mercy Onyango,2026-06-17 10:06:00,12000,Deposit,ATM
TXN1407,CUST053,Anthony Muthoni,2026-06-17 10:11:00,12000,Withdrawal,Mobile
TXN1399,CUST046,George Nyambura,2026-06-17 10:12:00,1800,Withdrawal,Agent
TXN1416,CUST057,Ruth Kilonzo,2026-06-17 10:43:00,8900,Transfer,ATM
TXN1393,CUST045,Rebecca Gathoni,2026-06-17 10:50:00,6700,Deposit,Mobile
TXN1454,CUST079,Anthony Nyambura,2026-06-17 11:01:00,41000,Deposit,Branch
TXN1385,CUST041,Victor Mwangi,2026-06-17 11:03:00,9800,Transfer,Mobile
TXN1322,CUST011,Josephine Otieno,2026-06-17 11:06:00,6700,Deposit,ATM
TXN1320,CUST010,Peter Wafula,2026-06-17 11:24:00,12000,Withdrawal,Mobile
TXN1418,CUST058,John Njeri,2026-06-17 11:24:00,2300,Deposit,ATM
TXN1342,CUST018,Mercy Kiptoo,2026-06-17 11:26:00,6700,Withdrawal,ATM
TXN1389,CUST043,Rose Onyango,2026-06-17 11:27:00,4200,Transfer,Mobile
TXN1429,CUST064,Eric Chebet,2026-06-17 11:31:00,2300,Deposit,ATM
TXN1395,CUST045,Rebecca Gathoni,2026-06-17 11:37:00,500,Deposit,ATM
TXN1388,CUST043,Rose Onyango,2026-06-17 11:44:00,500,Deposit,Agent
TXN1328,CUST013,Joyce Gathoni,2026-06-17 11:45:00,12000,Transfer,Agent
TXN1390,CUST043,Rose Onyango,2026-06-17 11:53:00,3400,Transfer,Branch
TXN1444,CUST072,Joyce Kariuki,2026-06-17 11:53:00,22000,Withdrawal,Mobile
TXN1311,CUST004,Lucy Odhiambo,2026-06-17 11:54:00,15600,Deposit,ATM
TXN1450,CUST075,Kevin Kiptoo,2026-06-17 11:55:00,2300,Transfer,ATM
TXN1423,CUST063,Peter Mwangi,2026-06-17 12:20:00,6700,Deposit,Mobile
TXN1381,CUST039,Charles Njoki,2026-06-17 12:23:00,41000,Transfer,ATM
TXN1354,CUST024,Anthony Achieng,2026-06-17 12:27:00,750,Transfer,Mobile
TXN1437,CUST068,Victor Odhiambo,2026-06-17 12:27:00,1200,Deposit,Branch
TXN1331,CUST014,David Gathoni,2026-06-17 12:30:00,22000,Deposit,Mobile
TXN1392,CUST044,Grace Njoki,2026-06-17 12:34:00,1800,Transfer,ATM
TXN1326,CUST012,Anthony Kimani,2026-06-17 12:42:00,15600,Deposit,Agent
TXN1366,CUST028,Nancy Achieng,2026-06-17 12:55:00,3400,Deposit,Agent
TXN1419,CUST058,John Njeri,2026-06-17 13:10:00,18300,Withdrawal,Branch
TXN1310,CUST004,Lucy Odhiambo,2026-06-17 13:15:00,12000,Transfer,Branch
TXN1427,CUST064,Eric Chebet,2026-06-17 13:15:00,3400,Withdrawal,Agent
TXN1309,CUST004,Lucy Odhiambo,2026-06-17 13:20:00,750,Transfer,Mobile
TXN1356,CUST024,Anthony Achieng,2026-06-17 13:21:00,27500,Deposit,Agent
TXN1387,CUST042,Faith Hassan,2026-06-17 13:24:00,12000,Transfer,Branch
TXN1319,CUST008,Josephine Onyango,2026-06-17 13:32:00,2300,Transfer,Agent
TXN1368,CUST029,Rose Wafula,2026-06-17 13:36:00,41000,Withdrawal,ATM
TXN1397,CUST046,George Nyambura,2026-06-17 13:37:00,27500,Deposit,Agent
TXN1329,CUST013,Joyce Gathoni,2026-06-17 13:43:00,4200,Deposit,Mobile
TXN1318,CUST008,Josephine Onyango,2026-06-17 13:47:00,18300,Withdrawal,Branch
TXN1338,CUST017,Grace Wafula,2026-06-17 13:50:00,34500,Withdrawal,Mobile
TXN1445,CUST072,Joyce Kariuki,2026-06-17 13:58:00,22000,Withdrawal,Agent
TXN1436,CUST068,Victor Odhiambo,2026-06-17 14:00:00,27500,Deposit,Branch
TXN1370,CUST030,Josephine Nyambura,2026-06-17 14:04:00,500,Transfer,ATM
TXN1398,CUST046,George Nyambura,2026-06-17 14:32:00,41000,Withdrawal,Branch
TXN1316,CUST008,Josephine Onyango,2026-06-17 14:34:00,5400,Transfer,ATM
TXN1325,CUST011,Josephine Otieno,2026-06-17 14:41:00,34500,Transfer,Branch
TXN1382,CUST039,Charles Njoki,2026-06-17 14:43:00,4200,Withdrawal,Mobile
TXN1350,CUST023,Lucy Gathoni,2026-06-17 14:48:00,3400,Withdrawal,Branch
TXN1412,CUST055,Dennis Wanjiru,2026-06-17 14:54:00,4200,Deposit,Branch
TXN1317,CUST008,Josephine Onyango,2026-06-17 15:01:00,11200,Transfer,Agent
TXN1451,CUST076,Amina Hassan,2026-06-17 15:01:00,27500,Transfer,Branch
TXN1369,CUST030,Josephine Nyambura,2026-06-17 15:02:00,2300,Deposit,ATM
TXN1343,CUST019,Victor Hassan,2026-06-17 15:03:00,22000,Deposit,Branch
TXN1448,CUST074,Sarah Mwangi,2026-06-17 15:04:00,2300,Deposit,Branch
TXN1372,CUST030,Josephine Nyambura,2026-06-17 15:06:00,1800,Transfer,ATM
TXN1323,CUST011,Josephine Otieno,2026-06-17 15:14:00,12000,Deposit,Branch
TXN1431,CUST065,Rebecca Wambui,2026-06-17 15:30:00,8900,Withdrawal,Agent
TXN1345,CUST019,Victor Hassan,2026-06-17 15:38:00,500,Withdrawal,Agent
TXN1353,CUST024,Anthony Achieng,2026-06-17 15:49:00,5400,Deposit,ATM
TXN1334,CUST015,Sarah Chebet,2026-06-17 15:53:00,11200,Transfer,Mobile
TXN1403,CUST048,Rose Gathoni,2026-06-17 16:01:00,11200,Deposit,Mobile
TXN1360,CUST027,Anthony Otieno,2026-06-17 16:03:00,12000,Deposit,Mobile
TXN1336,CUST016,David Kariuki,2026-06-17 16:06:00,41000,Withdrawal,Branch
TXN1363,CUST027,Anthony Otieno,2026-06-17 16:09:00,1800,Withdrawal,Mobile
TXN1438,CUST069,Moses Kariuki,2026-06-17 16:11:00,3400,Withdrawal,Branch
TXN1411,CUST054,Paul Chebet,2026-06-17 16:14:00,1800,Transfer,ATM
TXN1457,CUST080,Mercy Omondi,2026-06-17 16:32:00,750,Withdrawal,Mobile
TXN1400,CUST047,Dennis Kilonzo,2026-06-17 16:36:00,11200,Deposit,Branch
TXN1371,CUST030,Josephine Nyambura,2026-06-17 16:37:00,3400,Deposit,ATM
TXN1447,CUST074,Sarah Mwangi,2026-06-17 16:38:00,500,Deposit,ATM
TXN1428,CUST064,Eric Chebet,2026-06-17 16:53:00,8900,Deposit,Branch
TXN1335,CUST015,Sarah Chebet,2026-06-17 17:00:00,5400,Withdrawal,Agent
TXN1348,CUST020,Kennedy Kimani,2026-06-17 17:04:00,4200,Transfer,Agent
TXN1327,CUST013,Joyce Gathoni,2026-06-17 17:08:00,22000,Deposit,Branch
TXN1383,CUST040,John Omondi,2026-06-17 17:10:00,15600,Deposit,ATM
TXN1313,CUST006,Francis Achieng,2026-06-17 17:20:00,500,Deposit,ATM
TXN1424,CUST063,Peter Mwangi,2026-06-17 17:23:00,3400,Deposit,Branch
TXN1394,CUST045,Rebecca Gathoni,2026-06-17 17:25:00,18300,Transfer,Branch
TXN1402,CUST048,Rose Gathoni,2026-06-17 17:29:00,1800,Withdrawal,Agent
TXN1357,CUST025,Caroline Kimani,2026-06-17 17:31:00,2300,Deposit,Branch
TXN1377,CUST037,Rose Nyambura,2026-06-17 17:35:00,22000,Deposit,Agent
TXN1308,CUST002,Beatrice Otieno,2026-06-17 17:46:00,41000,Withdrawal,Branch
TXN1364,CUST028,Nancy Achieng,2026-06-17 17:48:00,4200,Withdrawal,Branch
TXN1341,CUST018,Mercy Kiptoo,2026-06-17 17:56:00,2300,Transfer,Mobile
TXN1332,CUST014,David Gathoni,2026-06-17 17:57:00,11200,Withdrawal,Agent
TXN1425,CUST063,Peter Mwangi,2026-06-17 18:03:00,4200,Transfer,ATM
TXN1422,CUST060,Paul Hassan,2026-06-17 18:08:00,18300,Withdrawal,ATM
TXN1439,CUST069,Moses Kariuki,2026-06-17 18:11:00,5400,Transfer,Mobile
TXN1340,CUST018,Mercy Kiptoo,2026-06-17 18:13:00,27500,Withdrawal,ATM
TXN1358,CUST026,Rebecca Njoki,2026-06-17 18:19:00,3400,Transfer,Mobile
TXN1351,CUST023,Lucy Gathoni,2026-06-17 18:26:00,3400,Deposit,Mobile
TXN1344,CUST019,Victor Hassan,2026-06-17 18:31:00,6700,Deposit,Branch
TXN1440,CUST071,James Hassan,2026-06-17 18:31:00,750,Withdrawal,Branch
TXN1346,CUST020,Kennedy Kimani,2026-06-17 18:36:00,22000,Transfer,Agent
TXN1375,CUST036,Diana Omondi,2026-06-17 18:36:00,6700,Deposit,Branch
TXN1420,CUST060,Paul Hassan,2026-06-17 18:58:00,5400,Withdrawal,Branch
TXN1359,CUST026,Rebecca Njoki,2026-06-17 19:02:00,12000,Transfer,ATM
TXN1432,CUST065,Rebecca Wambui,2026-06-17 19:12:00,11200,Deposit,Agent
TXN1405,CUST052,David Kiptoo,2026-06-17 19:17:00,15600,Withdrawal,ATM
TXN1362,CUST027,Anthony Otieno,2026-06-17 19:32:00,34500,Transfer,ATM
TXN1435,CUST068,Victor Odhiambo,2026-06-17 19:32:00,9800,Transfer,Branch
TXN1406,CUST052,David Kiptoo,2026-06-17 19:37:00,3400,Deposit,Mobile
TXN1339,CUST018,Mercy Kiptoo,2026-06-17 19:40:00,8900,Withdrawal,ATM
TXN1417,CUST057,Ruth Kilonzo,2026-06-17 19:41:00,2300,Deposit,Agent
TXN1449,CUST075,Kevin Kiptoo,2026-06-17 19:45:00,12000,Transfer,Mobile
TXN1330,CUST013,Joyce Gathoni,2026-06-17 19:46:00,750,Deposit,Branch
TXN1384,CUST040,John Omondi,2026-06-17 19:50:00,18300,Deposit,Agent
TXN1365,CUST028,Nancy Achieng,2026-06-17 20:02:00,15600,Withdrawal,Mobile
TXN1374,CUST035,Peter Gathoni,2026-06-17 20:07:00,3400,Deposit,Mobile
TXN1386,CUST041,Victor Mwangi,2026-06-17 20:09:00,8900,Transfer,ATM
TXN1421,CUST060,Paul Hassan,2026-06-17 20:14:00,1800,Transfer,Agent
TXN1355,CUST024,Anthony Achieng,2026-06-17 20:18:00,8900,Deposit,ATM
TXN1312,CUST006,Francis Achieng,2026-06-17 20:26:00,27500,Transfer,Branch
TXN1307,CUST001,George Hassan,2026-06-17 20:27:00,41000,Transfer,ATM
TXN1347,CUST020,Kennedy Kimani,2026-06-17 20:29:00,11200,Deposit,ATM
TXN1352,CUST023,Lucy Gathoni,2026-06-17 20:42:00,11200,Deposit,ATM
TXN1443,CUST071,James Hassan,2026-06-17 20:46:00,1200,Transfer,Agent
TXN1391,CUST044,Grace Njoki,2026-06-17 20:51:00,34500,Transfer,ATM
TXN1380,CUST039,Charles Njoki,2026-06-17 20:53:00,22000,Transfer,Mobile
TXN1404,CUST051,Daniel Njoki,2026-06-17 20:55:00,41000,Deposit,Branch
TXN1409,CUST054,Paul Chebet,2026-06-17 20:58:00,1800,Transfer,ATM
TXN1628,CUST077,Victor Wafula,2026-06-18 07:00:00,5400,Deposit,Agent
TXN1605,CUST065,Rebecca Wambui,2026-06-18 07:02:00,27500,Deposit,Branch
TXN1585,CUST054,Paul Chebet,2026-06-18 07:03:00,750,Deposit,Branch
TXN1522,CUST026,Rebecca Njoki,2026-06-18 07:06:00,1800,Withdrawal,ATM
TXN5686,CUST003,Fatuma Wafula,2026-06-18 07:07:00,50000,Withdrawal,ATM
TXN1552,CUST039,Charles Njoki,2026-06-18 07:24:00,1800,Transfer,Branch
TXN1627,CUST077,Victor Wafula,2026-06-18 07:25:00,6700,Withdrawal,Agent
TXN1562,CUST045,Rebecca Gathoni,2026-06-18 07:38:00,4200,Deposit,Branch
TXN1551,CUST039,Charles Njoki,2026-06-18 07:42:00,41000,Withdrawal,Agent
TXN1573,CUST049,Susan Njoki,2026-06-18 07:43:00,5400,Deposit,Branch
TXN1462,CUST003,Fatuma Wafula,2026-06-18 07:49:00,11200,Deposit,ATM
TXN1498,CUST017,Grace Wafula,2026-06-18 07:50:00,22000,Deposit,ATM
TXN1516,CUST024,Anthony Achieng,2026-06-18 07:50:00,500,Deposit,Mobile
TXN1634,CUST079,Anthony Nyambura,2026-06-18 07:52:00,11200,Withdrawal,Agent
TXN1536,CUST033,Diana Kariuki,2026-06-18 07:56:00,8900,Deposit,Agent
TXN1588,CUST057,Ruth Kilonzo,2026-06-18 08:02:00,500,Deposit,ATM
TXN1535,CUST032,Susan Odhiambo,2026-06-18 08:11:00,4200,Deposit,ATM
TXN1507,CUST021,Anthony Kiptoo,2026-06-18 08:26:00,11200,Transfer,ATM
TXN1550,CUST039,Charles Njoki,2026-06-18 08:34:00,750,Transfer,ATM
TXN1590,CUST057,Ruth Kilonzo,2026-06-18 08:41:00,22000,Deposit,ATM
TXN1592,CUST058,John Njeri,2026-06-18 08:41:00,8900,Transfer,Agent
TXN1606,CUST066,Mercy Onyango,2026-06-18 08:42:00,1200,Transfer,ATM
TXN1555,CUST042,Faith Hassan,2026-06-18 08:45:00,8900,Withdrawal,Branch
TXN1629,CUST077,Victor Wafula,2026-06-18 08:45:00,3400,Deposit,Mobile
TXN1589,CUST057,Ruth Kilonzo,2026-06-18 08:47:00,9800,Transfer,Agent
TXN1567,CUST046,George Nyambura,2026-06-18 08:53:00,8900,Withdrawal,Mobile
TXN1558,CUST043,Rose Onyango,2026-06-18 09:01:00,11200,Transfer,Agent
TXN1514,CUST024,Anthony Achieng,2026-06-18 09:03:00,41000,Transfer,Mobile
TXN1578,CUST050,Peter Wambui,2026-06-18 09:08:00,22000,Transfer,ATM
TXN1521,CUST026,Rebecca Njoki,2026-06-18 09:10:00,27500,Transfer,Mobile
TXN1510,CUST022,Rebecca Mwangi,2026-06-18 09:23:00,9800,Deposit,Mobile
TXN1631,CUST078,Caroline Kilonzo,2026-06-18 09:23:00,9800,Transfer,Mobile
TXN1458,CUST002,Beatrice Otieno,2026-06-18 09:34:00,41000,Withdrawal,Branch
TXN1575,CUST049,Susan Njoki,2026-06-18 09:34:00,4200,Transfer,Branch
TXN1459,CUST002,Beatrice Otieno,2026-06-18 09:42:00,41000,Deposit,ATM
TXN1602,CUST064,Eric Chebet,2026-06-18 09:44:00,6700,Withdrawal,Branch
TXN1460,CUST002,Beatrice Otieno,2026-06-18 09:52:00,500,Transfer,ATM
TXN1618,CUST071,James Hassan,2026-06-18 09:56:00,5400,Transfer,Mobile
TXN5687,CUST003,Fatuma Wafula,2026-06-18 10:07:00,50000,Withdrawal,Agent
TXN1469,CUST005,Sarah Otieno,2026-06-18 10:08:00,15600,Deposit,ATM
TXN1529,CUST031,Susan Gathoni,2026-06-18 10:15:00,6700,Withdrawal,Branch
TXN1539,CUST036,Diana Omondi,2026-06-18 10:24:00,5400,Deposit,Agent
TXN1527,CUST029,Rose Wafula,2026-06-18 10:28:00,12000,Withdrawal,Mobile
TXN1609,CUST068,Victor Odhiambo,2026-06-18 10:30:00,1800,Transfer,Agent
TXN1479,CUST011,Josephine Otieno,2026-06-18 10:35:00,11200,Deposit,Agent
TXN1568,CUST046,George Nyambura,2026-06-18 10:43:00,2300,Withdrawal,Agent
TXN1591,CUST057,Ruth Kilonzo,2026-06-18 10:50:00,34500,Deposit,Mobile
TXN1463,CUST003,Fatuma Wafula,2026-06-18 10:53:00,9800,Transfer,ATM
TXN1466,CUST004,Lucy Odhiambo,2026-06-18 10:55:00,15600,Transfer,Mobile
TXN1556,CUST042,Faith Hassan,2026-06-18 11:08:00,12000,Deposit,Agent
TXN1499,CUST017,Grace Wafula,2026-06-18 11:11:00,34500,Deposit,Branch
TXN1477,CUST010,Peter Wafula,2026-06-18 11:15:00,1800,Transfer,Agent
TXN1473,CUST009,Fatuma Kariuki,2026-06-18 11:22:00,4200,Withdrawal,Mobile
TXN1636,CUST079,Anthony Nyambura,2026-06-18 11:22:00,5400,Transfer,ATM
TXN1534,CUST032,Susan Odhiambo,2026-06-18 11:25:00,22000,Withdrawal,Branch
TXN1546,CUST037,Rose Nyambura,2026-06-18 11:30:00,27500,Withdrawal,Branch
TXN1571,CUST048,Rose Gathoni,2026-06-18 11:33:00,1800,Deposit,ATM
TXN1601,CUST064,Eric Chebet,2026-06-18 11:38:00,41000,Transfer,Mobile
TXN1496,CUST016,David Kariuki,2026-06-18 11:46:00,11200,Deposit,Agent
TXN1484,CUST013,Joyce Gathoni,2026-06-18 11:56:00,5400,Deposit,Mobile
TXN1470,CUST009,Fatuma Kariuki,2026-06-18 11:58:00,750,Transfer,Mobile
TXN1561,CUST044,Grace Njoki,2026-06-18 11:58:00,6700,Transfer,Mobile
TXN1607,CUST066,Mercy Onyango,2026-06-18 12:04:00,18300,Withdrawal,Branch
TXN1467,CUST004,Lucy Odhiambo,2026-06-18 12:06:00,27500,Withdrawal,Mobile
TXN1502,CUST018,Mercy Kiptoo,2026-06-18 12:13:00,15600,Withdrawal,Mobile
TXN1545,CUST037,Rose Nyambura,2026-06-18 12:13:00,12000,Deposit,Branch
TXN1481,CUST012,Anthony Kimani,2026-06-18 12:14:00,5400,Transfer,ATM
TXN1597,CUST061,Ann Chebet,2026-06-18 12:14:00,11200,Withdrawal,Agent
TXN1540,CUST036,Diana Omondi,2026-06-18 12:15:00,15600,Withdrawal,Agent
TXN1577,CUST050,Peter Wambui,2026-06-18 12:26:00,1800,Withdrawal,Agent
TXN1465,CUST004,Lucy Odhiambo,2026-06-18 12:33:00,3400,Transfer,Agent
TXN1483,CUST013,Joyce Gathoni,2026-06-18 12:35:00,9800,Deposit,Agent
TXN1515,CUST024,Anthony Achieng,2026-06-18 12:36:00,1200,Transfer,ATM
TXN1554,CUST042,Faith Hassan,2026-06-18 12:51:00,27500,Deposit,Branch
TXN1482,CUST013,Joyce Gathoni,2026-06-18 13:00:00,11200,Withdrawal,Branch
TXN1559,CUST043,Rose Onyango,2026-06-18 13:01:00,18300,Withdrawal,ATM
TXN1468,CUST005,Sarah Otieno,2026-06-18 13:12:00,27500,Transfer,Mobile
TXN5688,CUST003,Fatuma Wafula,2026-06-18 13:13:00,50000,Withdrawal,ATM
TXN1472,CUST009,Fatuma Kariuki,2026-06-18 13:15:00,1200,Deposit,Mobile
TXN1608,CUST067,Rebecca Wambui,2026-06-18 13:18:00,500,Deposit,Agent
TXN1509,CUST022,Rebecca Mwangi,2026-06-18 13:28:00,41000,Deposit,Mobile
TXN1528,CUST030,Josephine Nyambura,2026-06-18 13:37:00,1200,Deposit,Mobile
TXN1611,CUST068,Victor Odhiambo,2026-06-18 13:38:00,1800,Withdrawal,Agent
TXN1517,CUST025,Caroline Kimani,2026-06-18 13:53:00,2300,Transfer,Mobile
TXN1495,CUST016,David Kariuki,2026-06-18 13:54:00,18300,Transfer,ATM
TXN1557,CUST042,Faith Hassan,2026-06-18 13:54:00,18300,Transfer,Branch
TXN1492,CUST015,Sarah Chebet,2026-06-18 13:55:00,2300,Withdrawal,ATM
TXN1506,CUST021,Anthony Kiptoo,2026-06-18 14:00:00,1800,Transfer,Branch
TXN1586,CUST056,Susan Odhiambo,2026-06-18 14:07:00,4200,Deposit,ATM
TXN1604,CUST065,Rebecca Wambui,2026-06-18 14:12:00,5400,Transfer,Agent
TXN1505,CUST021,Anthony Kiptoo,2026-06-18 14:22:00,1200,Transfer,Agent
TXN1600,CUST064,Eric Chebet,2026-06-18 14:27:00,22000,Transfer,Branch
TXN1587,CUST056,Susan Odhiambo,2026-06-18 14:36:00,11200,Deposit,Branch
TXN1613,CUST069,Moses Kariuki,2026-06-18 14:42:00,3400,Deposit,Agent
TXN1565,CUST046,George Nyambura,2026-06-18 14:45:00,27500,Deposit,ATM
TXN1574,CUST049,Susan Njoki,2026-06-18 14:48:00,5400,Withdrawal,Agent
TXN1544,CUST037,Rose Nyambura,2026-06-18 14:53:00,6700,Withdrawal,Agent
TXN1572,CUST048,Rose Gathoni,2026-06-18 14:59:00,9800,Transfer,ATM
TXN1476,CUST010,Peter Wafula,2026-06-18 15:08:00,8900,Deposit,Agent
TXN1488,CUST014,David Gathoni,2026-06-18 15:14:00,3400,Deposit,Agent
TXN1576,CUST049,Susan Njoki,2026-06-18 15:16:00,6700,Withdrawal,Branch
TXN1513,CUST023,Lucy Gathoni,2026-06-18 15:18:00,27500,Withdrawal,Branch
TXN1564,CUST045,Rebecca Gathoni,2026-06-18 15:19:00,4200,Transfer,Branch
TXN1635,CUST079,Anthony Nyambura,2026-06-18 15:20:00,2300,Withdrawal,Branch
TXN1487,CUST014,David Gathoni,2026-06-18 15:24:00,18300,Deposit,Mobile
TXN1582,CUST053,Anthony Muthoni,2026-06-18 15:27:00,4200,Transfer,Branch
TXN1610,CUST068,Victor Odhiambo,2026-06-18 15:29:00,15600,Transfer,Branch
TXN1621,CUST074,Sarah Mwangi,2026-06-18 15:29:00,6700,Transfer,Mobile
TXN1497,CUST017,Grace Wafula,2026-06-18 15:35:00,12000,Transfer,Agent
TXN1616,CUST070,Samuel Njoki,2026-06-18 15:37:00,15600,Deposit,Branch
TXN1504,CUST020,Kennedy Kimani,2026-06-18 15:39:00,15600,Transfer,ATM
TXN1620,CUST073,Amina Njeri,2026-06-18 15:42:00,750,Transfer,ATM
TXN1537,CUST035,Peter Gathoni,2026-06-18 15:55:00,12000,Deposit,ATM
TXN1614,CUST069,Moses Kariuki,2026-06-18 15:56:00,500,Withdrawal,Branch
TXN1474,CUST010,Peter Wafula,2026-06-18 15:57:00,750,Withdrawal,ATM
TXN5689,CUST003,Fatuma Wafula,2026-06-18 16:01:00,50000,Withdrawal,Agent
TXN1471,CUST009,Fatuma Kariuki,2026-06-18 16:06:00,750,Withdrawal,Mobile
TXN1494,CUST016,David Kariuki,2026-06-18 16:09:00,15600,Deposit,Mobile
TXN1508,CUST022,Rebecca Mwangi,2026-06-18 16:09:00,5400,Deposit,ATM
TXN1520,CUST026,Rebecca Njoki,2026-06-18 16:12:00,15600,Transfer,Mobile
TXN1581,CUST053,Anthony Muthoni,2026-06-18 16:15:00,9800,Transfer,Mobile
TXN1532,CUST031,Susan Gathoni,2026-06-18 16:16:00,22000,Withdrawal,Branch
TXN1519,CUST026,Rebecca Njoki,2026-06-18 16:17:00,34500,Transfer,Branch
TXN1548,CUST038,Eric Kiptoo,2026-06-18 16:23:00,34500,Withdrawal,ATM
TXN1500,CUST018,Mercy Kiptoo,2026-06-18 16:24:00,41000,Withdrawal,Mobile
TXN1523,CUST027,Anthony Otieno,2026-06-18 16:27:00,1200,Transfer,Mobile
TXN1617,CUST070,Samuel Njoki,2026-06-18 16:28:00,12000,Deposit,Mobile
TXN1583,CUST053,Anthony Muthoni,2026-06-18 16:29:00,12000,Withdrawal,Mobile
TXN1480,CUST011,Josephine Otieno,2026-06-18 16:30:00,22000,Deposit,Mobile
TXN1626,CUST076,Amina Hassan,2026-06-18 16:30:00,1800,Withdrawal,Agent
TXN1549,CUST038,Eric Kiptoo,2026-06-18 16:32:00,5400,Withdrawal,Mobile
TXN1475,CUST010,Peter Wafula,2026-06-18 16:34:00,3400,Deposit,Mobile
TXN1622,CUST075,Kevin Kiptoo,2026-06-18 16:36:00,1800,Deposit,Mobile
TXN1612,CUST068,Victor Odhiambo,2026-06-18 16:42:00,8900,Transfer,ATM
TXN1478,CUST011,Josephine Otieno,2026-06-18 16:44:00,41000,Withdrawal,ATM
TXN1461,CUST003,Fatuma Wafula,2026-06-18 16:53:00,27500,Withdrawal,ATM
TXN1490,CUST015,Sarah Chebet,2026-06-18 16:54:00,750,Transfer,Mobile
TXN1530,CUST031,Susan Gathoni,2026-06-18 16:54:00,4200,Deposit,Mobile
TXN1630,CUST077,Victor Wafula,2026-06-18 16:55:00,5400,Transfer,Mobile
TXN1503,CUST020,Kennedy Kimani,2026-06-18 16:57:00,22000,Deposit,Agent
TXN1518,CUST025,Caroline Kimani,2026-06-18 17:01:00,5400,Withdrawal,ATM
TXN1541,CUST036,Diana Omondi,2026-06-18 17:01:00,9800,Withdrawal,Branch
TXN1538,CUST035,Peter Gathoni,2026-06-18 17:04:00,2300,Deposit,Agent
TXN1526,CUST029,Rose Wafula,2026-06-18 17:06:00,41000,Withdrawal,Agent
TXN1560,CUST044,Grace Njoki,2026-06-18 17:06:00,4200,Deposit,Mobile
TXN1547,CUST038,Eric Kiptoo,2026-06-18 17:08:00,750,Transfer,ATM
TXN1593,CUST058,John Njeri,2026-06-18 17:15:00,1800,Withdrawal,Mobile
TXN1489,CUST014,David Gathoni,2026-06-18 17:22:00,3400,Transfer,Branch
TXN1580,CUST052,David Kiptoo,2026-06-18 17:22:00,8900,Withdrawal,Branch
TXN1603,CUST065,Rebecca Wambui,2026-06-18 17:25:00,1800,Withdrawal,ATM
TXN1595,CUST060,Paul Hassan,2026-06-18 17:33:00,4200,Withdrawal,Agent
TXN1566,CUST046,George Nyambura,2026-06-18 17:43:00,41000,Deposit,Mobile
TXN1533,CUST032,Susan Odhiambo,2026-06-18 17:45:00,41000,Withdrawal,ATM
TXN1624,CUST075,Kevin Kiptoo,2026-06-18 17:46:00,27500,Withdrawal,ATM
TXN1524,CUST027,Anthony Otieno,2026-06-18 17:49:00,41000,Deposit,Branch
TXN1615,CUST070,Samuel Njoki,2026-06-18 18:05:00,3400,Transfer,Agent
TXN1542,CUST036,Diana Omondi,2026-06-18 18:08:00,1800,Withdrawal,Agent
TXN1525,CUST027,Anthony Otieno,2026-06-18 18:15:00,11200,Deposit,Branch
TXN1579,CUST051,Daniel Njoki,2026-06-18 18:15:00,500,Transfer,ATM
TXN1584,CUST053,Anthony Muthoni,2026-06-18 18:18:00,500,Deposit,ATM
TXN1512,CUST023,Lucy Gathoni,2026-06-18 18:21:00,27500,Deposit,Branch
TXN1633,CUST079,Anthony Nyambura,2026-06-18 18:33:00,11200,Transfer,ATM
TXN1596,CUST060,Paul Hassan,2026-06-18 18:39:00,9800,Deposit,Branch
TXN1570,CUST048,Rose Gathoni,2026-06-18 18:47:00,12000,Transfer,Branch
TXN1491,CUST015,Sarah Chebet,2026-06-18 18:54:00,22000,Deposit,Branch
TXN1485,CUST013,Joyce Gathoni,2026-06-18 19:01:00,4200,Transfer,Mobile
TXN5690,CUST003,Fatuma Wafula,2026-06-18 19:04:00,50000,Withdrawal,Agent
TXN1563,CUST045,Rebecca Gathoni,2026-06-18 19:19:00,3400,Deposit,Mobile
TXN1623,CUST075,Kevin Kiptoo,2026-06-18 19:28:00,3400,Transfer,Mobile
TXN1493,CUST015,Sarah Chebet,2026-06-18 19:35:00,41000,Withdrawal,ATM
TXN1599,CUST064,Eric Chebet,2026-06-18 19:40:00,12000,Withdrawal,Branch
TXN1553,CUST039,Charles Njoki,2026-06-18 19:54:00,6700,Deposit,Branch
TXN1464,CUST004,Lucy Odhiambo,2026-06-18 19:58:00,9800,Deposit,Mobile
TXN1569,CUST047,Dennis Kilonzo,2026-06-18 19:58:00,11200,Transfer,Mobile
TXN1594,CUST060,Paul Hassan,2026-06-18 20:09:00,8900,Deposit,Branch
TXN1632,CUST078,Caroline Kilonzo,2026-06-18 20:16:00,2300,Withdrawal,Agent
TXN1511,CUST022,Rebecca Mwangi,2026-06-18 20:19:00,27500,Withdrawal,Mobile
TXN1486,CUST014,David Gathoni,2026-06-18 20:22:00,18300,Transfer,Mobile
TXN1625,CUST075,Kevin Kiptoo,2026-06-18 20:43:00,12000,Transfer,Branch
TXN1543,CUST037,Rose Nyambura,2026-06-18 20:50:00,3400,Transfer,ATM
TXN1531,CUST031,Susan Gathoni,2026-06-18 20:52:00,18300,Deposit,ATM
TXN1598,CUST061,Ann Chebet,2026-06-18 20:53:00,750,Withdrawal,Mobile
TXN1619,CUST072,Joyce Kariuki,2026-06-18 20:53:00,750,Transfer,Mobile
TXN1501,CUST018,Mercy Kiptoo,2026-06-18 20:58:00,9800,Deposit,Branch
TXN1641,CUST002,Beatrice Otieno,2026-06-19 07:01:00,9800,Withdrawal,ATM
TXN1706,CUST038,Eric Kiptoo,2026-06-19 07:08:00,8900,Withdrawal,Agent
TXN1792,CUST078,Caroline Kilonzo,2026-06-19 07:10:00,18300,Deposit,Branch
TXN1697,CUST031,Susan Gathoni,2026-06-19 07:16:00,500,Deposit,ATM
TXN1746,CUST062,Beatrice Njeri,2026-06-19 07:35:00,5400,Withdrawal,Agent
TXN1747,CUST062,Beatrice Njeri,2026-06-19 07:37:00,4200,Deposit,Agent
TXN1688,CUST028,Nancy Achieng,2026-06-19 07:39:00,3400,Withdrawal,Mobile
TXN1751,CUST064,Eric Chebet,2026-06-19 07:45:00,18300,Deposit,Agent
TXN1752,CUST064,Eric Chebet,2026-06-19 07:45:00,8900,Deposit,ATM
TXN1767,CUST070,Samuel Njoki,2026-06-19 07:52:00,5400,Transfer,Agent
TXN1661,CUST010,Peter Wafula,2026-06-19 07:56:00,18300,Deposit,ATM
TXN1786,CUST076,Amina Hassan,2026-06-19 07:59:00,34500,Transfer,Branch
TXN1672,CUST014,David Gathoni,2026-06-19 08:04:00,41000,Deposit,Branch
TXN1772,CUST071,James Hassan,2026-06-19 08:20:00,12000,Deposit,Agent
TXN1760,CUST067,Rebecca Wambui,2026-06-19 08:28:00,12000,Deposit,Branch
TXN1638,CUST001,George Hassan,2026-06-19 08:51:00,750,Withdrawal,Branch
TXN1725,CUST053,Anthony Muthoni,2026-06-19 08:53:00,1200,Transfer,Mobile
TXN1711,CUST047,Dennis Kilonzo,2026-06-19 08:56:00,2300,Withdrawal,ATM
TXN1664,CUST011,Josephine Otieno,2026-06-19 08:58:00,5400,Transfer,Mobile
TXN1776,CUST072,Joyce Kariuki,2026-06-19 09:03:00,5400,Transfer,Agent
TXN1686,CUST026,Rebecca Njoki,2026-06-19 09:16:00,500,Transfer,ATM
TXN1663,CUST011,Josephine Otieno,2026-06-19 09:19:00,8900,Deposit,Agent
TXN1665,CUST012,Anthony Kimani,2026-06-19 09:19:00,41000,Deposit,ATM
TXN1769,CUST071,James Hassan,2026-06-19 09:26:00,1200,Transfer,Branch
TXN1784,CUST075,Kevin Kiptoo,2026-06-19 09:27:00,2300,Withdrawal,Branch
TXN1712,CUST047,Dennis Kilonzo,2026-06-19 09:33:00,15600,Withdrawal,Branch
TXN1771,CUST071,James Hassan,2026-06-19 09:34:00,750,Transfer,Agent
TXN1643,CUST002,Beatrice Otieno,2026-06-19 09:39:00,12000,Deposit,Branch
TXN1687,CUST028,Nancy Achieng,2026-06-19 09:40:00,6700,Deposit,Mobile
TXN1737,CUST056,Susan Odhiambo,2026-06-19 09:40:00,1200,Deposit,ATM
TXN1788,CUST077,Victor Wafula,2026-06-19 09:49:00,5400,Transfer,Mobile
TXN1795,CUST079,Anthony Nyambura,2026-06-19 09:51:00,6700,Deposit,Mobile
TXN1680,CUST024,Anthony Achieng,2026-06-19 10:09:00,27500,Withdrawal,Agent
TXN1698,CUST031,Susan Gathoni,2026-06-19 10:14:00,11200,Withdrawal,Agent
TXN1671,CUST014,David Gathoni,2026-06-19 10:15:00,1200,Withdrawal,Mobile
TXN1650,CUST005,Sarah Otieno,2026-06-19 10:29:00,1200,Transfer,Branch
TXN1735,CUST056,Susan Odhiambo,2026-06-19 10:33:00,4200,Deposit,Branch
TXN1790,CUST078,Caroline Kilonzo,2026-06-19 10:42:00,750,Transfer,ATM
TXN1787,CUST077,Victor Wafula,2026-06-19 10:43:00,8900,Withdrawal,Branch
TXN1781,CUST074,Sarah Mwangi,2026-06-19 10:50:00,18300,Deposit,Branch
TXN1715,CUST049,Susan Njoki,2026-06-19 10:54:00,6700,Transfer,Mobile
TXN1670,CUST014,David Gathoni,2026-06-19 10:57:00,8900,Transfer,Mobile
TXN1717,CUST049,Susan Njoki,2026-06-19 11:04:00,1200,Withdrawal,Mobile
TXN1774,CUST072,Joyce Kariuki,2026-06-19 11:19:00,6700,Deposit,ATM
TXN1651,CUST006,Francis Achieng,2026-06-19 11:24:00,750,Withdrawal,Agent
TXN1668,CUST012,Anthony Kimani,2026-06-19 11:34:00,500,Withdrawal,Agent
TXN1673,CUST016,David Kariuki,2026-06-19 11:34:00,500,Transfer,Agent
TXN1716,CUST049,Susan Njoki,2026-06-19 11:45:00,4200,Withdrawal,Agent
TXN1656,CUST008,Josephine Onyango,2026-06-19 11:48:00,9800,Transfer,Agent
TXN1683,CUST026,Rebecca Njoki,2026-06-19 11:52:00,22000,Withdrawal,Agent
TXN1794,CUST079,Anthony Nyambura,2026-06-19 11:58:00,750,Deposit,Branch
TXN1658,CUST009,Fatuma Kariuki,2026-06-19 12:03:00,9800,Transfer,Agent
TXN1748,CUST062,Beatrice Njeri,2026-06-19 12:16:00,6700,Deposit,ATM
TXN1674,CUST018,Mercy Kiptoo,2026-06-19 12:20:00,500,Transfer,ATM
TXN1770,CUST071,James Hassan,2026-06-19 12:21:00,5400,Transfer,Mobile
TXN1796,CUST079,Anthony Nyambura,2026-06-19 12:24:00,3400,Transfer,Agent
TXN1744,CUST061,Ann Chebet,2026-06-19 12:31:00,27500,Transfer,Branch
TXN1645,CUST003,Fatuma Wafula,2026-06-19 12:33:00,5400,Deposit,Branch
TXN1745,CUST062,Beatrice Njeri,2026-06-19 12:33:00,9800,Deposit,Agent
TXN1719,CUST050,Peter Wambui,2026-06-19 12:44:00,1200,Transfer,ATM
TXN1730,CUST054,Paul Chebet,2026-06-19 12:45:00,1800,Deposit,Agent
TXN1666,CUST012,Anthony Kimani,2026-06-19 12:49:00,15600,Transfer,Mobile
TXN1714,CUST049,Susan Njoki,2026-06-19 12:53:00,22000,Withdrawal,Agent
TXN1738,CUST056,Susan Odhiambo,2026-06-19 12:53:00,15600,Withdrawal,ATM
TXN1722,CUST051,Daniel Njoki,2026-06-19 13:09:00,12000,Deposit,ATM
TXN1644,CUST003,Fatuma Wafula,2026-06-19 13:14:00,27500,Withdrawal,Agent
TXN1681,CUST025,Caroline Kimani,2026-06-19 13:22:00,34500,Transfer,Branch
TXN1757,CUST066,Mercy Onyango,2026-06-19 13:25:00,27500,Deposit,ATM
TXN1696,CUST031,Susan Gathoni,2026-06-19 13:26:00,12000,Transfer,Branch
TXN1721,CUST051,Daniel Njoki,2026-06-19 13:27:00,9800,Transfer,ATM
TXN1773,CUST072,Joyce Kariuki,2026-06-19 13:32:00,15600,Transfer,Mobile
TXN1726,CUST053,Anthony Muthoni,2026-06-19 13:44:00,34500,Deposit,ATM
TXN1750,CUST064,Eric Chebet,2026-06-19 13:50:00,8900,Transfer,Agent
TXN1705,CUST036,Diana Omondi,2026-06-19 13:55:00,3400,Deposit,Mobile
TXN1648,CUST004,Lucy Odhiambo,2026-06-19 13:59:00,11200,Deposit,Mobile
TXN1789,CUST077,Victor Wafula,2026-06-19 14:06:00,5400,Withdrawal,Mobile
TXN1637,CUST001,George Hassan,2026-06-19 14:07:00,500,Deposit,Mobile
TXN1693,CUST030,Josephine Nyambura,2026-06-19 14:13:00,9800,Withdrawal,Mobile
TXN1741,CUST058,John Njeri,2026-06-19 14:42:00,1800,Deposit,ATM
TXN1707,CUST040,John Omondi,2026-06-19 14:43:00,12000,Withdrawal,ATM
TXN1742,CUST059,David Achieng,2026-06-19 14:44:00,2300,Deposit,ATM
TXN1759,CUST066,Mercy Onyango,2026-06-19 14:44:00,15600,Deposit,ATM
TXN1692,CUST029,Rose Wafula,2026-06-19 14:55:00,22000,Withdrawal,Agent
TXN1768,CUST070,Samuel Njoki,2026-06-19 14:55:00,1200,Transfer,ATM
TXN1691,CUST029,Rose Wafula,2026-06-19 15:01:00,11200,Transfer,Branch
TXN1689,CUST029,Rose Wafula,2026-06-19 15:13:00,34500,Withdrawal,Agent
TXN1685,CUST026,Rebecca Njoki,2026-06-19 15:17:00,11200,Transfer,Agent
TXN1720,CUST050,Peter Wambui,2026-06-19 15:18:00,34500,Deposit,ATM
TXN1642,CUST002,Beatrice Otieno,2026-06-19 15:30:00,1200,Withdrawal,Mobile
TXN1710,CUST043,Rose Onyango,2026-06-19 15:38:00,6700,Transfer,ATM
TXN1727,CUST053,Anthony Muthoni,2026-06-19 15:42:00,9800,Deposit,Mobile
TXN1639,CUST001,George Hassan,2026-06-19 15:59:00,8900,Transfer,ATM
TXN1734,CUST055,Dennis Wanjiru,2026-06-19 16:14:00,3400,Withdrawal,Agent
TXN1709,CUST041,Victor Mwangi,2026-06-19 16:15:00,5400,Transfer,Mobile
TXN1690,CUST029,Rose Wafula,2026-06-19 16:23:00,3400,Withdrawal,Branch
TXN1649,CUST005,Sarah Otieno,2026-06-19 16:30:00,9800,Withdrawal,Mobile
TXN1729,CUST054,Paul Chebet,2026-06-19 16:34:00,12000,Withdrawal,ATM
TXN1652,CUST007,Grace Njoki,2026-06-19 16:36:00,27500,Transfer,Branch
TXN1646,CUST003,Fatuma Wafula,2026-06-19 16:39:00,1200,Withdrawal,Branch
TXN1678,CUST022,Rebecca Mwangi,2026-06-19 16:41:00,9800,Withdrawal,ATM
TXN1675,CUST019,Victor Hassan,2026-06-19 16:43:00,9800,Withdrawal,Mobile
TXN1679,CUST022,Rebecca Mwangi,2026-06-19 16:45:00,9800,Withdrawal,Mobile
TXN1732,CUST055,Dennis Wanjiru,2026-06-19 16:48:00,750,Deposit,ATM
TXN1662,CUST011,Josephine Otieno,2026-06-19 16:49:00,8900,Withdrawal,Mobile
TXN1700,CUST032,Susan Odhiambo,2026-06-19 16:50:00,4200,Deposit,Agent
TXN1780,CUST074,Sarah Mwangi,2026-06-19 16:52:00,9800,Withdrawal,Agent
TXN1723,CUST052,David Kiptoo,2026-06-19 17:00:00,6700,Transfer,Agent
TXN1736,CUST056,Susan Odhiambo,2026-06-19 17:11:00,3400,Transfer,ATM
TXN1756,CUST065,Rebecca Wambui,2026-06-19 17:13:00,9800,Withdrawal,Mobile
TXN1763,CUST068,Victor Odhiambo,2026-06-19 17:18:00,34500,Deposit,ATM
TXN1791,CUST078,Caroline Kilonzo,2026-06-19 17:27:00,3400,Withdrawal,Branch
TXN1749,CUST064,Eric Chebet,2026-06-19 17:31:00,1800,Withdrawal,Branch
TXN1777,CUST073,Amina Njeri,2026-06-19 17:31:00,41000,Withdrawal,Agent
TXN1713,CUST048,Rose Gathoni,2026-06-19 17:34:00,3400,Transfer,Mobile
TXN1797,CUST080,Mercy Omondi,2026-06-19 17:34:00,1800,Withdrawal,ATM
TXN1654,CUST008,Josephine Onyango,2026-06-19 17:36:00,2300,Deposit,Agent
TXN1682,CUST025,Caroline Kimani,2026-06-19 17:38:00,41000,Deposit,Branch
TXN1703,CUST035,Peter Gathoni,2026-06-19 17:39:00,18300,Withdrawal,Mobile
TXN1731,CUST055,Dennis Wanjiru,2026-06-19 17:43:00,9800,Withdrawal,Branch
TXN1694,CUST030,Josephine Nyambura,2026-06-19 17:46:00,500,Withdrawal,ATM
TXN1758,CUST066,Mercy Onyango,2026-06-19 17:48:00,500,Withdrawal,ATM
TXN1684,CUST026,Rebecca Njoki,2026-06-19 17:49:00,34500,Transfer,ATM
TXN1740,CUST058,John Njeri,2026-06-19 17:51:00,27500,Transfer,Agent
TXN1695,CUST030,Josephine Nyambura,2026-06-19 17:55:00,11200,Withdrawal,Branch
TXN1708,CUST041,Victor Mwangi,2026-06-19 17:58:00,12000,Deposit,Mobile
TXN1669,CUST013,Joyce Gathoni,2026-06-19 18:01:00,5400,Withdrawal,ATM
TXN1653,CUST007,Grace Njoki,2026-06-19 18:02:00,34500,Withdrawal,Branch
TXN1762,CUST068,Victor Odhiambo,2026-06-19 18:12:00,12000,Transfer,Mobile
TXN1782,CUST074,Sarah Mwangi,2026-06-19 18:13:00,41000,Transfer,ATM
TXN1739,CUST057,Ruth Kilonzo,2026-06-19 18:16:00,12000,Withdrawal,Agent
TXN1779,CUST073,Amina Njeri,2026-06-19 18:20:00,500,Transfer,Mobile
TXN1724,CUST053,Anthony Muthoni,2026-06-19 18:24:00,6700,Withdrawal,Mobile
TXN1783,CUST075,Kevin Kiptoo,2026-06-19 18:28:00,5400,Withdrawal,Mobile
TXN1647,CUST004,Lucy Odhiambo,2026-06-19 18:29:00,9800,Transfer,ATM
TXN1728,CUST054,Paul Chebet,2026-06-19 18:41:00,22000,Transfer,Agent
TXN1743,CUST059,David Achieng,2026-06-19 18:51:00,4200,Transfer,Branch
TXN1704,CUST035,Peter Gathoni,2026-06-19 19:13:00,11200,Withdrawal,ATM
TXN1660,CUST009,Fatuma Kariuki,2026-06-19 19:15:00,11200,Withdrawal,Branch
TXN1753,CUST065,Rebecca Wambui,2026-06-19 19:16:00,11200,Withdrawal,ATM
TXN1793,CUST079,Anthony Nyambura,2026-06-19 19:20:00,34500,Transfer,Branch
TXN1778,CUST073,Amina Njeri,2026-06-19 19:21:00,5400,Deposit,Mobile
TXN1699,CUST031,Susan Gathoni,2026-06-19 19:27:00,750,Deposit,ATM
TXN1764,CUST068,Victor Odhiambo,2026-06-19 19:29:00,2300,Withdrawal,Branch
TXN1659,CUST009,Fatuma Kariuki,2026-06-19 19:30:00,27500,Deposit,Branch
TXN1677,CUST019,Victor Hassan,2026-06-19 19:31:00,12000,Deposit,ATM
TXN1718,CUST050,Peter Wambui,2026-06-19 19:35:00,11200,Deposit,Mobile
TXN1655,CUST008,Josephine Onyango,2026-06-19 19:50:00,6700,Withdrawal,Mobile
TXN1761,CUST068,Victor Odhiambo,2026-06-19 19:52:00,500,Transfer,Branch
TXN1765,CUST070,Samuel Njoki,2026-06-19 20:00:00,2300,Deposit,Mobile
TXN1640,CUST001,George Hassan,2026-06-19 20:09:00,41000,Deposit,Agent
TXN1701,CUST033,Diana Kariuki,2026-06-19 20:19:00,8900,Withdrawal,Agent
TXN1676,CUST019,Victor Hassan,2026-06-19 20:26:00,1200,Withdrawal,Agent
TXN1667,CUST012,Anthony Kimani,2026-06-19 20:31:00,9800,Withdrawal,Agent
TXN1775,CUST072,Joyce Kariuki,2026-06-19 20:34:00,750,Deposit,Branch
TXN1754,CUST065,Rebecca Wambui,2026-06-19 20:37:00,3400,Transfer,Branch
TXN1657,CUST009,Fatuma Kariuki,2026-06-19 20:40:00,6700,Deposit,ATM
TXN1755,CUST065,Rebecca Wambui,2026-06-19 20:45:00,41000,Deposit,Mobile
TXN1733,CUST055,Dennis Wanjiru,2026-06-19 20:46:00,11200,Transfer,ATM
TXN1766,CUST070,Samuel Njoki,2026-06-19 20:48:00,5400,Transfer,ATM
TXN1785,CUST075,Kevin Kiptoo,2026-06-19 20:56:00,1800,Transfer,ATM
TXN1702,CUST035,Peter Gathoni,2026-06-19 20:57:00,6700,Withdrawal,Agent
TXN1809,CUST011,Josephine Otieno,2026-06-20 07:02:00,1200,Transfer,Mobile
TXN1843,CUST031,Susan Gathoni,2026-06-20 07:19:00,22000,Transfer,Mobile
TXN1873,CUST045,Rebecca Gathoni,2026-06-20 07:37:00,8900,Deposit,Agent
TXN1898,CUST058,John Njeri,2026-06-20 07:44:00,27500,Withdrawal,Mobile
TXN1812,CUST013,Joyce Gathoni,2026-06-20 07:53:00,22000,Deposit,Branch
TXN1818,CUST016,David Kariuki,2026-06-20 08:00:00,2300,Withdrawal,ATM
TXN1842,CUST030,Josephine Nyambura,2026-06-20 08:14:00,9800,Transfer,ATM
TXN1846,CUST032,Susan Odhiambo,2026-06-20 08:22:00,12000,Deposit,Mobile
TXN1811,CUST011,Josephine Otieno,2026-06-20 08:23:00,4200,Deposit,Branch
TXN1902,CUST060,Paul Hassan,2026-06-20 08:30:00,6700,Deposit,Agent
TXN1857,CUST040,John Omondi,2026-06-20 08:32:00,9800,Deposit,Agent
TXN1824,CUST020,Kennedy Kimani,2026-06-20 08:38:00,9800,Withdrawal,Mobile
TXN1833,CUST027,Anthony Otieno,2026-06-20 08:41:00,11200,Transfer,Branch
TXN1909,CUST063,Peter Mwangi,2026-06-20 08:41:00,22000,Transfer,Branch
TXN1799,CUST004,Lucy Odhiambo,2026-06-20 08:42:00,5400,Transfer,Mobile
TXN1822,CUST019,Victor Hassan,2026-06-20 08:42:00,41000,Withdrawal,Branch
TXN1884,CUST052,David Kiptoo,2026-06-20 08:48:00,15600,Transfer,Mobile
TXN1838,CUST029,Rose Wafula,2026-06-20 08:50:00,750,Withdrawal,Branch
TXN1844,CUST031,Susan Gathoni,2026-06-20 08:56:00,22000,Deposit,ATM
TXN1936,CUST080,Mercy Omondi,2026-06-20 08:58:00,22000,Transfer,ATM
TXN1863,CUST042,Faith Hassan,2026-06-20 09:00:00,750,Withdrawal,Branch
TXN1889,CUST054,Paul Chebet,2026-06-20 09:13:00,9800,Transfer,Mobile
TXN1879,CUST048,Rose Gathoni,2026-06-20 09:17:00,34500,Deposit,ATM
TXN1802,CUST007,Grace Njoki,2026-06-20 09:30:00,750,Withdrawal,Agent
TXN1895,CUST056,Susan Odhiambo,2026-06-20 09:41:00,12000,Transfer,Agent
TXN1804,CUST009,Fatuma Kariuki,2026-06-20 09:42:00,8900,Withdrawal,Branch
TXN1926,CUST070,Samuel Njoki,2026-06-20 09:51:00,15600,Withdrawal,Branch
TXN1820,CUST018,Mercy Kiptoo,2026-06-20 09:53:00,750,Withdrawal,ATM
TXN1856,CUST040,John Omondi,2026-06-20 09:59:00,750,Transfer,ATM
TXN1911,CUST064,Eric Chebet,2026-06-20 10:07:00,12000,Withdrawal,Agent
TXN1851,CUST035,Peter Gathoni,2026-06-20 10:22:00,12000,Deposit,ATM
TXN1839,CUST029,Rose Wafula,2026-06-20 10:37:00,18300,Transfer,Branch
TXN1823,CUST019,Victor Hassan,2026-06-20 10:38:00,27500,Transfer,Mobile
TXN1908,CUST062,Beatrice Njeri,2026-06-20 10:42:00,1200,Deposit,Agent
TXN1832,CUST027,Anthony Otieno,2026-06-20 10:55:00,1200,Deposit,ATM
TXN1813,CUST013,Joyce Gathoni,2026-06-20 11:06:00,2300,Withdrawal,Mobile
TXN1897,CUST057,Ruth Kilonzo,2026-06-20 11:06:00,11200,Transfer,Mobile
TXN1877,CUST047,Dennis Kilonzo,2026-06-20 11:07:00,5400,Transfer,ATM
TXN1885,CUST052,David Kiptoo,2026-06-20 11:10:00,4200,Transfer,Mobile
TXN1847,CUST032,Susan Odhiambo,2026-06-20 11:21:00,1800,Deposit,Branch
TXN1850,CUST035,Peter Gathoni,2026-06-20 11:21:00,3400,Deposit,Branch
TXN1858,CUST040,John Omondi,2026-06-20 11:23:00,8900,Transfer,ATM
TXN1845,CUST032,Susan Odhiambo,2026-06-20 11:29:00,3400,Deposit,Branch
TXN1800,CUST004,Lucy Odhiambo,2026-06-20 11:31:00,11200,Withdrawal,ATM
TXN1866,CUST043,Rose Onyango,2026-06-20 11:49:00,34500,Withdrawal,ATM
TXN1894,CUST055,Dennis Wanjiru,2026-06-20 11:57:00,1200,Transfer,ATM
TXN1906,CUST062,Beatrice Njeri,2026-06-20 12:04:00,750,Transfer,Mobile
TXN1869,CUST044,Grace Njoki,2026-06-20 12:10:00,41000,Deposit,Mobile
TXN1924,CUST070,Samuel Njoki,2026-06-20 12:16:00,500,Withdrawal,Agent
TXN1918,CUST066,Mercy Onyango,2026-06-20 12:19:00,2300,Withdrawal,Branch
TXN1805,CUST009,Fatuma Kariuki,2026-06-20 12:22:00,18300,Deposit,Branch
TXN1931,CUST077,Victor Wafula,2026-06-20 12:24:00,2300,Withdrawal,Branch
TXN1876,CUST047,Dennis Kilonzo,2026-06-20 12:25:00,9800,Deposit,ATM
TXN1903,CUST060,Paul Hassan,2026-06-20 12:33:00,41000,Withdrawal,Branch
TXN1883,CUST050,Peter Wambui,2026-06-20 12:38:00,11200,Deposit,Branch
TXN1806,CUST009,Fatuma Kariuki,2026-06-20 12:47:00,11200,Withdrawal,Mobile
TXN1922,CUST068,Victor Odhiambo,2026-06-20 12:50:00,9800,Deposit,Branch
TXN1852,CUST035,Peter Gathoni,2026-06-20 12:56:00,27500,Transfer,Branch
TXN1916,CUST066,Mercy Onyango,2026-06-20 13:00:00,34500,Deposit,Agent
TXN1890,CUST054,Paul Chebet,2026-06-20 13:04:00,27500,Withdrawal,Branch
TXN1865,CUST042,Faith Hassan,2026-06-20 13:11:00,41000,Transfer,Agent
TXN1887,CUST052,David Kiptoo,2026-06-20 13:25:00,22000,Deposit,Agent
TXN1891,CUST055,Dennis Wanjiru,2026-06-20 13:25:00,5400,Transfer,Agent
TXN1910,CUST063,Peter Mwangi,2026-06-20 13:29:00,18300,Withdrawal,Agent
TXN1853,CUST036,Diana Omondi,2026-06-20 13:33:00,500,Withdrawal,Branch
TXN1810,CUST011,Josephine Otieno,2026-06-20 13:41:00,3400,Deposit,Agent
TXN1867,CUST044,Grace Njoki,2026-06-20 13:41:00,1800,Transfer,ATM
TXN1934,CUST080,Mercy Omondi,2026-06-20 13:41:00,6700,Transfer,ATM
TXN1827,CUST023,Lucy Gathoni,2026-06-20 13:50:00,15600,Withdrawal,Mobile
TXN1919,CUST067,Rebecca Wambui,2026-06-20 13:57:00,500,Transfer,ATM
TXN1815,CUST015,Sarah Chebet,2026-06-20 14:15:00,4200,Transfer,Mobile
TXN1801,CUST006,Francis Achieng,2026-06-20 14:17:00,8900,Transfer,Mobile
TXN1814,CUST014,David Gathoni,2026-06-20 14:17:00,34500,Transfer,Mobile
TXN1900,CUST059,David Achieng,2026-06-20 14:17:00,27500,Withdrawal,ATM
TXN1860,CUST041,Victor Mwangi,2026-06-20 14:23:00,500,Withdrawal,Mobile
TXN1932,CUST078,Caroline Kilonzo,2026-06-20 14:29:00,41000,Transfer,ATM
TXN1854,CUST038,Eric Kiptoo,2026-06-20 14:36:00,750,Transfer,Agent
TXN1868,CUST044,Grace Njoki,2026-06-20 14:45:00,11200,Transfer,Agent
TXN1882,CUST050,Peter Wambui,2026-06-20 14:49:00,500,Withdrawal,Agent
TXN1913,CUST064,Eric Chebet,2026-06-20 14:49:00,5400,Transfer,Branch
TXN1930,CUST076,Amina Hassan,2026-06-20 14:49:00,5400,Withdrawal,Branch
TXN1817,CUST016,David Kariuki,2026-06-20 15:13:00,3400,Withdrawal,Branch
TXN1816,CUST015,Sarah Chebet,2026-06-20 15:16:00,11200,Withdrawal,Agent
TXN1861,CUST041,Victor Mwangi,2026-06-20 15:24:00,18300,Deposit,Branch
TXN1901,CUST060,Paul Hassan,2026-06-20 15:38:00,1200,Withdrawal,ATM
TXN1831,CUST027,Anthony Otieno,2026-06-20 15:49:00,9800,Withdrawal,Mobile
TXN1904,CUST060,Paul Hassan,2026-06-20 15:50:00,5400,Deposit,Mobile
TXN1803,CUST009,Fatuma Kariuki,2026-06-20 16:06:00,500,Deposit,Branch
TXN1907,CUST062,Beatrice Njeri,2026-06-20 16:07:00,12000,Deposit,ATM
TXN1923,CUST070,Samuel Njoki,2026-06-20 16:16:00,27500,Deposit,Branch
TXN1875,CUST046,George Nyambura,2026-06-20 16:20:00,18300,Deposit,Mobile
TXN1821,CUST019,Victor Hassan,2026-06-20 16:33:00,2300,Deposit,Mobile
TXN1825,CUST021,Anthony Kiptoo,2026-06-20 16:49:00,4200,Deposit,Agent
TXN1826,CUST023,Lucy Gathoni,2026-06-20 16:58:00,4200,Withdrawal,Agent
TXN1840,CUST030,Josephine Nyambura,2026-06-20 16:58:00,1200,Deposit,ATM
TXN1864,CUST042,Faith Hassan,2026-06-20 16:58:00,41000,Transfer,Mobile
TXN1917,CUST066,Mercy Onyango,2026-06-20 17:10:00,41000,Transfer,Agent
TXN1830,CUST025,Caroline Kimani,2026-06-20 17:21:00,1800,Withdrawal,ATM
TXN1849,CUST034,James Kariuki,2026-06-20 17:40:00,1200,Deposit,Branch
TXN1834,CUST028,Nancy Achieng,2026-06-20 17:49:00,22000,Withdrawal,Agent
TXN1893,CUST055,Dennis Wanjiru,2026-06-20 17:54:00,6700,Transfer,Mobile
TXN1915,CUST066,Mercy Onyango,2026-06-20 18:01:00,1800,Deposit,Branch
TXN1896,CUST056,Susan Odhiambo,2026-06-20 18:04:00,27500,Deposit,Branch
TXN1798,CUST001,George Hassan,2026-06-20 18:11:00,15600,Deposit,ATM
TXN1874,CUST045,Rebecca Gathoni,2026-06-20 18:11:00,750,Deposit,ATM
TXN1872,CUST045,Rebecca Gathoni,2026-06-20 18:33:00,4200,Transfer,Agent
TXN1808,CUST010,Peter Wafula,2026-06-20 18:35:00,2300,Withdrawal,ATM
TXN1927,CUST073,Amina Njeri,2026-06-20 18:37:00,34500,Deposit,Mobile
TXN1862,CUST041,Victor Mwangi,2026-06-20 18:38:00,18300,Withdrawal,Agent
TXN1933,CUST080,Mercy Omondi,2026-06-20 18:46:00,1200,Deposit,Branch
TXN1855,CUST040,John Omondi,2026-06-20 18:55:00,27500,Transfer,ATM
TXN1888,CUST053,Anthony Muthoni,2026-06-20 18:55:00,3400,Transfer,ATM
TXN1848,CUST032,Susan Odhiambo,2026-06-20 18:56:00,18300,Deposit,Branch
TXN1935,CUST080,Mercy Omondi,2026-06-20 18:56:00,22000,Transfer,Branch
TXN1881,CUST048,Rose Gathoni,2026-06-20 18:58:00,12000,Transfer,Agent
TXN1928,CUST076,Amina Hassan,2026-06-20 19:02:00,5400,Transfer,Mobile
TXN1807,CUST010,Peter Wafula,2026-06-20 19:04:00,34500,Deposit,Mobile
TXN1880,CUST048,Rose Gathoni,2026-06-20 19:04:00,750,Deposit,Agent
TXN1920,CUST067,Rebecca Wambui,2026-06-20 19:06:00,9800,Withdrawal,Branch
TXN1905,CUST061,Ann Chebet,2026-06-20 19:11:00,500,Transfer,Agent
TXN1912,CUST064,Eric Chebet,2026-06-20 19:12:00,1800,Transfer,Mobile
TXN1828,CUST023,Lucy Gathoni,2026-06-20 19:15:00,3400,Transfer,Branch
TXN1914,CUST064,Eric Chebet,2026-06-20 19:16:00,5400,Transfer,Agent
TXN1829,CUST024,Anthony Achieng,2026-06-20 19:22:00,3400,Withdrawal,Branch
TXN1886,CUST052,David Kiptoo,2026-06-20 19:25:00,12000,Transfer,Agent
TXN1870,CUST044,Grace Njoki,2026-06-20 19:34:00,11200,Withdrawal,Branch
TXN1841,CUST030,Josephine Nyambura,2026-06-20 19:40:00,9800,Deposit,ATM
TXN1859,CUST041,Victor Mwangi,2026-06-20 19:43:00,1200,Transfer,ATM
TXN1819,CUST016,David Kariuki,2026-06-20 19:50:00,41000,Withdrawal,Branch
TXN1892,CUST055,Dennis Wanjiru,2026-06-20 19:54:00,3400,Withdrawal,Branch
TXN1871,CUST045,Rebecca Gathoni,2026-06-20 19:56:00,1200,Withdrawal,Agent
TXN1921,CUST068,Victor Odhiambo,2026-06-20 19:56:00,22000,Deposit,Mobile
TXN1899,CUST058,John Njeri,2026-06-20 20:20:00,5400,Withdrawal,ATM
TXN1929,CUST076,Amina Hassan,2026-06-20 20:20:00,9800,Transfer,ATM
TXN1878,CUST048,Rose Gathoni,2026-06-20 20:26:00,4200,Deposit,Mobile
TXN1925,CUST070,Samuel Njoki,2026-06-20 20:33:00,15600,Transfer,ATM
TXN1837,CUST029,Rose Wafula,2026-06-20 20:40:00,27500,Deposit,Mobile
TXN1835,CUST028,Nancy Achieng,2026-06-20 20:44:00,8900,Withdrawal,ATM
TXN1836,CUST028,Nancy Achieng,2026-06-20 20:50:00,41000,Withdrawal,ATM
TXN1977,CUST026,Rebecca Njoki,2026-06-21 07:04:00,11200,Withdrawal,Branch
TXN1989,CUST029,Rose Wafula,2026-06-21 07:04:00,8900,Withdrawal,Agent
TXN1942,CUST004,Lucy Odhiambo,2026-06-21 07:09:00,18300,Withdrawal,ATM
TXN2076,CUST076,Amina Hassan,2026-06-21 07:14:00,500,Withdrawal,Agent
TXN2020,CUST046,George Nyambura,2026-06-21 07:23:00,22000,Withdrawal,Mobile
TXN1964,CUST017,Grace Wafula,2026-06-21 07:26:00,34500,Withdrawal,Agent
TXN2024,CUST048,Rose Gathoni,2026-06-21 07:26:00,4200,Deposit,ATM
TXN1997,CUST034,James Kariuki,2026-06-21 07:30:00,18300,Deposit,Mobile
TXN2016,CUST044,Grace Njoki,2026-06-21 07:38:00,18300,Transfer,Mobile
TXN1969,CUST022,Rebecca Mwangi,2026-06-21 07:41:00,34500,Withdrawal,ATM
TXN1958,CUST014,David Gathoni,2026-06-21 07:53:00,1200,Transfer,Mobile
TXN2064,CUST070,Samuel Njoki,2026-06-21 07:59:00,1800,Deposit,Branch
TXN2049,CUST060,Paul Hassan,2026-06-21 08:02:00,27500,Withdrawal,ATM
TXN2004,CUST039,Charles Njoki,2026-06-21 08:03:00,15600,Transfer,Mobile
TXN2065,CUST071,James Hassan,2026-06-21 08:04:00,1200,Transfer,Agent
TXN2006,CUST040,John Omondi,2026-06-21 08:05:00,22000,Deposit,ATM
TXN1999,CUST036,Diana Omondi,2026-06-21 08:31:00,22000,Withdrawal,Branch
TXN2036,CUST054,Paul Chebet,2026-06-21 08:33:00,12000,Deposit,Mobile
TXN1952,CUST008,Josephine Onyango,2026-06-21 08:34:00,27500,Deposit,Mobile
TXN1953,CUST008,Josephine Onyango,2026-06-21 08:46:00,6700,Withdrawal,Mobile
TXN2059,CUST065,Rebecca Wambui,2026-06-21 08:51:00,500,Withdrawal,Mobile
TXN2073,CUST074,Sarah Mwangi,2026-06-21 09:00:00,5400,Transfer,Branch
TXN2031,CUST051,Daniel Njoki,2026-06-21 09:05:00,41000,Deposit,ATM
TXN2028,CUST050,Peter Wambui,2026-06-21 09:16:00,6700,Transfer,Mobile
TXN2061,CUST065,Rebecca Wambui,2026-06-21 09:16:00,6700,Withdrawal,Mobile
TXN2014,CUST043,Rose Onyango,2026-06-21 09:24:00,9800,Transfer,Mobile
TXN1987,CUST029,Rose Wafula,2026-06-21 09:30:00,2300,Withdrawal,ATM
TXN2062,CUST069,Moses Kariuki,2026-06-21 09:30:00,9800,Withdrawal,Agent
TXN1955,CUST008,Josephine Onyango,2026-06-21 09:31:00,41000,Deposit,Branch
TXN1944,CUST005,Sarah Otieno,2026-06-21 09:39:00,27500,Deposit,Mobile
TXN2066,CUST071,James Hassan,2026-06-21 09:50:00,9800,Deposit,ATM
TXN2056,CUST063,Peter Mwangi,2026-06-21 09:52:00,1800,Transfer,ATM
TXN2018,CUST045,Rebecca Gathoni,2026-06-21 09:53:00,5400,Deposit,Agent
TXN1939,CUST003,Fatuma Wafula,2026-06-21 10:06:00,5400,Withdrawal,Mobile
TXN1971,CUST022,Rebecca Mwangi,2026-06-21 10:18:00,500,Transfer,Agent
TXN2023,CUST047,Dennis Kilonzo,2026-06-21 10:19:00,18300,Deposit,Branch
TXN2078,CUST078,Caroline Kilonzo,2026-06-21 10:19:00,750,Withdrawal,Branch
TXN2037,CUST055,Dennis Wanjiru,2026-06-21 10:31:00,27500,Transfer,Agent
TXN1956,CUST014,David Gathoni,2026-06-21 10:33:00,12000,Deposit,ATM
TXN2005,CUST039,Charles Njoki,2026-06-21 10:33:00,4200,Transfer,Agent
TXN1965,CUST017,Grace Wafula,2026-06-21 10:34:00,11200,Deposit,Mobile
TXN2067,CUST072,Joyce Kariuki,2026-06-21 10:38:00,34500,Withdrawal,Branch
TXN2043,CUST057,Ruth Kilonzo,2026-06-21 10:43:00,9800,Withdrawal,ATM
TXN1994,CUST033,Diana Kariuki,2026-06-21 10:48:00,12000,Deposit,Branch
TXN2074,CUST076,Amina Hassan,2026-06-21 10:48:00,750,Transfer,ATM
TXN2026,CUST049,Susan Njoki,2026-06-21 10:52:00,500,Withdrawal,Agent
TXN2017,CUST045,Rebecca Gathoni,2026-06-21 10:54:00,1200,Deposit,ATM
TXN1980,CUST026,Rebecca Njoki,2026-06-21 11:25:00,15600,Transfer,Branch
TXN2029,CUST050,Peter Wambui,2026-06-21 11:26:00,3400,Withdrawal,Branch
TXN2063,CUST070,Samuel Njoki,2026-06-21 11:26:00,22000,Deposit,Agent
TXN1988,CUST029,Rose Wafula,2026-06-21 11:41:00,1800,Transfer,Branch
TXN1986,CUST029,Rose Wafula,2026-06-21 11:42:00,750,Withdrawal,Mobile
TXN2035,CUST054,Paul Chebet,2026-06-21 11:48:00,4200,Withdrawal,ATM
TXN1995,CUST034,James Kariuki,2026-06-21 11:55:00,500,Withdrawal,Mobile
TXN2032,CUST051,Daniel Njoki,2026-06-21 11:56:00,41000,Transfer,Branch
TXN2052,CUST061,Ann Chebet,2026-06-21 12:11:00,22000,Transfer,Mobile
TXN1974,CUST023,Lucy Gathoni,2026-06-21 12:16:00,500,Withdrawal,Branch
TXN1954,CUST008,Josephine Onyango,2026-06-21 12:17:00,8900,Deposit,Agent
TXN1990,CUST030,Josephine Nyambura,2026-06-21 12:23:00,34500,Transfer,Branch
TXN2001,CUST038,Eric Kiptoo,2026-06-21 12:28:00,22000,Withdrawal,Agent
TXN2021,CUST047,Dennis Kilonzo,2026-06-21 12:32:00,22000,Transfer,Branch
TXN2041,CUST057,Ruth Kilonzo,2026-06-21 12:33:00,750,Transfer,Mobile
TXN2044,CUST058,John Njeri,2026-06-21 12:43:00,4200,Deposit,Agent
TXN2055,CUST063,Peter Mwangi,2026-06-21 12:49:00,8900,Transfer,Agent
TXN1966,CUST018,Mercy Kiptoo,2026-06-21 12:50:00,1800,Transfer,Branch
TXN1991,CUST031,Susan Gathoni,2026-06-21 12:50:00,750,Deposit,Agent
TXN1982,CUST027,Anthony Otieno,2026-06-21 12:53:00,5400,Withdrawal,ATM
TXN1962,CUST016,David Kariuki,2026-06-21 13:06:00,4200,Deposit,Branch
TXN2068,CUST073,Amina Njeri,2026-06-21 13:18:00,500,Withdrawal,Agent
TXN2053,CUST062,Beatrice Njeri,2026-06-21 13:23:00,2300,Transfer,Agent
TXN2000,CUST036,Diana Omondi,2026-06-21 13:28:00,1200,Withdrawal,Branch
TXN1967,CUST021,Anthony Kiptoo,2026-06-21 13:40:00,9800,Deposit,Mobile
TXN1972,CUST022,Rebecca Mwangi,2026-06-21 13:45:00,2300,Withdrawal,ATM
TXN1940,CUST003,Fatuma Wafula,2026-06-21 14:03:00,12000,Withdrawal,Branch
TXN2010,CUST042,Faith Hassan,2026-06-21 14:16:00,4200,Transfer,Mobile
TXN2027,CUST050,Peter Wambui,2026-06-21 14:30:00,34500,Transfer,ATM
TXN2079,CUST080,Mercy Omondi,2026-06-21 14:49:00,9800,Transfer,Agent
TXN2002,CUST038,Eric Kiptoo,2026-06-21 15:03:00,1800,Transfer,Branch
TXN1968,CUST021,Anthony Kiptoo,2026-06-21 15:07:00,18300,Withdrawal,Branch
TXN1978,CUST026,Rebecca Njoki,2026-06-21 15:07:00,22000,Transfer,Agent
TXN2046,CUST058,John Njeri,2026-06-21 15:26:00,12000,Withdrawal,Branch
TXN2058,CUST065,Rebecca Wambui,2026-06-21 15:26:00,34500,Deposit,Mobile
TXN2075,CUST076,Amina Hassan,2026-06-21 15:34:00,9800,Transfer,Mobile
TXN1947,CUST005,Sarah Otieno,2026-06-21 15:35:00,34500,Withdrawal,Mobile
TXN2038,CUST055,Dennis Wanjiru,2026-06-21 15:35:00,5400,Deposit,Mobile
TXN1992,CUST032,Susan Odhiambo,2026-06-21 15:42:00,2300,Withdrawal,Branch
TXN1970,CUST022,Rebecca Mwangi,2026-06-21 15:44:00,1800,Transfer,Branch
TXN1998,CUST036,Diana Omondi,2026-06-21 15:45:00,22000,Withdrawal,ATM
TXN1949,CUST006,Francis Achieng,2026-06-21 15:47:00,5400,Withdrawal,Branch
TXN1945,CUST005,Sarah Otieno,2026-06-21 15:50:00,12000,Withdrawal,Mobile
TXN1976,CUST023,Lucy Gathoni,2026-06-21 16:04:00,12000,Deposit,Mobile
TXN2070,CUST073,Amina Njeri,2026-06-21 16:09:00,5400,Transfer,ATM
TXN2019,CUST045,Rebecca Gathoni,2026-06-21 16:12:00,1800,Deposit,Mobile
TXN1948,CUST006,Francis Achieng,2026-06-21 16:18:00,18300,Deposit,Mobile
TXN1960,CUST015,Sarah Chebet,2026-06-21 16:18:00,18300,Deposit,Branch
TXN2030,CUST050,Peter Wambui,2026-06-21 16:20:00,1200,Withdrawal,Branch
TXN2050,CUST060,Paul Hassan,2026-06-21 16:26:00,1800,Deposit,ATM
TXN2051,CUST061,Ann Chebet,2026-06-21 16:34:00,11200,Deposit,ATM
TXN1957,CUST014,David Gathoni,2026-06-21 16:36:00,5400,Transfer,Mobile
TXN2022,CUST047,Dennis Kilonzo,2026-06-21 16:57:00,5400,Withdrawal,ATM
TXN2039,CUST055,Dennis Wanjiru,2026-06-21 16:57:00,750,Transfer,ATM
TXN1973,CUST023,Lucy Gathoni,2026-06-21 17:10:00,8900,Deposit,Branch
TXN2054,CUST063,Peter Mwangi,2026-06-21 17:13:00,6700,Transfer,Branch
TXN1975,CUST023,Lucy Gathoni,2026-06-21 17:16:00,41000,Withdrawal,Mobile
TXN2008,CUST041,Victor Mwangi,2026-06-21 17:20:00,2300,Withdrawal,Agent
TXN1984,CUST028,Nancy Achieng,2026-06-21 17:21:00,750,Transfer,Mobile
TXN1996,CUST034,James Kariuki,2026-06-21 17:24:00,11200,Withdrawal,Agent
TXN2013,CUST043,Rose Onyango,2026-06-21 17:38:00,3400,Transfer,Agent
TXN2011,CUST042,Faith Hassan,2026-06-21 17:41:00,27500,Withdrawal,ATM
TXN1959,CUST014,David Gathoni,2026-06-21 17:43:00,3400,Deposit,Mobile
TXN2025,CUST048,Rose Gathoni,2026-06-21 17:45:00,500,Transfer,Agent
TXN2077,CUST077,Victor Wafula,2026-06-21 17:45:00,18300,Transfer,Branch
TXN2012,CUST042,Faith Hassan,2026-06-21 17:47:00,1200,Transfer,Branch
TXN2009,CUST041,Victor Mwangi,2026-06-21 17:50:00,11200,Withdrawal,Mobile
TXN2003,CUST039,Charles Njoki,2026-06-21 18:13:00,41000,Transfer,ATM
TXN2060,CUST065,Rebecca Wambui,2026-06-21 18:15:00,500,Withdrawal,Branch
TXN1951,CUST006,Francis Achieng,2026-06-21 18:41:00,5400,Transfer,ATM
TXN2047,CUST059,David Achieng,2026-06-21 18:45:00,11200,Deposit,ATM
TXN2042,CUST057,Ruth Kilonzo,2026-06-21 18:47:00,1200,Transfer,ATM
TXN1981,CUST027,Anthony Otieno,2026-06-21 18:56:00,2300,Deposit,Agent
TXN2069,CUST073,Amina Njeri,2026-06-21 19:04:00,22000,Withdrawal,Mobile
TXN1943,CUST004,Lucy Odhiambo,2026-06-21 19:06:00,2300,Withdrawal,Branch
TXN2045,CUST058,John Njeri,2026-06-21 19:14:00,15600,Withdrawal,Branch
TXN1961,CUST016,David Kariuki,2026-06-21 19:19:00,11200,Withdrawal,Agent
TXN2048,CUST059,David Achieng,2026-06-21 19:23:00,3400,Withdrawal,Branch
TXN1993,CUST033,Diana Kariuki,2026-06-21 19:24:00,500,Withdrawal,Branch
TXN1979,CUST026,Rebecca Njoki,2026-06-21 19:28:00,4200,Withdrawal,Agent
TXN1963,CUST017,Grace Wafula,2026-06-21 19:39:00,9800,Deposit,Branch
TXN1941,CUST003,Fatuma Wafula,2026-06-21 19:43:00,1200,Transfer,ATM
TXN2007,CUST041,Victor Mwangi,2026-06-21 19:46:00,3400,Withdrawal,ATM
TXN1938,CUST003,Fatuma Wafula,2026-06-21 19:47:00,6700,Transfer,Mobile
TXN2071,CUST074,Sarah Mwangi,2026-06-21 19:52:00,6700,Transfer,Mobile
TXN1937,CUST002,Beatrice Otieno,2026-06-21 19:56:00,6700,Withdrawal,ATM
TXN1946,CUST005,Sarah Otieno,2026-06-21 20:01:00,34500,Transfer,Mobile
TXN2034,CUST054,Paul Chebet,2026-06-21 20:06:00,500,Deposit,Mobile
TXN2033,CUST051,Daniel Njoki,2026-06-21 20:09:00,750,Transfer,ATM
TXN1985,CUST028,Nancy Achieng,2026-06-21 20:12:00,1800,Withdrawal,Branch
TXN1950,CUST006,Francis Achieng,2026-06-21 20:32:00,18300,Withdrawal,Mobile
TXN2057,CUST063,Peter Mwangi,2026-06-21 20:42:00,41000,Withdrawal,Branch
TXN2072,CUST074,Sarah Mwangi,2026-06-21 20:42:00,22000,Transfer,ATM
TXN2040,CUST056,Susan Odhiambo,2026-06-21 20:44:00,750,Transfer,Branch
TXN1983,CUST027,Anthony Otieno,2026-06-21 20:50:00,6700,Withdrawal,Branch
TXN2015,CUST043,Rose Onyango,2026-06-21 20:54:00,11200,Transfer,Branch
TXN2140,CUST029,Rose Wafula,2026-06-22 07:05:00,500,Deposit,Branch
TXN2102,CUST012,Anthony Kimani,2026-06-22 07:16:00,27500,Deposit,Branch
TXN2126,CUST024,Anthony Achieng,2026-06-22 07:29:00,41000,Transfer,ATM
TXN2204,CUST065,Rebecca Wambui,2026-06-22 07:38:00,34500,Transfer,Branch
TXN2127,CUST024,Anthony Achieng,2026-06-22 07:45:00,3400,Deposit,Mobile
TXN2170,CUST046,George Nyambura,2026-06-22 07:47:00,3400,Withdrawal,Agent
TXN2173,CUST050,Peter Wambui,2026-06-22 07:47:00,22000,Transfer,ATM
TXN2134,CUST026,Rebecca Njoki,2026-06-22 07:58:00,34500,Withdrawal,Agent
TXN2135,CUST026,Rebecca Njoki,2026-06-22 07:59:00,1200,Withdrawal,Mobile
TXN2176,CUST051,Daniel Njoki,2026-06-22 08:02:00,500,Deposit,Branch
TXN2203,CUST065,Rebecca Wambui,2026-06-22 08:02:00,3400,Transfer,Agent
TXN2109,CUST015,Sarah Chebet,2026-06-22 08:14:00,500,Transfer,ATM
TXN2129,CUST024,Anthony Achieng,2026-06-22 08:14:00,1200,Withdrawal,Agent
TXN2098,CUST009,Fatuma Kariuki,2026-06-22 08:16:00,12000,Deposit,Branch
TXN2081,CUST001,George Hassan,2026-06-22 08:18:00,1200,Deposit,Branch
TXN2166,CUST042,Faith Hassan,2026-06-22 08:21:00,750,Deposit,Agent
TXN2155,CUST037,Rose Nyambura,2026-06-22 08:25:00,2300,Deposit,ATM
TXN2220,CUST077,Victor Wafula,2026-06-22 08:35:00,22000,Transfer,Agent
TXN2196,CUST060,Paul Hassan,2026-06-22 08:37:00,3400,Withdrawal,ATM
TXN2197,CUST061,Ann Chebet,2026-06-22 08:38:00,15600,Deposit,Agent
TXN2119,CUST020,Kennedy Kimani,2026-06-22 08:39:00,1800,Deposit,Mobile
TXN2089,CUST006,Francis Achieng,2026-06-22 08:40:00,750,Withdrawal,Mobile
TXN2174,CUST051,Daniel Njoki,2026-06-22 08:40:00,4200,Transfer,Branch
TXN2198,CUST061,Ann Chebet,2026-06-22 08:46:00,18300,Transfer,Agent
TXN2101,CUST012,Anthony Kimani,2026-06-22 08:55:00,27500,Deposit,Branch
TXN2177,CUST053,Anthony Muthoni,2026-06-22 09:06:00,4200,Withdrawal,Agent
TXN2082,CUST001,George Hassan,2026-06-22 09:11:00,6700,Deposit,Mobile
TXN2096,CUST009,Fatuma Kariuki,2026-06-22 09:24:00,15600,Transfer,Agent
TXN2130,CUST025,Caroline Kimani,2026-06-22 09:24:00,1800,Deposit,Branch
TXN2194,CUST059,David Achieng,2026-06-22 09:27:00,1800,Transfer,ATM
TXN2128,CUST024,Anthony Achieng,2026-06-22 09:33:00,8900,Transfer,Agent
TXN2159,CUST039,Charles Njoki,2026-06-22 09:35:00,500,Transfer,Branch
TXN2138,CUST029,Rose Wafula,2026-06-22 09:38:00,750,Transfer,Agent
TXN2186,CUST057,Ruth Kilonzo,2026-06-22 09:44:00,500,Transfer,Mobile
TXN2148,CUST034,James Kariuki,2026-06-22 09:55:00,15600,Deposit,ATM
TXN2210,CUST073,Amina Njeri,2026-06-22 09:58:00,6700,Deposit,Branch
TXN2218,CUST077,Victor Wafula,2026-06-22 09:58:00,3400,Deposit,ATM
TXN2171,CUST047,Dennis Kilonzo,2026-06-22 10:03:00,15600,Deposit,Mobile
TXN2125,CUST023,Lucy Gathoni,2026-06-22 10:23:00,34500,Deposit,Mobile
TXN2139,CUST029,Rose Wafula,2026-06-22 10:26:00,5400,Transfer,ATM
TXN2120,CUST020,Kennedy Kimani,2026-06-22 10:55:00,18300,Transfer,ATM
TXN2175,CUST051,Daniel Njoki,2026-06-22 11:02:00,1800,Withdrawal,Branch
TXN2151,CUST036,Diana Omondi,2026-06-22 11:11:00,15600,Deposit,ATM
TXN2149,CUST034,James Kariuki,2026-06-22 11:19:00,4200,Transfer,Branch
TXN2164,CUST042,Faith Hassan,2026-06-22 11:23:00,27500,Withdrawal,Agent
TXN2086,CUST003,Fatuma Wafula,2026-06-22 11:51:00,27500,Withdrawal,ATM
TXN2168,CUST044,Grace Njoki,2026-06-22 11:57:00,9800,Deposit,ATM
TXN2190,CUST058,John Njeri,2026-06-22 11:57:00,5400,Transfer,Mobile
TXN2211,CUST074,Sarah Mwangi,2026-06-22 11:58:00,1200,Withdrawal,Branch
TXN2083,CUST002,Beatrice Otieno,2026-06-22 12:07:00,27500,Transfer,Agent
TXN2097,CUST009,Fatuma Kariuki,2026-06-22 12:07:00,6700,Deposit,Mobile
TXN2117,CUST019,Victor Hassan,2026-06-22 12:15:00,1800,Withdrawal,Mobile
TXN2131,CUST025,Caroline Kimani,2026-06-22 12:19:00,9800,Transfer,Branch
TXN2156,CUST037,Rose Nyambura,2026-06-22 12:22:00,12000,Transfer,Branch
TXN2179,CUST053,Anthony Muthoni,2026-06-22 12:25:00,15600,Deposit,ATM
TXN2147,CUST034,James Kariuki,2026-06-22 12:26:00,6700,Withdrawal,Branch
TXN2146,CUST033,Diana Kariuki,2026-06-22 12:29:00,4200,Transfer,Branch
TXN2158,CUST039,Charles Njoki,2026-06-22 12:32:00,12000,Deposit,Agent
TXN2080,CUST001,George Hassan,2026-06-22 12:33:00,8900,Withdrawal,Agent
TXN2163,CUST042,Faith Hassan,2026-06-22 12:51:00,22000,Deposit,ATM
TXN2208,CUST072,Joyce Kariuki,2026-06-22 12:53:00,4200,Withdrawal,Mobile
TXN2118,CUST019,Victor Hassan,2026-06-22 12:56:00,500,Withdrawal,Branch
TXN2221,CUST078,Caroline Kilonzo,2026-06-22 12:56:00,2300,Deposit,ATM
TXN2122,CUST021,Anthony Kiptoo,2026-06-22 12:57:00,11200,Transfer,Agent
TXN2092,CUST007,Grace Njoki,2026-06-22 13:33:00,1800,Withdrawal,ATM
TXN2133,CUST026,Rebecca Njoki,2026-06-22 13:53:00,34500,Withdrawal,Branch
TXN2214,CUST075,Kevin Kiptoo,2026-06-22 13:58:00,22000,Deposit,Mobile
TXN2180,CUST054,Paul Chebet,2026-06-22 14:01:00,4200,Withdrawal,Branch
TXN2150,CUST034,James Kariuki,2026-06-22 14:05:00,3400,Withdrawal,Agent
TXN2124,CUST022,Rebecca Mwangi,2026-06-22 14:28:00,15600,Withdrawal,Branch
TXN2153,CUST036,Diana Omondi,2026-06-22 14:33:00,5400,Deposit,Branch
TXN2132,CUST025,Caroline Kimani,2026-06-22 14:34:00,27500,Withdrawal,Branch
TXN2222,CUST080,Mercy Omondi,2026-06-22 14:37:00,8900,Deposit,ATM
TXN2207,CUST071,James Hassan,2026-06-22 14:38:00,22000,Transfer,Mobile
TXN2091,CUST006,Francis Achieng,2026-06-22 14:43:00,1200,Deposit,Mobile
TXN2216,CUST075,Kevin Kiptoo,2026-06-22 14:52:00,27500,Withdrawal,Agent
TXN2157,CUST037,Rose Nyambura,2026-06-22 14:55:00,41000,Transfer,Mobile
TXN2183,CUST056,Susan Odhiambo,2026-06-22 14:56:00,500,Transfer,Agent
TXN2219,CUST077,Victor Wafula,2026-06-22 14:59:00,750,Transfer,Agent
TXN2144,CUST032,Susan Odhiambo,2026-06-22 15:03:00,22000,Withdrawal,ATM
TXN2094,CUST008,Josephine Onyango,2026-06-22 15:06:00,1800,Deposit,Branch
TXN2185,CUST057,Ruth Kilonzo,2026-06-22 15:09:00,22000,Withdrawal,ATM
TXN2154,CUST036,Diana Omondi,2026-06-22 15:10:00,6700,Withdrawal,Agent
TXN2137,CUST027,Anthony Otieno,2026-06-22 15:13:00,3400,Withdrawal,ATM
TXN2141,CUST030,Josephine Nyambura,2026-06-22 15:16:00,6700,Transfer,Branch
TXN2084,CUST003,Fatuma Wafula,2026-06-22 15:19:00,1800,Withdrawal,Mobile
TXN2088,CUST004,Lucy Odhiambo,2026-06-22 15:28:00,9800,Transfer,Mobile
TXN2201,CUST064,Eric Chebet,2026-06-22 15:32:00,27500,Deposit,Agent
TXN2165,CUST042,Faith Hassan,2026-06-22 15:34:00,9800,Transfer,ATM
TXN2172,CUST049,Susan Njoki,2026-06-22 15:35:00,1800,Withdrawal,ATM
TXN2112,CUST016,David Kariuki,2026-06-22 15:41:00,9800,Deposit,ATM
TXN2217,CUST076,Amina Hassan,2026-06-22 15:43:00,2300,Transfer,Agent
TXN2182,CUST056,Susan Odhiambo,2026-06-22 15:50:00,41000,Withdrawal,ATM
TXN2136,CUST026,Rebecca Njoki,2026-06-22 15:54:00,5400,Transfer,ATM
TXN2106,CUST014,David Gathoni,2026-06-22 16:02:00,1200,Deposit,Branch
TXN2189,CUST058,John Njeri,2026-06-22 16:10:00,9800,Deposit,Branch
TXN2142,CUST031,Susan Gathoni,2026-06-22 16:11:00,5400,Transfer,Mobile
TXN2212,CUST074,Sarah Mwangi,2026-06-22 16:19:00,1800,Transfer,ATM
TXN2108,CUST015,Sarah Chebet,2026-06-22 16:22:00,12000,Deposit,Agent
TXN2085,CUST003,Fatuma Wafula,2026-06-22 16:24:00,15600,Deposit,Mobile
TXN2188,CUST057,Ruth Kilonzo,2026-06-22 16:24:00,15600,Deposit,ATM
TXN2195,CUST060,Paul Hassan,2026-06-22 16:32:00,15600,Transfer,Mobile
TXN2191,CUST058,John Njeri,2026-06-22 16:44:00,9800,Deposit,Agent
TXN2099,CUST010,Peter Wafula,2026-06-22 16:51:00,8900,Deposit,ATM
TXN2095,CUST009,Fatuma Kariuki,2026-06-22 16:53:00,15600,Withdrawal,Branch
TXN2213,CUST075,Kevin Kiptoo,2026-06-22 16:54:00,18300,Withdrawal,Mobile
TXN2123,CUST022,Rebecca Mwangi,2026-06-22 16:58:00,2300,Transfer,Mobile
TXN2162,CUST040,John Omondi,2026-06-22 17:11:00,8900,Withdrawal,Branch
TXN2209,CUST072,Joyce Kariuki,2026-06-22 17:11:00,27500,Deposit,Agent
TXN2104,CUST013,Joyce Gathoni,2026-06-22 17:12:00,15600,Withdrawal,Mobile
TXN2178,CUST053,Anthony Muthoni,2026-06-22 17:12:00,11200,Withdrawal,ATM
TXN2200,CUST064,Eric Chebet,2026-06-22 17:16:00,750,Deposit,Branch
TXN2160,CUST039,Charles Njoki,2026-06-22 17:23:00,12000,Deposit,Branch
TXN2184,CUST056,Susan Odhiambo,2026-06-22 17:25:00,27500,Withdrawal,Mobile
TXN2205,CUST066,Mercy Onyango,2026-06-22 17:54:00,12000,Withdrawal,Agent
TXN2202,CUST065,Rebecca Wambui,2026-06-22 17:55:00,9800,Deposit,ATM
TXN2093,CUST007,Grace Njoki,2026-06-22 18:06:00,1200,Withdrawal,Agent
TXN2111,CUST016,David Kariuki,2026-06-22 18:10:00,3400,Deposit,Agent
TXN2169,CUST045,Rebecca Gathoni,2026-06-22 18:24:00,500,Withdrawal,Branch
TXN2215,CUST075,Kevin Kiptoo,2026-06-22 18:24:00,6700,Transfer,ATM
TXN2143,CUST032,Susan Odhiambo,2026-06-22 18:38:00,5400,Deposit,ATM
TXN2100,CUST011,Josephine Otieno,2026-06-22 18:50:00,3400,Transfer,Branch
TXN2161,CUST040,John Omondi,2026-06-22 19:10:00,34500,Transfer,ATM
TXN2181,CUST055,Dennis Wanjiru,2026-06-22 19:22:00,1200,Deposit,Mobile
TXN2167,CUST044,Grace Njoki,2026-06-22 19:24:00,1800,Deposit,Mobile
TXN2116,CUST019,Victor Hassan,2026-06-22 19:29:00,5400,Transfer,Agent
TXN2121,CUST021,Anthony Kiptoo,2026-06-22 19:30:00,12000,Deposit,ATM
TXN2152,CUST036,Diana Omondi,2026-06-22 19:37:00,22000,Deposit,Agent
TXN2192,CUST058,John Njeri,2026-06-22 19:39:00,9800,Withdrawal,ATM
TXN2115,CUST018,Mercy Kiptoo,2026-06-22 19:55:00,34500,Deposit,Agent
TXN2110,CUST016,David Kariuki,2026-06-22 19:58:00,6700,Transfer,Mobile
TXN2145,CUST032,Susan Odhiambo,2026-06-22 20:05:00,1800,Transfer,ATM
TXN2114,CUST018,Mercy Kiptoo,2026-06-22 20:11:00,9800,Withdrawal,Mobile
TXN2105,CUST013,Joyce Gathoni,2026-06-22 20:14:00,41000,Deposit,Mobile
TXN2113,CUST016,David Kariuki,2026-06-22 20:19:00,3400,Withdrawal,Agent
TXN2107,CUST014,David Gathoni,2026-06-22 20:20:00,750,Deposit,Agent
TXN2087,CUST004,Lucy Odhiambo,2026-06-22 20:30:00,15600,Transfer,Agent
TXN2206,CUST066,Mercy Onyango,2026-06-22 20:32:00,1200,Deposit,ATM
TXN2103,CUST012,Anthony Kimani,2026-06-22 20:39:00,9800,Deposit,Branch
TXN2199,CUST064,Eric Chebet,2026-06-22 20:46:00,8900,Withdrawal,Mobile
TXN2187,CUST057,Ruth Kilonzo,2026-06-22 20:51:00,11200,Deposit,Branch
TXN2090,CUST006,Francis Achieng,2026-06-22 20:58:00,34500,Withdrawal,Mobile
TXN2193,CUST059,David Achieng,2026-06-22 20:59:00,1800,Deposit,Mobile
TXN2275,CUST032,Susan Odhiambo,2026-06-23 07:09:00,1200,Deposit,Mobile
TXN2300,CUST045,Rebecca Gathoni,2026-06-23 07:25:00,12000,Withdrawal,ATM
TXN2290,CUST039,Charles Njoki,2026-06-23 07:27:00,27500,Transfer,Agent
TXN2318,CUST052,David Kiptoo,2026-06-23 07:27:00,15600,Transfer,ATM
TXN2234,CUST006,Francis Achieng,2026-06-23 07:36:00,5400,Withdrawal,Branch
TXN2306,CUST048,Rose Gathoni,2026-06-23 07:36:00,9800,Transfer,Mobile
TXN2313,CUST051,Daniel Njoki,2026-06-23 07:42:00,12000,Deposit,Branch
TXN2293,CUST041,Victor Mwangi,2026-06-23 07:45:00,3400,Deposit,ATM
TXN2377,CUST078,Caroline Kilonzo,2026-06-23 07:53:00,41000,Withdrawal,Branch
TXN2297,CUST043,Rose Onyango,2026-06-23 07:54:00,4200,Withdrawal,ATM
TXN2372,CUST076,Amina Hassan,2026-06-23 07:56:00,41000,Withdrawal,ATM
TXN2263,CUST024,Anthony Achieng,2026-06-23 08:04:00,1200,Transfer,Branch
TXN2317,CUST052,David Kiptoo,2026-06-23 08:05:00,1800,Withdrawal,Agent
TXN2369,CUST075,Kevin Kiptoo,2026-06-23 08:11:00,41000,Withdrawal,Branch
TXN2258,CUST022,Rebecca Mwangi,2026-06-23 08:15:00,18300,Withdrawal,Branch
TXN2235,CUST008,Josephine Onyango,2026-06-23 08:17:00,41000,Transfer,Agent
TXN2316,CUST052,David Kiptoo,2026-06-23 08:19:00,18300,Withdrawal,Mobile
TXN2309,CUST049,Susan Njoki,2026-06-23 08:21:00,12000,Withdrawal,ATM
TXN2292,CUST041,Victor Mwangi,2026-06-23 08:23:00,5400,Deposit,ATM
TXN2267,CUST026,Rebecca Njoki,2026-06-23 08:30:00,15600,Withdrawal,Mobile
TXN2320,CUST053,Anthony Muthoni,2026-06-23 08:32:00,27500,Deposit,Mobile
TXN2260,CUST022,Rebecca Mwangi,2026-06-23 08:34:00,8900,Deposit,Agent
TXN2332,CUST060,Paul Hassan,2026-06-23 08:41:00,4200,Transfer,Branch
TXN2301,CUST047,Dennis Kilonzo,2026-06-23 08:48:00,9800,Deposit,Branch
TXN2274,CUST032,Susan Odhiambo,2026-06-23 08:51:00,12000,Withdrawal,Branch
TXN2237,CUST009,Fatuma Kariuki,2026-06-23 08:53:00,750,Transfer,Branch
TXN2242,CUST011,Josephine Otieno,2026-06-23 09:09:00,2300,Transfer,Mobile
TXN2357,CUST070,Samuel Njoki,2026-06-23 09:22:00,22000,Transfer,ATM
TXN2279,CUST034,James Kariuki,2026-06-23 09:23:00,11200,Transfer,Branch
TXN2325,CUST057,Ruth Kilonzo,2026-06-23 09:26:00,500,Deposit,Branch
TXN2367,CUST074,Sarah Mwangi,2026-06-23 09:26:00,4200,Transfer,Branch
TXN2358,CUST070,Samuel Njoki,2026-06-23 09:33:00,3400,Deposit,Branch
TXN2295,CUST042,Faith Hassan,2026-06-23 09:41:00,4200,Transfer,Branch
TXN2374,CUST078,Caroline Kilonzo,2026-06-23 09:41:00,11200,Deposit,Mobile
TXN2328,CUST058,John Njeri,2026-06-23 09:50:00,18300,Withdrawal,Agent
TXN2341,CUST063,Peter Mwangi,2026-06-23 09:57:00,27500,Withdrawal,Mobile
TXN2269,CUST029,Rose Wafula,2026-06-23 10:03:00,6700,Transfer,Agent
TXN2250,CUST014,David Gathoni,2026-06-23 10:04:00,750,Withdrawal,Agent
TXN2378,CUST079,Anthony Nyambura,2026-06-23 10:05:00,750,Deposit,Mobile
TXN2265,CUST025,Caroline Kimani,2026-06-23 10:06:00,22000,Transfer,ATM
TXN2344,CUST064,Eric Chebet,2026-06-23 10:20:00,9800,Transfer,Mobile
TXN2310,CUST049,Susan Njoki,2026-06-23 10:21:00,41000,Withdrawal,ATM
TXN2224,CUST001,George Hassan,2026-06-23 10:29:00,2300,Deposit,ATM
TXN2227,CUST002,Beatrice Otieno,2026-06-23 10:38:00,5400,Deposit,Agent
TXN2257,CUST021,Anthony Kiptoo,2026-06-23 10:42:00,5400,Deposit,Agent
TXN2283,CUST035,Peter Gathoni,2026-06-23 10:45:00,27500,Transfer,ATM
TXN2304,CUST048,Rose Gathoni,2026-06-23 10:45:00,6700,Withdrawal,ATM
TXN2247,CUST013,Joyce Gathoni,2026-06-23 10:49:00,1800,Deposit,ATM
TXN2330,CUST058,John Njeri,2026-06-23 10:56:00,9800,Transfer,ATM
TXN2246,CUST013,Joyce Gathoni,2026-06-23 10:59:00,500,Withdrawal,Agent
TXN2266,CUST025,Caroline Kimani,2026-06-23 11:04:00,41000,Deposit,Branch
TXN2350,CUST067,Rebecca Wambui,2026-06-23 11:05:00,34500,Deposit,Branch
TXN2282,CUST035,Peter Gathoni,2026-06-23 11:07:00,18300,Deposit,ATM
TXN2284,CUST036,Diana Omondi,2026-06-23 11:18:00,12000,Transfer,Mobile
TXN2336,CUST061,Ann Chebet,2026-06-23 11:19:00,5400,Transfer,Branch
TXN2308,CUST049,Susan Njoki,2026-06-23 11:26:00,11200,Withdrawal,Branch
TXN2253,CUST017,Grace Wafula,2026-06-23 11:27:00,9800,Withdrawal,ATM
TXN2243,CUST012,Anthony Kimani,2026-06-23 11:32:00,41000,Transfer,Mobile
TXN2261,CUST023,Lucy Gathoni,2026-06-23 11:42:00,9800,Withdrawal,Mobile
TXN2280,CUST035,Peter Gathoni,2026-06-23 11:42:00,27500,Withdrawal,Mobile
TXN2365,CUST073,Amina Njeri,2026-06-23 11:43:00,2300,Transfer,ATM
TXN2333,CUST060,Paul Hassan,2026-06-23 11:51:00,27500,Withdrawal,Branch
TXN2321,CUST054,Paul Chebet,2026-06-23 11:55:00,34500,Withdrawal,Branch
TXN2264,CUST024,Anthony Achieng,2026-06-23 11:58:00,2300,Deposit,ATM
TXN2270,CUST029,Rose Wafula,2026-06-23 12:10:00,11200,Deposit,Agent
TXN2368,CUST074,Sarah Mwangi,2026-06-23 12:14:00,15600,Deposit,Agent
TXN2241,CUST010,Peter Wafula,2026-06-23 12:16:00,34500,Withdrawal,Branch
TXN2296,CUST042,Faith Hassan,2026-06-23 12:17:00,1200,Transfer,Branch
TXN2291,CUST040,John Omondi,2026-06-23 12:21:00,22000,Withdrawal,Branch
TXN2345,CUST065,Rebecca Wambui,2026-06-23 12:23:00,1800,Withdrawal,Mobile
TXN2248,CUST014,David Gathoni,2026-06-23 12:30:00,1200,Withdrawal,Mobile
TXN2361,CUST071,James Hassan,2026-06-23 12:40:00,2300,Deposit,Agent
TXN2326,CUST057,Ruth Kilonzo,2026-06-23 13:00:00,4200,Transfer,Branch
TXN2354,CUST069,Moses Kariuki,2026-06-23 13:02:00,6700,Withdrawal,Branch
TXN2232,CUST006,Francis Achieng,2026-06-23 13:05:00,750,Deposit,Mobile
TXN2315,CUST052,David Kiptoo,2026-06-23 13:10:00,2300,Deposit,ATM
TXN2298,CUST043,Rose Onyango,2026-06-23 13:12:00,3400,Deposit,Mobile
TXN2322,CUST054,Paul Chebet,2026-06-23 13:22:00,9800,Transfer,Agent
TXN2238,CUST009,Fatuma Kariuki,2026-06-23 13:23:00,500,Withdrawal,Mobile
TXN2281,CUST035,Peter Gathoni,2026-06-23 13:27:00,4200,Withdrawal,Agent
TXN2236,CUST009,Fatuma Kariuki,2026-06-23 13:44:00,500,Withdrawal,ATM
TXN2262,CUST024,Anthony Achieng,2026-06-23 13:44:00,15600,Withdrawal,Branch
TXN2366,CUST074,Sarah Mwangi,2026-06-23 13:53:00,15600,Withdrawal,Mobile
TXN2356,CUST070,Samuel Njoki,2026-06-23 14:01:00,11200,Deposit,Branch
TXN2307,CUST049,Susan Njoki,2026-06-23 14:07:00,6700,Withdrawal,ATM
TXN2379,CUST080,Mercy Omondi,2026-06-23 14:11:00,750,Withdrawal,Agent
TXN2380,CUST080,Mercy Omondi,2026-06-23 14:14:00,11200,Withdrawal,ATM
TXN2287,CUST036,Diana Omondi,2026-06-23 14:23:00,1800,Deposit,Branch
TXN2327,CUST058,John Njeri,2026-06-23 14:23:00,12000,Deposit,Branch
TXN2244,CUST013,Joyce Gathoni,2026-06-23 14:26:00,18300,Transfer,Mobile
TXN2271,CUST030,Josephine Nyambura,2026-06-23 14:28:00,4200,Withdrawal,Branch
TXN2338,CUST062,Beatrice Njeri,2026-06-23 14:28:00,34500,Withdrawal,Mobile
TXN2249,CUST014,David Gathoni,2026-06-23 14:32:00,6700,Withdrawal,Branch
TXN2299,CUST045,Rebecca Gathoni,2026-06-23 14:32:00,12000,Transfer,Agent
TXN2359,CUST070,Samuel Njoki,2026-06-23 14:32:00,5400,Withdrawal,Branch
TXN2355,CUST069,Moses Kariuki,2026-06-23 14:50:00,11200,Deposit,Agent
TXN2375,CUST078,Caroline Kilonzo,2026-06-23 14:51:00,1800,Transfer,Branch
TXN2226,CUST001,George Hassan,2026-06-23 14:59:00,5400,Transfer,Branch
TXN2255,CUST020,Kennedy Kimani,2026-06-23 15:02:00,9800,Withdrawal,Mobile
TXN2289,CUST039,Charles Njoki,2026-06-23 15:03:00,9800,Deposit,ATM
TXN2229,CUST004,Lucy Odhiambo,2026-06-23 15:04:00,5400,Transfer,Mobile
TXN2223,CUST001,George Hassan,2026-06-23 15:11:00,9800,Withdrawal,Agent
TXN2278,CUST034,James Kariuki,2026-06-23 15:13:00,22000,Transfer,Agent
TXN2233,CUST006,Francis Achieng,2026-06-23 15:26:00,11200,Transfer,Branch
TXN2331,CUST060,Paul Hassan,2026-06-23 15:30:00,5400,Transfer,Branch
TXN2364,CUST072,Joyce Kariuki,2026-06-23 15:35:00,41000,Transfer,Branch
TXN2256,CUST020,Kennedy Kimani,2026-06-23 15:47:00,5400,Transfer,ATM
TXN2252,CUST016,David Kariuki,2026-06-23 15:49:00,18300,Withdrawal,Branch
TXN2349,CUST066,Mercy Onyango,2026-06-23 15:59:00,500,Withdrawal,Agent
TXN2254,CUST018,Mercy Kiptoo,2026-06-23 16:02:00,22000,Withdrawal,Branch
TXN2276,CUST033,Diana Kariuki,2026-06-23 16:20:00,34500,Transfer,ATM
TXN2239,CUST010,Peter Wafula,2026-06-23 16:34:00,12000,Withdrawal,Agent
TXN2370,CUST076,Amina Hassan,2026-06-23 16:34:00,5400,Deposit,ATM
TXN2362,CUST072,Joyce Kariuki,2026-06-23 16:37:00,5400,Deposit,ATM
TXN2314,CUST051,Daniel Njoki,2026-06-23 16:39:00,4200,Transfer,ATM
TXN2268,CUST027,Anthony Otieno,2026-06-23 16:46:00,1200,Transfer,Mobile
TXN2305,CUST048,Rose Gathoni,2026-06-23 16:49:00,41000,Deposit,Mobile
TXN2360,CUST071,James Hassan,2026-06-23 16:51:00,2300,Deposit,Agent
TXN2342,CUST063,Peter Mwangi,2026-06-23 16:56:00,6700,Deposit,Mobile
TXN5704,CUST007,Grace Njoki,2026-06-23 17:00:00,8900,Transfer,Mobile
TXN2302,CUST047,Dennis Kilonzo,2026-06-23 17:02:00,5400,Withdrawal,Mobile
TXN2251,CUST016,David Kariuki,2026-06-23 17:05:00,15600,Deposit,Mobile
TXN2230,CUST005,Sarah Otieno,2026-06-23 17:07:00,8900,Withdrawal,Branch
TXN5705,CUST007,Grace Njoki,2026-06-23 17:12:00,6700,Transfer,Mobile
TXN2347,CUST066,Mercy Onyango,2026-06-23 17:17:00,8900,Transfer,Mobile
TXN2225,CUST001,George Hassan,2026-06-23 17:23:00,41000,Transfer,Agent
TXN5706,CUST007,Grace Njoki,2026-06-23 17:24:00,6700,Transfer,Mobile
TXN2259,CUST022,Rebecca Mwangi,2026-06-23 17:25:00,2300,Withdrawal,ATM
TXN2337,CUST061,Ann Chebet,2026-06-23 17:28:00,9800,Transfer,Branch
TXN2324,CUST055,Dennis Wanjiru,2026-06-23 17:34:00,9800,Withdrawal,Agent
TXN2303,CUST048,Rose Gathoni,2026-06-23 17:36:00,6700,Deposit,Mobile
TXN5707,CUST007,Grace Njoki,2026-06-23 17:36:00,5400,Transfer,Mobile
TXN5708,CUST007,Grace Njoki,2026-06-23 17:48:00,500,Withdrawal,Mobile
TXN2277,CUST033,Diana Kariuki,2026-06-23 17:50:00,41000,Transfer,Branch
TXN2273,CUST032,Susan Odhiambo,2026-06-23 17:55:00,750,Transfer,Mobile
TXN2339,CUST062,Beatrice Njeri,2026-06-23 17:59:00,2300,Withdrawal,Mobile
TXN5709,CUST007,Grace Njoki,2026-06-23 18:00:00,2300,Withdrawal,Mobile
TXN2245,CUST013,Joyce Gathoni,2026-06-23 18:03:00,6700,Deposit,Branch
TXN2346,CUST066,Mercy Onyango,2026-06-23 18:07:00,1200,Withdrawal,Agent
TXN5710,CUST007,Grace Njoki,2026-06-23 18:12:00,750,Transfer,Mobile
TXN2228,CUST002,Beatrice Otieno,2026-06-23 18:15:00,41000,Withdrawal,ATM
TXN2376,CUST078,Caroline Kilonzo,2026-06-23 18:19:00,3400,Deposit,Mobile
TXN2319,CUST053,Anthony Muthoni,2026-06-23 18:22:00,27500,Deposit,Branch
TXN2240,CUST010,Peter Wafula,2026-06-23 18:23:00,34500,Withdrawal,Agent
TXN5711,CUST007,Grace Njoki,2026-06-23 18:24:00,5400,Deposit,Mobile
TXN2272,CUST032,Susan Odhiambo,2026-06-23 18:27:00,6700,Transfer,Branch
TXN2286,CUST036,Diana Omondi,2026-06-23 18:28:00,11200,Transfer,Agent
TXN2335,CUST061,Ann Chebet,2026-06-23 18:30:00,2300,Withdrawal,Agent
TXN2340,CUST063,Peter Mwangi,2026-06-23 18:32:00,3400,Deposit,Mobile
TXN2351,CUST068,Victor Odhiambo,2026-06-23 18:34:00,18300,Deposit,ATM
TXN5712,CUST007,Grace Njoki,2026-06-23 18:36:00,500,Withdrawal,Mobile
TXN2231,CUST006,Francis Achieng,2026-06-23 18:42:00,500,Deposit,Mobile
TXN2353,CUST068,Victor Odhiambo,2026-06-23 18:53:00,27500,Withdrawal,Branch
TXN2363,CUST072,Joyce Kariuki,2026-06-23 19:00:00,8900,Deposit,Branch
TXN2323,CUST055,Dennis Wanjiru,2026-06-23 19:05:00,11200,Withdrawal,Agent
TXN2288,CUST037,Rose Nyambura,2026-06-23 19:27:00,750,Transfer,Agent
TXN2311,CUST051,Daniel Njoki,2026-06-23 19:35:00,8900,Deposit,ATM
TXN2312,CUST051,Daniel Njoki,2026-06-23 19:45:00,22000,Deposit,Mobile
TXN2371,CUST076,Amina Hassan,2026-06-23 20:06:00,500,Withdrawal,ATM
TXN2352,CUST068,Victor Odhiambo,2026-06-23 20:12:00,6700,Deposit,Agent
TXN2348,CUST066,Mercy Onyango,2026-06-23 20:13:00,18300,Transfer,Agent
TXN2285,CUST036,Diana Omondi,2026-06-23 20:16:00,22000,Deposit,Branch
TXN2334,CUST061,Ann Chebet,2026-06-23 20:20:00,8900,Transfer,Branch
TXN2294,CUST041,Victor Mwangi,2026-06-23 20:28:00,8900,Deposit,Branch
TXN2329,CUST058,John Njeri,2026-06-23 20:46:00,1200,Withdrawal,ATM
TXN2373,CUST077,Victor Wafula,2026-06-23 20:49:00,8900,Transfer,Branch
TXN2343,CUST063,Peter Mwangi,2026-06-23 20:52:00,18300,Transfer,Branch
TXN2496,CUST057,Ruth Kilonzo,2026-06-24 07:03:00,750,Withdrawal,Branch
TXN2412,CUST021,Anthony Kiptoo,2026-06-24 07:09:00,27500,Withdrawal,Mobile
TXN5691,CUST021,Anthony Kiptoo,2026-06-24 07:09:00,20000,Withdrawal,ATM
TXN2419,CUST026,Rebecca Njoki,2026-06-24 07:18:00,18300,Transfer,Agent
TXN2468,CUST045,Rebecca Gathoni,2026-06-24 07:20:00,1200,Transfer,ATM
TXN2456,CUST039,Charles Njoki,2026-06-24 07:21:00,750,Transfer,Agent
TXN2398,CUST012,Anthony Kimani,2026-06-24 07:49:00,11200,Transfer,Branch
TXN2431,CUST030,Josephine Nyambura,2026-06-24 07:57:00,5400,Deposit,ATM
TXN2455,CUST039,Charles Njoki,2026-06-24 07:59:00,27500,Deposit,Mobile
TXN2537,CUST076,Amina Hassan,2026-06-24 08:02:00,1800,Withdrawal,Branch
TXN2396,CUST008,Josephine Onyango,2026-06-24 08:08:00,1200,Transfer,Mobile
TXN2506,CUST064,Eric Chebet,2026-06-24 08:08:00,6700,Deposit,Mobile
TXN2439,CUST033,Diana Kariuki,2026-06-24 08:09:00,41000,Transfer,Branch
TXN2422,CUST028,Nancy Achieng,2026-06-24 08:20:00,27500,Transfer,Agent
TXN2401,CUST015,Sarah Chebet,2026-06-24 08:27:00,6700,Deposit,Branch
TXN2464,CUST042,Faith Hassan,2026-06-24 08:28:00,500,Withdrawal,ATM
TXN2474,CUST046,George Nyambura,2026-06-24 08:31:00,2300,Deposit,Mobile
TXN2417,CUST026,Rebecca Njoki,2026-06-24 08:36:00,5400,Transfer,Agent
TXN2514,CUST067,Rebecca Wambui,2026-06-24 08:36:00,18300,Deposit,Agent
TXN2453,CUST038,Eric Kiptoo,2026-06-24 08:45:00,41000,Transfer,Agent
TXN2470,CUST045,Rebecca Gathoni,2026-06-24 08:53:00,1200,Deposit,ATM
TXN2505,CUST063,Peter Mwangi,2026-06-24 09:13:00,1800,Withdrawal,Mobile
TXN2501,CUST059,David Achieng,2026-06-24 09:15:00,500,Transfer,Mobile
TXN2441,CUST034,James Kariuki,2026-06-24 09:45:00,34500,Withdrawal,Agent
TXN2411,CUST021,Anthony Kiptoo,2026-06-24 09:51:00,22000,Withdrawal,Mobile
TXN2387,CUST005,Sarah Otieno,2026-06-24 09:52:00,15600,Deposit,Branch
TXN5692,CUST021,Anthony Kiptoo,2026-06-24 10:07:00,20000,Withdrawal,ATM
TXN2469,CUST045,Rebecca Gathoni,2026-06-24 10:14:00,9800,Withdrawal,Mobile
TXN2432,CUST031,Susan Gathoni,2026-06-24 10:23:00,34500,Transfer,Agent
TXN2434,CUST031,Susan Gathoni,2026-06-24 10:24:00,3400,Transfer,Agent
TXN2428,CUST030,Josephine Nyambura,2026-06-24 10:25:00,18300,Withdrawal,Mobile
TXN2448,CUST037,Rose Nyambura,2026-06-24 10:28:00,8900,Withdrawal,Mobile
TXN2389,CUST006,Francis Achieng,2026-06-24 10:35:00,27500,Withdrawal,Mobile
TXN2413,CUST023,Lucy Gathoni,2026-06-24 10:38:00,27500,Withdrawal,Branch
TXN2486,CUST051,Daniel Njoki,2026-06-24 10:46:00,12000,Withdrawal,Agent
TXN2495,CUST057,Ruth Kilonzo,2026-06-24 10:56:00,3400,Deposit,Branch
TXN2397,CUST008,Josephine Onyango,2026-06-24 11:02:00,8900,Deposit,Branch
TXN2446,CUST036,Diana Omondi,2026-06-24 11:15:00,500,Transfer,Mobile
TXN2452,CUST038,Eric Kiptoo,2026-06-24 11:22:00,12000,Withdrawal,Branch
TXN2545,CUST080,Mercy Omondi,2026-06-24 11:23:00,750,Transfer,Branch
TXN2526,CUST072,Joyce Kariuki,2026-06-24 11:24:00,5400,Deposit,Agent
TXN2515,CUST068,Victor Odhiambo,2026-06-24 11:25:00,2300,Withdrawal,Branch
TXN2519,CUST069,Moses Kariuki,2026-06-24 11:26:00,27500,Withdrawal,Agent
TXN2410,CUST021,Anthony Kiptoo,2026-06-24 11:32:00,500,Deposit,Agent
TXN2529,CUST073,Amina Njeri,2026-06-24 11:33:00,2300,Transfer,ATM
TXN2480,CUST049,Susan Njoki,2026-06-24 11:34:00,6700,Transfer,ATM
TXN2493,CUST056,Susan Odhiambo,2026-06-24 11:34:00,1200,Transfer,Mobile
TXN2424,CUST029,Rose Wafula,2026-06-24 11:38:00,6700,Deposit,ATM
TXN2391,CUST006,Francis Achieng,2026-06-24 11:40:00,22000,Transfer,Branch
TXN2483,CUST050,Peter Wambui,2026-06-24 11:40:00,34500,Withdrawal,Agent
TXN2429,CUST030,Josephine Nyambura,2026-06-24 11:42:00,2300,Withdrawal,ATM
TXN2414,CUST023,Lucy Gathoni,2026-06-24 11:52:00,15600,Deposit,Agent
TXN2425,CUST029,Rose Wafula,2026-06-24 11:52:00,5400,Withdrawal,Branch
TXN2523,CUST070,Samuel Njoki,2026-06-24 11:54:00,34500,Deposit,Agent
TXN2427,CUST029,Rose Wafula,2026-06-24 11:55:00,4200,Deposit,Agent
TXN2472,CUST046,George Nyambura,2026-06-24 12:00:00,12000,Transfer,Agent
TXN2490,CUST052,David Kiptoo,2026-06-24 12:01:00,27500,Deposit,ATM
TXN2383,CUST003,Fatuma Wafula,2026-06-24 12:02:00,9800,Deposit,ATM
TXN2541,CUST078,Caroline Kilonzo,2026-06-24 12:02:00,12000,Transfer,Agent
TXN2492,CUST056,Susan Odhiambo,2026-06-24 12:04:00,3400,Deposit,Branch
TXN2539,CUST076,Amina Hassan,2026-06-24 12:04:00,3400,Transfer,Agent
TXN2532,CUST074,Sarah Mwangi,2026-06-24 12:16:00,12000,Deposit,ATM
TXN2467,CUST043,Rose Onyango,2026-06-24 12:19:00,22000,Deposit,ATM
TXN2528,CUST073,Amina Njeri,2026-06-24 12:24:00,2300,Withdrawal,Mobile
TXN2520,CUST069,Moses Kariuki,2026-06-24 12:28:00,18300,Deposit,ATM
TXN2542,CUST078,Caroline Kilonzo,2026-06-24 12:28:00,6700,Deposit,Branch
TXN2402,CUST015,Sarah Chebet,2026-06-24 12:30:00,12000,Deposit,Agent
TXN2449,CUST037,Rose Nyambura,2026-06-24 12:36:00,1200,Withdrawal,Mobile
TXN2498,CUST058,John Njeri,2026-06-24 12:45:00,12000,Transfer,Branch
TXN2440,CUST034,James Kariuki,2026-06-24 12:55:00,2300,Transfer,Branch
TXN2385,CUST004,Lucy Odhiambo,2026-06-24 13:04:00,27500,Transfer,ATM
TXN2510,CUST065,Rebecca Wambui,2026-06-24 13:04:00,8900,Deposit,Agent
TXN2408,CUST017,Grace Wafula,2026-06-24 13:05:00,1200,Transfer,ATM
TXN2479,CUST048,Rose Gathoni,2026-06-24 13:06:00,8900,Transfer,Mobile
TXN5693,CUST021,Anthony Kiptoo,2026-06-24 13:18:00,20000,Withdrawal,Agent
TXN2508,CUST064,Eric Chebet,2026-06-24 13:21:00,5400,Withdrawal,ATM
TXN2473,CUST046,George Nyambura,2026-06-24 13:39:00,1800,Deposit,ATM
TXN2513,CUST067,Rebecca Wambui,2026-06-24 13:39:00,1800,Withdrawal,ATM
TXN2531,CUST074,Sarah Mwangi,2026-06-24 13:40:00,4200,Withdrawal,ATM
TXN2433,CUST031,Susan Gathoni,2026-06-24 13:42:00,41000,Deposit,ATM
TXN2405,CUST016,David Kariuki,2026-06-24 13:48:00,750,Deposit,Branch
TXN2517,CUST068,Victor Odhiambo,2026-06-24 13:53:00,9800,Deposit,Mobile
TXN2443,CUST035,Peter Gathoni,2026-06-24 13:58:00,500,Deposit,Branch
TXN2454,CUST039,Charles Njoki,2026-06-24 13:59:00,5400,Deposit,Agent
TXN2444,CUST036,Diana Omondi,2026-06-24 14:00:00,18300,Transfer,ATM
TXN2435,CUST032,Susan Odhiambo,2026-06-24 14:02:00,1800,Withdrawal,Mobile
TXN2504,CUST062,Beatrice Njeri,2026-06-24 14:06:00,1800,Deposit,ATM
TXN2543,CUST078,Caroline Kilonzo,2026-06-24 14:11:00,4200,Deposit,Agent
TXN2512,CUST066,Mercy Onyango,2026-06-24 14:18:00,5400,Transfer,ATM
TXN2400,CUST015,Sarah Chebet,2026-06-24 14:19:00,22000,Deposit,ATM
TXN2525,CUST070,Samuel Njoki,2026-06-24 14:26:00,5400,Transfer,Mobile
TXN2458,CUST040,John Omondi,2026-06-24 14:29:00,41000,Deposit,Mobile
TXN2461,CUST041,Victor Mwangi,2026-06-24 14:42:00,9800,Withdrawal,Agent
TXN2395,CUST007,Grace Njoki,2026-06-24 14:46:00,9800,Transfer,Branch
TXN2475,CUST046,George Nyambura,2026-06-24 14:46:00,15600,Transfer,Mobile
TXN2462,CUST042,Faith Hassan,2026-06-24 14:50:00,1200,Transfer,Branch
TXN2476,CUST048,Rose Gathoni,2026-06-24 14:55:00,8900,Withdrawal,ATM
TXN2465,CUST043,Rose Onyango,2026-06-24 15:05:00,15600,Withdrawal,Branch
TXN2406,CUST017,Grace Wafula,2026-06-24 15:10:00,15600,Withdrawal,Agent
TXN2420,CUST027,Anthony Otieno,2026-06-24 15:17:00,27500,Withdrawal,Mobile
TXN2516,CUST068,Victor Odhiambo,2026-06-24 15:27:00,5400,Withdrawal,ATM
TXN2416,CUST023,Lucy Gathoni,2026-06-24 15:42:00,15600,Deposit,Mobile
TXN2494,CUST057,Ruth Kilonzo,2026-06-24 15:48:00,3400,Deposit,Mobile
TXN2488,CUST052,David Kiptoo,2026-06-24 15:56:00,12000,Deposit,Branch
TXN2415,CUST023,Lucy Gathoni,2026-06-24 16:15:00,9800,Withdrawal,Mobile
TXN5694,CUST021,Anthony Kiptoo,2026-06-24 16:18:00,20000,Withdrawal,Agent
TXN2438,CUST032,Susan Odhiambo,2026-06-24 16:23:00,4200,Transfer,Branch
TXN2399,CUST012,Anthony Kimani,2026-06-24 16:25:00,27500,Transfer,ATM
TXN2500,CUST059,David Achieng,2026-06-24 16:34:00,4200,Withdrawal,Agent
TXN2487,CUST051,Daniel Njoki,2026-06-24 16:37:00,3400,Withdrawal,Branch
TXN2521,CUST069,Moses Kariuki,2026-06-24 16:39:00,3400,Withdrawal,Agent
TXN2544,CUST079,Anthony Nyambura,2026-06-24 16:45:00,12000,Transfer,Mobile
TXN2481,CUST049,Susan Njoki,2026-06-24 16:51:00,500,Deposit,ATM
TXN2394,CUST007,Grace Njoki,2026-06-24 17:00:00,8900,Withdrawal,ATM
TXN2484,CUST050,Peter Wambui,2026-06-24 17:00:00,3400,Deposit,Mobile
TXN2388,CUST005,Sarah Otieno,2026-06-24 17:03:00,34500,Withdrawal,ATM
TXN2534,CUST074,Sarah Mwangi,2026-06-24 17:03:00,4200,Withdrawal,Agent
TXN2457,CUST039,Charles Njoki,2026-06-24 17:17:00,15600,Transfer,ATM
TXN2390,CUST006,Francis Achieng,2026-06-24 17:23:00,15600,Withdrawal,Mobile
TXN2386,CUST004,Lucy Odhiambo,2026-06-24 17:27:00,41000,Transfer,ATM
TXN2540,CUST076,Amina Hassan,2026-06-24 17:27:00,6700,Withdrawal,Mobile
TXN2418,CUST026,Rebecca Njoki,2026-06-24 17:31:00,8900,Withdrawal,ATM
TXN2497,CUST058,John Njeri,2026-06-24 17:33:00,9800,Withdrawal,Branch
TXN2477,CUST048,Rose Gathoni,2026-06-24 17:38:00,750,Transfer,Mobile
TXN2430,CUST030,Josephine Nyambura,2026-06-24 17:41:00,27500,Transfer,ATM
TXN2482,CUST050,Peter Wambui,2026-06-24 17:46:00,41000,Withdrawal,ATM
TXN2518,CUST069,Moses Kariuki,2026-06-24 17:46:00,1800,Deposit,Branch
TXN2527,CUST073,Amina Njeri,2026-06-24 17:56:00,18300,Transfer,ATM
TXN2409,CUST017,Grace Wafula,2026-06-24 17:58:00,8900,Transfer,ATM
TXN2384,CUST003,Fatuma Wafula,2026-06-24 17:59:00,34500,Deposit,Branch
TXN2538,CUST076,Amina Hassan,2026-06-24 18:05:00,12000,Withdrawal,Agent
TXN2511,CUST066,Mercy Onyango,2026-06-24 18:07:00,5400,Deposit,Agent
TXN2423,CUST028,Nancy Achieng,2026-06-24 18:19:00,11200,Withdrawal,ATM
TXN2447,CUST037,Rose Nyambura,2026-06-24 18:26:00,41000,Transfer,Mobile
TXN2533,CUST074,Sarah Mwangi,2026-06-24 18:28:00,1200,Deposit,Branch
TXN2382,CUST003,Fatuma Wafula,2026-06-24 18:31:00,500,Withdrawal,Branch
TXN2471,CUST045,Rebecca Gathoni,2026-06-24 18:31:00,11200,Withdrawal,ATM
TXN2436,CUST032,Susan Odhiambo,2026-06-24 18:35:00,4200,Deposit,Agent
TXN2459,CUST040,John Omondi,2026-06-24 18:39:00,4200,Withdrawal,Branch
TXN2393,CUST007,Grace Njoki,2026-06-24 18:40:00,5400,Withdrawal,ATM
TXN2460,CUST040,John Omondi,2026-06-24 18:43:00,3400,Withdrawal,Branch
TXN2445,CUST036,Diana Omondi,2026-06-24 19:00:00,2300,Withdrawal,ATM
TXN2466,CUST043,Rose Onyango,2026-06-24 19:03:00,41000,Deposit,Branch
TXN2535,CUST075,Kevin Kiptoo,2026-06-24 19:05:00,5400,Withdrawal,ATM
TXN5695,CUST021,Anthony Kiptoo,2026-06-24 19:12:00,20000,Withdrawal,Agent
TXN2502,CUST060,Paul Hassan,2026-06-24 19:19:00,500,Deposit,Agent
TXN2536,CUST075,Kevin Kiptoo,2026-06-24 19:19:00,18300,Transfer,ATM
TXN2489,CUST052,David Kiptoo,2026-06-24 19:28:00,4200,Transfer,Agent
TXN2437,CUST032,Susan Odhiambo,2026-06-24 19:29:00,22000,Deposit,Agent
TXN2509,CUST065,Rebecca Wambui,2026-06-24 19:29:00,34500,Deposit,Branch
TXN2421,CUST027,Anthony Otieno,2026-06-24 19:33:00,22000,Deposit,Branch
TXN2503,CUST062,Beatrice Njeri,2026-06-24 19:43:00,18300,Transfer,Branch
TXN2485,CUST050,Peter Wambui,2026-06-24 19:50:00,6700,Withdrawal,Branch
TXN2426,CUST029,Rose Wafula,2026-06-24 19:51:00,34500,Withdrawal,Mobile
TXN2450,CUST038,Eric Kiptoo,2026-06-24 19:56:00,22000,Transfer,Branch
TXN2530,CUST073,Amina Njeri,2026-06-24 19:59:00,15600,Transfer,Agent
TXN2381,CUST002,Beatrice Otieno,2026-06-24 20:00:00,2300,Deposit,Mobile
TXN2522,CUST070,Samuel Njoki,2026-06-24 20:01:00,15600,Transfer,Mobile
TXN2463,CUST042,Faith Hassan,2026-06-24 20:03:00,4200,Deposit,Mobile
TXN2403,CUST015,Sarah Chebet,2026-06-24 20:07:00,41000,Withdrawal,ATM
TXN2392,CUST006,Francis Achieng,2026-06-24 20:12:00,22000,Withdrawal,Agent
TXN2407,CUST017,Grace Wafula,2026-06-24 20:15:00,2300,Transfer,Mobile
TXN2442,CUST034,James Kariuki,2026-06-24 20:18:00,8900,Withdrawal,Agent
TXN2451,CUST038,Eric Kiptoo,2026-06-24 20:25:00,3400,Transfer,ATM
TXN2507,CUST064,Eric Chebet,2026-06-24 20:26:00,18300,Withdrawal,Mobile
TXN2478,CUST048,Rose Gathoni,2026-06-24 20:30:00,6700,Deposit,ATM
TXN2499,CUST058,John Njeri,2026-06-24 20:43:00,41000,Deposit,Agent
TXN2491,CUST055,Dennis Wanjiru,2026-06-24 20:53:00,500,Deposit,Mobile
TXN2524,CUST070,Samuel Njoki,2026-06-24 20:55:00,5400,Deposit,Mobile
TXN2404,CUST016,David Kariuki,2026-06-24 20:59:00,5400,Withdrawal,ATM
TXN5696,CUST021,Anthony Kiptoo,2026-06-24 22:09:00,20000,Withdrawal,ATM
TXN2547,CUST002,Beatrice Otieno,2026-06-25 07:00:00,18300,Transfer,ATM
TXN2709,CUST072,Joyce Kariuki,2026-06-25 07:00:00,27500,Deposit,Agent
TXN5731,CUST011,Josephine Otieno,2026-06-25 07:00:00,100000,Transfer,Branch
TXN2680,CUST059,David Achieng,2026-06-25 07:09:00,750,Transfer,Mobile
TXN2574,CUST012,Anthony Kimani,2026-06-25 07:12:00,27500,Withdrawal,Branch
TXN2726,CUST079,Anthony Nyambura,2026-06-25 07:15:00,34500,Transfer,ATM
TXN2596,CUST022,Rebecca Mwangi,2026-06-25 07:17:00,3400,Deposit,Branch
TXN2725,CUST077,Victor Wafula,2026-06-25 07:18:00,750,Withdrawal,Agent
TXN2699,CUST066,Mercy Onyango,2026-06-25 07:21:00,22000,Transfer,ATM
TXN2684,CUST061,Ann Chebet,2026-06-25 07:22:00,27500,Deposit,Agent
TXN2666,CUST055,Dennis Wanjiru,2026-06-25 07:23:00,1800,Withdrawal,Agent
TXN2720,CUST076,Amina Hassan,2026-06-25 07:23:00,5400,Deposit,Agent
TXN2616,CUST030,Josephine Nyambura,2026-06-25 07:31:00,41000,Deposit,Mobile
TXN2594,CUST021,Anthony Kiptoo,2026-06-25 07:33:00,22000,Deposit,Agent
TXN2566,CUST009,Fatuma Kariuki,2026-06-25 07:46:00,8900,Deposit,Mobile
TXN2692,CUST064,Eric Chebet,2026-06-25 07:46:00,6700,Withdrawal,ATM
TXN2656,CUST048,Rose Gathoni,2026-06-25 07:54:00,8900,Deposit,Mobile
TXN2598,CUST022,Rebecca Mwangi,2026-06-25 07:57:00,41000,Deposit,Branch
TXN2701,CUST069,Moses Kariuki,2026-06-25 08:05:00,41000,Deposit,Agent
TXN2679,CUST059,David Achieng,2026-06-25 08:11:00,15600,Deposit,Agent
TXN2650,CUST046,George Nyambura,2026-06-25 08:13:00,2300,Deposit,ATM
TXN2637,CUST041,Victor Mwangi,2026-06-25 08:20:00,34500,Withdrawal,Branch
TXN2618,CUST030,Josephine Nyambura,2026-06-25 08:27:00,6700,Transfer,Agent
TXN2634,CUST037,Rose Nyambura,2026-06-25 08:28:00,4200,Transfer,Agent
TXN2713,CUST073,Amina Njeri,2026-06-25 08:29:00,9800,Withdrawal,Mobile
TXN2579,CUST014,David Gathoni,2026-06-25 08:31:00,3400,Transfer,Branch
TXN2723,CUST077,Victor Wafula,2026-06-25 08:36:00,34500,Transfer,ATM
TXN2727,CUST079,Anthony Nyambura,2026-06-25 08:38:00,9800,Withdrawal,Agent
TXN2568,CUST010,Peter Wafula,2026-06-25 08:40:00,11200,Deposit,Mobile
TXN2690,CUST063,Peter Mwangi,2026-06-25 08:43:00,3400,Transfer,ATM
TXN2631,CUST036,Diana Omondi,2026-06-25 08:44:00,41000,Withdrawal,ATM
TXN2588,CUST019,Victor Hassan,2026-06-25 08:48:00,34500,Withdrawal,Agent
TXN2654,CUST048,Rose Gathoni,2026-06-25 08:52:00,41000,Deposit,Branch
TXN2732,CUST080,Mercy Omondi,2026-06-25 08:54:00,500,Transfer,Mobile
TXN2562,CUST008,Josephine Onyango,2026-06-25 09:06:00,8900,Deposit,ATM
TXN2672,CUST057,Ruth Kilonzo,2026-06-25 09:08:00,8900,Deposit,Branch
TXN2581,CUST015,Sarah Chebet,2026-06-25 09:19:00,5400,Transfer,Agent
TXN2617,CUST030,Josephine Nyambura,2026-06-25 09:21:00,15600,Transfer,ATM
TXN2643,CUST043,Rose Onyango,2026-06-25 09:25:00,8900,Deposit,ATM
TXN2561,CUST007,Grace Njoki,2026-06-25 09:26:00,8900,Withdrawal,Agent
TXN2671,CUST057,Ruth Kilonzo,2026-06-25 09:28:00,4200,Deposit,ATM
TXN2611,CUST026,Rebecca Njoki,2026-06-25 09:35:00,18300,Deposit,Branch
TXN2663,CUST052,David Kiptoo,2026-06-25 09:36:00,2300,Transfer,Branch
TXN2622,CUST032,Susan Odhiambo,2026-06-25 09:37:00,2300,Deposit,Mobile
TXN2718,CUST075,Kevin Kiptoo,2026-06-25 09:50:00,500,Transfer,Mobile
TXN2733,CUST080,Mercy Omondi,2026-06-25 09:51:00,18300,Deposit,Branch
TXN2686,CUST062,Beatrice Njeri,2026-06-25 09:56:00,1800,Deposit,Mobile
TXN2645,CUST044,Grace Njoki,2026-06-25 09:58:00,27500,Deposit,Branch
TXN2607,CUST025,Caroline Kimani,2026-06-25 10:08:00,500,Withdrawal,Agent
TXN2584,CUST016,David Kariuki,2026-06-25 10:12:00,34500,Transfer,Mobile
TXN2702,CUST069,Moses Kariuki,2026-06-25 10:16:00,18300,Transfer,Mobile
TXN2565,CUST008,Josephine Onyango,2026-06-25 10:20:00,5400,Deposit,Agent
TXN2608,CUST025,Caroline Kimani,2026-06-25 10:20:00,6700,Withdrawal,Mobile
TXN2708,CUST071,James Hassan,2026-06-25 10:21:00,500,Deposit,Agent
TXN2655,CUST048,Rose Gathoni,2026-06-25 10:31:00,34500,Deposit,ATM
TXN2632,CUST037,Rose Nyambura,2026-06-25 10:32:00,2300,Transfer,Branch
TXN2549,CUST002,Beatrice Otieno,2026-06-25 10:36:00,6700,Deposit,Branch
TXN2623,CUST032,Susan Odhiambo,2026-06-25 10:36:00,500,Withdrawal,Mobile
TXN2583,CUST015,Sarah Chebet,2026-06-25 10:49:00,11200,Withdrawal,ATM
TXN2604,CUST024,Anthony Achieng,2026-06-25 11:17:00,1800,Withdrawal,Mobile
TXN2559,CUST006,Francis Achieng,2026-06-25 11:25:00,9800,Withdrawal,Mobile
TXN2704,CUST070,Samuel Njoki,2026-06-25 11:33:00,34500,Deposit,ATM
TXN2558,CUST005,Sarah Otieno,2026-06-25 11:34:00,22000,Transfer,Branch
TXN2573,CUST011,Josephine Otieno,2026-06-25 11:38:00,2300,Withdrawal,Branch
TXN2620,CUST031,Susan Gathoni,2026-06-25 11:38:00,1800,Deposit,Mobile
TXN2677,CUST059,David Achieng,2026-06-25 11:39:00,2300,Withdrawal,Agent
TXN2563,CUST008,Josephine Onyango,2026-06-25 11:41:00,18300,Deposit,Agent
TXN2564,CUST008,Josephine Onyango,2026-06-25 11:42:00,500,Withdrawal,Agent
TXN2722,CUST077,Victor Wafula,2026-06-25 11:44:00,34500,Transfer,Agent
TXN2595,CUST021,Anthony Kiptoo,2026-06-25 11:58:00,500,Deposit,Agent
TXN5732,CUST011,Josephine Otieno,2026-06-25 12:00:00,200000,Transfer,Branch
TXN2728,CUST079,Anthony Nyambura,2026-06-25 12:06:00,3400,Withdrawal,ATM
TXN2721,CUST076,Amina Hassan,2026-06-25 12:16:00,34500,Withdrawal,Mobile
TXN2681,CUST060,Paul Hassan,2026-06-25 12:21:00,3400,Deposit,ATM
TXN2546,CUST002,Beatrice Otieno,2026-06-25 12:24:00,6700,Transfer,Agent
TXN2571,CUST011,Josephine Otieno,2026-06-25 12:26:00,750,Transfer,Branch
TXN2664,CUST054,Paul Chebet,2026-06-25 12:32:00,27500,Deposit,Branch
TXN2673,CUST058,John Njeri,2026-06-25 12:35:00,6700,Deposit,Agent
TXN2700,CUST066,Mercy Onyango,2026-06-25 12:36:00,500,Transfer,ATM
TXN2651,CUST046,George Nyambura,2026-06-25 12:38:00,6700,Deposit,Agent
TXN2576,CUST013,Joyce Gathoni,2026-06-25 12:42:00,1200,Withdrawal,Branch
TXN2621,CUST031,Susan Gathoni,2026-06-25 12:46:00,2300,Deposit,ATM
TXN2715,CUST074,Sarah Mwangi,2026-06-25 12:47:00,2300,Deposit,Mobile
TXN2730,CUST080,Mercy Omondi,2026-06-25 12:52:00,22000,Transfer,Agent
TXN2678,CUST059,David Achieng,2026-06-25 12:55:00,15600,Withdrawal,Mobile
TXN2560,CUST007,Grace Njoki,2026-06-25 12:58:00,5400,Transfer,Branch
TXN2717,CUST075,Kevin Kiptoo,2026-06-25 12:58:00,9800,Deposit,Branch
TXN2661,CUST052,David Kiptoo,2026-06-25 12:59:00,750,Withdrawal,Branch
TXN2706,CUST070,Samuel Njoki,2026-06-25 13:07:00,27500,Deposit,Branch
TXN2644,CUST043,Rose Onyango,2026-06-25 13:09:00,11200,Withdrawal,ATM
TXN2609,CUST025,Caroline Kimani,2026-06-25 13:11:00,1200,Withdrawal,ATM
TXN2592,CUST021,Anthony Kiptoo,2026-06-25 13:12:00,1800,Transfer,Mobile
TXN2646,CUST044,Grace Njoki,2026-06-25 13:17:00,3400,Withdrawal,Agent
TXN2577,CUST013,Joyce Gathoni,2026-06-25 13:33:00,22000,Withdrawal,Mobile
TXN2731,CUST080,Mercy Omondi,2026-06-25 13:39:00,34500,Transfer,Branch
TXN2657,CUST048,Rose Gathoni,2026-06-25 13:41:00,11200,Transfer,Agent
TXN2554,CUST004,Lucy Odhiambo,2026-06-25 13:50:00,34500,Transfer,Branch
TXN2603,CUST024,Anthony Achieng,2026-06-25 13:51:00,3400,Transfer,ATM
TXN2636,CUST039,Charles Njoki,2026-06-25 13:59:00,4200,Transfer,Agent
TXN2555,CUST004,Lucy Odhiambo,2026-06-25 14:02:00,22000,Withdrawal,Agent
TXN2582,CUST015,Sarah Chebet,2026-06-25 14:05:00,22000,Deposit,ATM
TXN2697,CUST066,Mercy Onyango,2026-06-25 14:08:00,41000,Transfer,Agent
TXN2591,CUST020,Kennedy Kimani,2026-06-25 14:11:00,1800,Withdrawal,Agent
TXN2633,CUST037,Rose Nyambura,2026-06-25 14:21:00,5400,Transfer,Agent
TXN2626,CUST035,Peter Gathoni,2026-06-25 14:24:00,2300,Withdrawal,Branch
TXN2599,CUST022,Rebecca Mwangi,2026-06-25 14:26:00,11200,Withdrawal,ATM
TXN2570,CUST011,Josephine Otieno,2026-06-25 14:31:00,8900,Deposit,Mobile
TXN2572,CUST011,Josephine Otieno,2026-06-25 14:31:00,9800,Withdrawal,Branch
TXN2602,CUST023,Lucy Gathoni,2026-06-25 14:49:00,22000,Withdrawal,Branch
TXN2729,CUST079,Anthony Nyambura,2026-06-25 14:50:00,6700,Withdrawal,Agent
TXN2694,CUST065,Rebecca Wambui,2026-06-25 14:51:00,750,Withdrawal,Branch
TXN2712,CUST073,Amina Njeri,2026-06-25 14:54:00,8900,Deposit,Mobile
TXN2610,CUST025,Caroline Kimani,2026-06-25 14:55:00,5400,Deposit,Agent
TXN2703,CUST069,Moses Kariuki,2026-06-25 14:58:00,34500,Transfer,ATM
TXN2605,CUST024,Anthony Achieng,2026-06-25 14:59:00,11200,Transfer,Mobile
TXN2569,CUST010,Peter Wafula,2026-06-25 15:11:00,15600,Deposit,Mobile
TXN2639,CUST041,Victor Mwangi,2026-06-25 15:17:00,750,Transfer,Agent
TXN2619,CUST030,Josephine Nyambura,2026-06-25 15:25:00,3400,Deposit,Agent
TXN2707,CUST070,Samuel Njoki,2026-06-25 15:27:00,5400,Withdrawal,Branch
TXN2647,CUST045,Rebecca Gathoni,2026-06-25 15:33:00,5400,Withdrawal,Branch
TXN2689,CUST063,Peter Mwangi,2026-06-25 15:34:00,1800,Withdrawal,Branch
TXN2685,CUST062,Beatrice Njeri,2026-06-25 15:37:00,11200,Deposit,Agent
TXN2670,CUST057,Ruth Kilonzo,2026-06-25 15:42:00,8900,Deposit,Branch
TXN2593,CUST021,Anthony Kiptoo,2026-06-25 15:45:00,1200,Transfer,Branch
TXN2719,CUST076,Amina Hassan,2026-06-25 15:46:00,9800,Withdrawal,Mobile
TXN2550,CUST003,Fatuma Wafula,2026-06-25 15:48:00,22000,Transfer,Agent
TXN2612,CUST028,Nancy Achieng,2026-06-25 15:52:00,5400,Deposit,Mobile
TXN2567,CUST009,Fatuma Kariuki,2026-06-25 15:57:00,750,Withdrawal,Branch
TXN2653,CUST047,Dennis Kilonzo,2026-06-25 16:02:00,500,Withdrawal,Agent
TXN2659,CUST051,Daniel Njoki,2026-06-25 16:05:00,6700,Withdrawal,Mobile
TXN2642,CUST042,Faith Hassan,2026-06-25 16:12:00,18300,Withdrawal,Branch
TXN2724,CUST077,Victor Wafula,2026-06-25 16:16:00,500,Deposit,ATM
TXN2716,CUST074,Sarah Mwangi,2026-06-25 16:22:00,11200,Deposit,Mobile
TXN2660,CUST051,Daniel Njoki,2026-06-25 16:24:00,11200,Transfer,Branch
TXN2586,CUST016,David Kariuki,2026-06-25 16:48:00,2300,Deposit,Branch
TXN2628,CUST035,Peter Gathoni,2026-06-25 16:52:00,18300,Withdrawal,Mobile
TXN2601,CUST023,Lucy Gathoni,2026-06-25 16:53:00,1200,Deposit,Branch
TXN2675,CUST058,John Njeri,2026-06-25 16:59:00,18300,Transfer,Mobile
TXN2698,CUST066,Mercy Onyango,2026-06-25 17:00:00,22000,Transfer,Branch
TXN5733,CUST011,Josephine Otieno,2026-06-25 17:00:00,100000,Transfer,Branch
TXN2669,CUST057,Ruth Kilonzo,2026-06-25 17:10:00,15600,Transfer,Branch
TXN2695,CUST065,Rebecca Wambui,2026-06-25 17:20:00,8900,Transfer,ATM
TXN2648,CUST045,Rebecca Gathoni,2026-06-25 17:21:00,34500,Deposit,Mobile
TXN2589,CUST019,Victor Hassan,2026-06-25 17:24:00,18300,Deposit,Agent
TXN2614,CUST029,Rose Wafula,2026-06-25 17:33:00,27500,Transfer,Branch
TXN2630,CUST036,Diana Omondi,2026-06-25 17:37:00,22000,Transfer,Branch
TXN2691,CUST063,Peter Mwangi,2026-06-25 17:39:00,500,Withdrawal,Mobile
TXN2615,CUST029,Rose Wafula,2026-06-25 17:41:00,1200,Transfer,Agent
TXN2649,CUST045,Rebecca Gathoni,2026-06-25 17:45:00,15600,Withdrawal,Mobile
TXN2557,CUST005,Sarah Otieno,2026-06-25 17:48:00,18300,Transfer,Branch
TXN2553,CUST004,Lucy Odhiambo,2026-06-25 17:49:00,9800,Deposit,Branch
TXN2652,CUST047,Dennis Kilonzo,2026-06-25 17:50:00,1200,Transfer,Mobile
TXN2710,CUST072,Joyce Kariuki,2026-06-25 17:50:00,34500,Deposit,Agent
TXN2682,CUST060,Paul Hassan,2026-06-25 17:51:00,1200,Deposit,Agent
TXN2575,CUST013,Joyce Gathoni,2026-06-25 17:53:00,22000,Deposit,ATM
TXN2600,CUST023,Lucy Gathoni,2026-06-25 18:03:00,27500,Withdrawal,ATM
TXN2687,CUST062,Beatrice Njeri,2026-06-25 18:12:00,15600,Withdrawal,Mobile
TXN2613,CUST028,Nancy Achieng,2026-06-25 18:13:00,18300,Withdrawal,Mobile
TXN2629,CUST036,Diana Omondi,2026-06-25 18:13:00,1800,Transfer,ATM
TXN2624,CUST032,Susan Odhiambo,2026-06-25 18:18:00,18300,Transfer,Agent
TXN2578,CUST013,Joyce Gathoni,2026-06-25 18:21:00,1200,Withdrawal,Agent
TXN2665,CUST055,Dennis Wanjiru,2026-06-25 18:26:00,41000,Deposit,Branch
TXN2641,CUST042,Faith Hassan,2026-06-25 18:28:00,5400,Transfer,Branch
TXN2683,CUST061,Ann Chebet,2026-06-25 18:32:00,2300,Transfer,Agent
TXN2711,CUST073,Amina Njeri,2026-06-25 18:40:00,4200,Deposit,ATM
TXN2585,CUST016,David Kariuki,2026-06-25 18:54:00,18300,Transfer,Branch
TXN2597,CUST022,Rebecca Mwangi,2026-06-25 18:55:00,5400,Withdrawal,Branch
TXN2556,CUST005,Sarah Otieno,2026-06-25 19:00:00,750,Deposit,Branch
TXN2552,CUST004,Lucy Odhiambo,2026-06-25 19:01:00,41000,Transfer,ATM
TXN2696,CUST065,Rebecca Wambui,2026-06-25 19:02:00,11200,Deposit,Branch
TXN2693,CUST065,Rebecca Wambui,2026-06-25 19:09:00,4200,Transfer,ATM
TXN2668,CUST055,Dennis Wanjiru,2026-06-25 19:11:00,3400,Deposit,Agent
TXN2590,CUST019,Victor Hassan,2026-06-25 19:21:00,8900,Transfer,Mobile
TXN2587,CUST018,Mercy Kiptoo,2026-06-25 19:35:00,9800,Deposit,Mobile
TXN2548,CUST002,Beatrice Otieno,2026-06-25 19:40:00,11200,Deposit,ATM
TXN2580,CUST014,David Gathoni,2026-06-25 19:40:00,2300,Transfer,Branch
TXN2640,CUST042,Faith Hassan,2026-06-25 19:46:00,3400,Deposit,Agent
TXN2676,CUST058,John Njeri,2026-06-25 19:48:00,34500,Transfer,Mobile
TXN2674,CUST058,John Njeri,2026-06-25 19:50:00,1800,Transfer,Agent
TXN2627,CUST035,Peter Gathoni,2026-06-25 19:51:00,11200,Withdrawal,Agent
TXN2658,CUST050,Peter Wambui,2026-06-25 19:54:00,9800,Deposit,Agent
TXN2688,CUST062,Beatrice Njeri,2026-06-25 19:59:00,27500,Deposit,Branch
TXN2667,CUST055,Dennis Wanjiru,2026-06-25 20:09:00,500,Transfer,Mobile
TXN2638,CUST041,Victor Mwangi,2026-06-25 20:19:00,34500,Transfer,Branch
TXN2606,CUST024,Anthony Achieng,2026-06-25 20:32:00,34500,Transfer,Branch
TXN2635,CUST039,Charles Njoki,2026-06-25 20:38:00,500,Withdrawal,Agent
TXN2662,CUST052,David Kiptoo,2026-06-25 20:40:00,27500,Transfer,Agent
TXN2625,CUST034,James Kariuki,2026-06-25 20:42:00,6700,Deposit,Agent
TXN2551,CUST003,Fatuma Wafula,2026-06-25 20:44:00,12000,Withdrawal,Mobile
TXN2705,CUST070,Samuel Njoki,2026-06-25 20:46:00,5400,Deposit,Mobile
TXN2714,CUST073,Amina Njeri,2026-06-25 20:46:00,22000,Withdrawal,Branch
TXN5734,CUST011,Josephine Otieno,2026-06-25 22:00:00,300000,Transfer,Branch
TXN2760,CUST015,Sarah Chebet,2026-06-26 07:02:00,8900,Withdrawal,Mobile
TXN2845,CUST057,Ruth Kilonzo,2026-06-26 07:09:00,5400,Transfer,Agent
TXN2854,CUST061,Ann Chebet,2026-06-26 07:20:00,1800,Transfer,Mobile
TXN2755,CUST012,Anthony Kimani,2026-06-26 07:25:00,1800,Transfer,Mobile
TXN2792,CUST031,Susan Gathoni,2026-06-26 07:32:00,8900,Transfer,ATM
TXN2863,CUST064,Eric Chebet,2026-06-26 07:39:00,3400,Transfer,Mobile
TXN2809,CUST037,Rose Nyambura,2026-06-26 07:43:00,2300,Transfer,Mobile
TXN2873,CUST075,Kevin Kiptoo,2026-06-26 07:45:00,3400,Withdrawal,Agent
TXN2761,CUST015,Sarah Chebet,2026-06-26 07:49:00,12000,Transfer,ATM
TXN2838,CUST054,Paul Chebet,2026-06-26 07:53:00,4200,Transfer,Branch
TXN2784,CUST026,Rebecca Njoki,2026-06-26 07:54:00,8900,Withdrawal,Branch
TXN2778,CUST025,Caroline Kimani,2026-06-26 08:06:00,2300,Deposit,Mobile
TXN2787,CUST027,Anthony Otieno,2026-06-26 08:07:00,6700,Transfer,Branch
TXN2862,CUST064,Eric Chebet,2026-06-26 08:13:00,5400,Transfer,Branch
TXN2740,CUST004,Lucy Odhiambo,2026-06-26 08:14:00,6700,Withdrawal,ATM
TXN2847,CUST057,Ruth Kilonzo,2026-06-26 08:14:00,12000,Deposit,ATM
TXN2741,CUST005,Sarah Otieno,2026-06-26 08:20:00,15600,Deposit,ATM
TXN2859,CUST063,Peter Mwangi,2026-06-26 08:21:00,1200,Withdrawal,Agent
TXN2803,CUST035,Peter Gathoni,2026-06-26 08:27:00,27500,Withdrawal,Branch
TXN2861,CUST064,Eric Chebet,2026-06-26 08:40:00,22000,Withdrawal,ATM
TXN2799,CUST033,Diana Kariuki,2026-06-26 08:56:00,2300,Withdrawal,ATM
TXN2872,CUST075,Kevin Kiptoo,2026-06-26 09:03:00,41000,Deposit,ATM
TXN2853,CUST061,Ann Chebet,2026-06-26 09:14:00,2300,Withdrawal,Branch
TXN2736,CUST001,George Hassan,2026-06-26 09:16:00,18300,Transfer,Branch
TXN2825,CUST044,Grace Njoki,2026-06-26 09:22:00,9800,Deposit,ATM
TXN2881,CUST078,Caroline Kilonzo,2026-06-26 09:24:00,11200,Withdrawal,Mobile
TXN2783,CUST026,Rebecca Njoki,2026-06-26 09:28:00,750,Transfer,ATM
TXN2820,CUST042,Faith Hassan,2026-06-26 09:34:00,8900,Deposit,Mobile
TXN2856,CUST063,Peter Mwangi,2026-06-26 09:34:00,27500,Withdrawal,ATM
TXN2763,CUST015,Sarah Chebet,2026-06-26 09:37:00,1200,Withdrawal,ATM
TXN2867,CUST072,Joyce Kariuki,2026-06-26 09:41:00,1200,Withdrawal,Mobile
TXN2742,CUST005,Sarah Otieno,2026-06-26 09:50:00,12000,Deposit,Branch
TXN2804,CUST035,Peter Gathoni,2026-06-26 09:55:00,750,Withdrawal,Branch
TXN2735,CUST001,George Hassan,2026-06-26 10:00:00,1800,Transfer,Branch
TXN2780,CUST025,Caroline Kimani,2026-06-26 10:02:00,3400,Transfer,Branch
TXN2808,CUST037,Rose Nyambura,2026-06-26 10:04:00,41000,Transfer,Mobile
TXN2887,CUST080,Mercy Omondi,2026-06-26 10:05:00,500,Transfer,ATM
TXN2772,CUST020,Kennedy Kimani,2026-06-26 10:11:00,9800,Deposit,ATM
TXN2806,CUST036,Diana Omondi,2026-06-26 10:11:00,3400,Deposit,Mobile
TXN2801,CUST034,James Kariuki,2026-06-26 10:16:00,12000,Transfer,Mobile
TXN2777,CUST025,Caroline Kimani,2026-06-26 10:26:00,41000,Deposit,Mobile
TXN2865,CUST069,Moses Kariuki,2026-06-26 10:35:00,500,Withdrawal,Branch
TXN2750,CUST010,Peter Wafula,2026-06-26 10:38:00,6700,Withdrawal,ATM
TXN2774,CUST022,Rebecca Mwangi,2026-06-26 10:44:00,8900,Transfer,Mobile
TXN2757,CUST012,Anthony Kimani,2026-06-26 10:48:00,11200,Deposit,Agent
TXN2849,CUST059,David Achieng,2026-06-26 10:56:00,18300,Withdrawal,Mobile
TXN2810,CUST039,Charles Njoki,2026-06-26 10:59:00,41000,Deposit,Agent
TXN2768,CUST018,Mercy Kiptoo,2026-06-26 11:00:00,12000,Withdrawal,Branch
TXN2776,CUST024,Anthony Achieng,2026-06-26 11:02:00,9800,Transfer,ATM
TXN2754,CUST011,Josephine Otieno,2026-06-26 11:07:00,22000,Withdrawal,ATM
TXN2875,CUST076,Amina Hassan,2026-06-26 11:07:00,750,Withdrawal,Mobile
TXN2834,CUST048,Rose Gathoni,2026-06-26 11:11:00,22000,Transfer,Mobile
TXN2846,CUST057,Ruth Kilonzo,2026-06-26 11:18:00,1200,Deposit,ATM
TXN2765,CUST016,David Kariuki,2026-06-26 11:21:00,11200,Withdrawal,Mobile
TXN2791,CUST031,Susan Gathoni,2026-06-26 11:23:00,9800,Deposit,Branch
TXN2832,CUST047,Dennis Kilonzo,2026-06-26 11:24:00,27500,Deposit,Branch
TXN2840,CUST055,Dennis Wanjiru,2026-06-26 11:29:00,500,Withdrawal,ATM
TXN2864,CUST067,Rebecca Wambui,2026-06-26 11:36:00,750,Withdrawal,Mobile
TXN2841,CUST055,Dennis Wanjiru,2026-06-26 11:46:00,6700,Transfer,Agent
TXN2868,CUST073,Amina Njeri,2026-06-26 11:46:00,12000,Transfer,ATM
TXN2813,CUST040,John Omondi,2026-06-26 11:48:00,5400,Withdrawal,Branch
TXN2848,CUST058,John Njeri,2026-06-26 11:49:00,2300,Withdrawal,Branch
TXN2785,CUST027,Anthony Otieno,2026-06-26 11:58:00,41000,Transfer,Agent
TXN2800,CUST033,Diana Kariuki,2026-06-26 12:07:00,5400,Transfer,ATM
TXN2782,CUST026,Rebecca Njoki,2026-06-26 12:09:00,9800,Transfer,ATM
TXN2796,CUST032,Susan Odhiambo,2026-06-26 12:11:00,34500,Transfer,Branch
TXN2827,CUST045,Rebecca Gathoni,2026-06-26 12:14:00,12000,Deposit,ATM
TXN2885,CUST080,Mercy Omondi,2026-06-26 12:18:00,1200,Deposit,Mobile
TXN2877,CUST077,Victor Wafula,2026-06-26 12:21:00,750,Withdrawal,Agent
TXN2743,CUST005,Sarah Otieno,2026-06-26 12:24:00,18300,Withdrawal,Mobile
TXN2775,CUST023,Lucy Gathoni,2026-06-26 12:26:00,5400,Transfer,ATM
TXN2850,CUST059,David Achieng,2026-06-26 12:29:00,9800,Transfer,ATM
TXN2869,CUST073,Amina Njeri,2026-06-26 12:30:00,1200,Transfer,Branch
TXN2758,CUST013,Joyce Gathoni,2026-06-26 12:41:00,5400,Transfer,Agent
TXN2807,CUST037,Rose Nyambura,2026-06-26 12:44:00,9800,Transfer,Mobile
TXN2811,CUST039,Charles Njoki,2026-06-26 12:46:00,12000,Transfer,ATM
TXN2753,CUST011,Josephine Otieno,2026-06-26 12:53:00,9800,Withdrawal,Mobile
TXN2888,CUST080,Mercy Omondi,2026-06-26 12:59:00,6700,Withdrawal,Mobile
TXN2852,CUST059,David Achieng,2026-06-26 13:00:00,22000,Withdrawal,Mobile
TXN2738,CUST004,Lucy Odhiambo,2026-06-26 13:16:00,6700,Withdrawal,Mobile
TXN2773,CUST022,Rebecca Mwangi,2026-06-26 13:42:00,3400,Transfer,ATM
TXN2747,CUST009,Fatuma Kariuki,2026-06-26 13:43:00,3400,Transfer,ATM
TXN2789,CUST030,Josephine Nyambura,2026-06-26 13:52:00,5400,Deposit,Mobile
TXN2734,CUST001,George Hassan,2026-06-26 13:54:00,41000,Deposit,ATM
TXN2824,CUST043,Rose Onyango,2026-06-26 14:01:00,34500,Withdrawal,Agent
TXN2779,CUST025,Caroline Kimani,2026-06-26 14:03:00,1800,Transfer,Mobile
TXN2788,CUST029,Rose Wafula,2026-06-26 14:10:00,500,Transfer,Agent
TXN2748,CUST009,Fatuma Kariuki,2026-06-26 14:11:00,18300,Deposit,Mobile
TXN2739,CUST004,Lucy Odhiambo,2026-06-26 14:13:00,1800,Transfer,Branch
TXN2819,CUST042,Faith Hassan,2026-06-26 14:22:00,27500,Withdrawal,ATM
TXN2822,CUST043,Rose Onyango,2026-06-26 14:22:00,22000,Transfer,Agent
TXN2837,CUST053,Anthony Muthoni,2026-06-26 14:23:00,750,Withdrawal,ATM
TXN2886,CUST080,Mercy Omondi,2026-06-26 14:25:00,500,Deposit,Agent
TXN2821,CUST042,Faith Hassan,2026-06-26 14:30:00,1800,Withdrawal,Branch
TXN2884,CUST079,Anthony Nyambura,2026-06-26 14:35:00,15600,Deposit,Mobile
TXN2871,CUST075,Kevin Kiptoo,2026-06-26 14:36:00,12000,Transfer,ATM
TXN2826,CUST044,Grace Njoki,2026-06-26 14:38:00,500,Withdrawal,Branch
TXN2835,CUST049,Susan Njoki,2026-06-26 14:50:00,1800,Deposit,Agent
TXN2836,CUST053,Anthony Muthoni,2026-06-26 14:52:00,6700,Deposit,Mobile
TXN2870,CUST075,Kevin Kiptoo,2026-06-26 14:54:00,1200,Deposit,ATM
TXN2839,CUST055,Dennis Wanjiru,2026-06-26 14:55:00,3400,Withdrawal,ATM
TXN2883,CUST079,Anthony Nyambura,2026-06-26 15:16:00,1200,Deposit,ATM
TXN2823,CUST043,Rose Onyango,2026-06-26 15:21:00,12000,Transfer,Branch
TXN2756,CUST012,Anthony Kimani,2026-06-26 15:27:00,5400,Withdrawal,Branch
TXN2795,CUST032,Susan Odhiambo,2026-06-26 15:29:00,34500,Withdrawal,Mobile
TXN2874,CUST076,Amina Hassan,2026-06-26 15:38:00,22000,Deposit,Mobile
TXN2752,CUST011,Josephine Otieno,2026-06-26 15:41:00,3400,Withdrawal,Branch
TXN2771,CUST019,Victor Hassan,2026-06-26 15:49:00,500,Withdrawal,Branch
TXN2805,CUST035,Peter Gathoni,2026-06-26 15:49:00,5400,Deposit,Branch
TXN2812,CUST040,John Omondi,2026-06-26 15:53:00,4200,Transfer,Mobile
TXN2833,CUST048,Rose Gathoni,2026-06-26 15:57:00,6700,Withdrawal,ATM
TXN2770,CUST019,Victor Hassan,2026-06-26 16:00:00,27500,Deposit,Branch
TXN2764,CUST016,David Kariuki,2026-06-26 16:17:00,34500,Deposit,Mobile
TXN2814,CUST040,John Omondi,2026-06-26 16:25:00,18300,Withdrawal,ATM
TXN2781,CUST026,Rebecca Njoki,2026-06-26 16:26:00,12000,Withdrawal,Agent
TXN2866,CUST069,Moses Kariuki,2026-06-26 16:26:00,27500,Transfer,Mobile
TXN2828,CUST046,George Nyambura,2026-06-26 16:28:00,41000,Transfer,Mobile
TXN2880,CUST078,Caroline Kilonzo,2026-06-26 16:28:00,750,Transfer,Agent
TXN2844,CUST056,Susan Odhiambo,2026-06-26 16:32:00,41000,Deposit,Branch
TXN2879,CUST077,Victor Wafula,2026-06-26 16:40:00,500,Withdrawal,Agent
TXN2857,CUST063,Peter Mwangi,2026-06-26 16:47:00,18300,Deposit,Mobile
TXN2882,CUST079,Anthony Nyambura,2026-06-26 16:50:00,2300,Withdrawal,Branch
TXN2797,CUST033,Diana Kariuki,2026-06-26 16:51:00,12000,Transfer,Mobile
TXN2829,CUST047,Dennis Kilonzo,2026-06-26 16:53:00,6700,Deposit,Mobile
TXN2749,CUST009,Fatuma Kariuki,2026-06-26 16:57:00,34500,Withdrawal,Agent
TXN2786,CUST027,Anthony Otieno,2026-06-26 17:00:00,34500,Transfer,Branch
TXN2793,CUST031,Susan Gathoni,2026-06-26 17:00:00,6700,Withdrawal,ATM
TXN2798,CUST033,Diana Kariuki,2026-06-26 17:01:00,5400,Transfer,Agent
TXN2794,CUST032,Susan Odhiambo,2026-06-26 17:13:00,22000,Withdrawal,Mobile
TXN2878,CUST077,Victor Wafula,2026-06-26 17:23:00,6700,Deposit,Mobile
TXN2802,CUST034,James Kariuki,2026-06-26 17:26:00,6700,Deposit,ATM
TXN2860,CUST064,Eric Chebet,2026-06-26 17:35:00,1200,Deposit,Agent
TXN2744,CUST005,Sarah Otieno,2026-06-26 17:40:00,2300,Deposit,ATM
TXN2746,CUST009,Fatuma Kariuki,2026-06-26 17:48:00,15600,Deposit,ATM
TXN2745,CUST008,Josephine Onyango,2026-06-26 17:50:00,11200,Withdrawal,Mobile
TXN2830,CUST047,Dennis Kilonzo,2026-06-26 18:09:00,34500,Transfer,Mobile
TXN2817,CUST041,Victor Mwangi,2026-06-26 18:19:00,15600,Transfer,Agent
TXN2831,CUST047,Dennis Kilonzo,2026-06-26 18:19:00,11200,Deposit,ATM
TXN2762,CUST015,Sarah Chebet,2026-06-26 18:28:00,11200,Withdrawal,ATM
TXN2818,CUST041,Victor Mwangi,2026-06-26 18:42:00,22000,Transfer,Mobile
TXN2751,CUST010,Peter Wafula,2026-06-26 18:52:00,12000,Transfer,ATM
TXN2851,CUST059,David Achieng,2026-06-26 19:11:00,4200,Withdrawal,Agent
TXN2855,CUST061,Ann Chebet,2026-06-26 19:24:00,27500,Deposit,Mobile
TXN2816,CUST041,Victor Mwangi,2026-06-26 19:27:00,15600,Transfer,Agent
TXN2815,CUST040,John Omondi,2026-06-26 19:30:00,6700,Transfer,Mobile
TXN2759,CUST014,David Gathoni,2026-06-26 19:57:00,500,Withdrawal,Agent
TXN2842,CUST055,Dennis Wanjiru,2026-06-26 20:06:00,8900,Transfer,Mobile
TXN2767,CUST018,Mercy Kiptoo,2026-06-26 20:07:00,22000,Withdrawal,Mobile
TXN2769,CUST019,Victor Hassan,2026-06-26 20:14:00,2300,Transfer,Agent
TXN2876,CUST077,Victor Wafula,2026-06-26 20:14:00,12000,Deposit,Branch
TXN2790,CUST030,Josephine Nyambura,2026-06-26 20:16:00,6700,Deposit,Branch
TXN2858,CUST063,Peter Mwangi,2026-06-26 20:20:00,1800,Withdrawal,ATM
TXN2737,CUST004,Lucy Odhiambo,2026-06-26 20:23:00,9800,Withdrawal,Mobile
TXN2843,CUST056,Susan Odhiambo,2026-06-26 20:40:00,4200,Withdrawal,Branch
TXN2766,CUST018,Mercy Kiptoo,2026-06-26 20:50:00,500,Transfer,ATM
TXN2989,CUST053,Anthony Muthoni,2026-06-27 07:00:00,6700,Deposit,Mobile
TXN2895,CUST004,Lucy Odhiambo,2026-06-27 07:07:00,1800,Transfer,ATM
TXN2919,CUST014,David Gathoni,2026-06-27 07:22:00,1800,Transfer,Branch
TXN2889,CUST001,George Hassan,2026-06-27 07:23:00,12000,Transfer,Mobile
TXN2916,CUST013,Joyce Gathoni,2026-06-27 07:26:00,11200,Deposit,Mobile
TXN3027,CUST073,Amina Njeri,2026-06-27 07:30:00,27500,Deposit,Mobile
TXN3016,CUST065,Rebecca Wambui,2026-06-27 07:44:00,1200,Withdrawal,Branch
TXN3017,CUST066,Mercy Onyango,2026-06-27 07:44:00,2300,Withdrawal,Agent
TXN3004,CUST059,David Achieng,2026-06-27 08:05:00,5400,Deposit,Branch
TXN2923,CUST016,David Kariuki,2026-06-27 08:06:00,11200,Deposit,Mobile
TXN3033,CUST075,Kevin Kiptoo,2026-06-27 08:10:00,22000,Withdrawal,Agent
TXN2980,CUST050,Peter Wambui,2026-06-27 08:13:00,2300,Deposit,Mobile
TXN2907,CUST009,Fatuma Kariuki,2026-06-27 08:31:00,3400,Deposit,Mobile
TXN2896,CUST004,Lucy Odhiambo,2026-06-27 08:38:00,41000,Deposit,Branch
TXN2892,CUST003,Fatuma Wafula,2026-06-27 08:43:00,1800,Transfer,Branch
TXN2909,CUST010,Peter Wafula,2026-06-27 08:44:00,22000,Withdrawal,Agent
TXN2905,CUST008,Josephine Onyango,2026-06-27 08:48:00,750,Deposit,Mobile
TXN3035,CUST075,Kevin Kiptoo,2026-06-27 08:51:00,750,Withdrawal,Mobile
TXN3005,CUST061,Ann Chebet,2026-06-27 09:02:00,750,Transfer,Agent
TXN2939,CUST026,Rebecca Njoki,2026-06-27 09:13:00,3400,Transfer,Mobile
TXN2904,CUST008,Josephine Onyango,2026-06-27 09:18:00,22000,Deposit,ATM
TXN2982,CUST051,Daniel Njoki,2026-06-27 09:24:00,22000,Transfer,Mobile
TXN3014,CUST064,Eric Chebet,2026-06-27 09:30:00,4200,Withdrawal,Agent
TXN3020,CUST067,Rebecca Wambui,2026-06-27 09:31:00,1800,Withdrawal,Branch
TXN2968,CUST046,George Nyambura,2026-06-27 09:32:00,8900,Withdrawal,Mobile
TXN3006,CUST061,Ann Chebet,2026-06-27 09:42:00,8900,Withdrawal,ATM
TXN2941,CUST027,Anthony Otieno,2026-06-27 09:54:00,1200,Transfer,Branch
TXN2897,CUST005,Sarah Otieno,2026-06-27 09:57:00,18300,Transfer,Mobile
TXN2928,CUST019,Victor Hassan,2026-06-27 10:00:00,34500,Transfer,Mobile
TXN2991,CUST054,Paul Chebet,2026-06-27 10:05:00,3400,Deposit,ATM
TXN3029,CUST074,Sarah Mwangi,2026-06-27 10:10:00,6700,Deposit,Agent
TXN2969,CUST046,George Nyambura,2026-06-27 10:13:00,3400,Withdrawal,Mobile
TXN3021,CUST068,Victor Odhiambo,2026-06-27 10:20:00,2300,Withdrawal,Branch
TXN2893,CUST003,Fatuma Wafula,2026-06-27 10:45:00,1800,Deposit,ATM
TXN2959,CUST037,Rose Nyambura,2026-06-27 10:55:00,3400,Withdrawal,Branch
TXN2974,CUST047,Dennis Kilonzo,2026-06-27 11:11:00,12000,Transfer,Mobile
TXN2964,CUST039,Charles Njoki,2026-06-27 11:12:00,2300,Deposit,ATM
TXN2958,CUST037,Rose Nyambura,2026-06-27 11:23:00,27500,Deposit,Mobile
TXN3013,CUST064,Eric Chebet,2026-06-27 11:30:00,1800,Transfer,Branch
TXN3039,CUST076,Amina Hassan,2026-06-27 11:31:00,4200,Deposit,Agent
TXN3031,CUST074,Sarah Mwangi,2026-06-27 11:35:00,500,Transfer,Mobile
TXN2962,CUST039,Charles Njoki,2026-06-27 11:39:00,9800,Deposit,Branch
TXN2903,CUST008,Josephine Onyango,2026-06-27 11:45:00,34500,Withdrawal,Branch
TXN3034,CUST075,Kevin Kiptoo,2026-06-27 11:45:00,2300,Deposit,Mobile
TXN3026,CUST071,James Hassan,2026-06-27 11:52:00,500,Withdrawal,Agent
TXN3000,CUST057,Ruth Kilonzo,2026-06-27 11:53:00,22000,Deposit,Mobile
TXN2910,CUST010,Peter Wafula,2026-06-27 11:54:00,2300,Transfer,ATM
TXN2947,CUST030,Josephine Nyambura,2026-06-27 11:58:00,15600,Withdrawal,Agent
TXN3018,CUST066,Mercy Onyango,2026-06-27 12:05:00,27500,Deposit,Branch
TXN2952,CUST032,Susan Odhiambo,2026-06-27 12:11:00,4200,Transfer,Agent
TXN2925,CUST016,David Kariuki,2026-06-27 12:17:00,1200,Transfer,Branch
TXN3003,CUST058,John Njeri,2026-06-27 12:18:00,34500,Deposit,Branch
TXN2996,CUST055,Dennis Wanjiru,2026-06-27 12:23:00,2300,Transfer,Mobile
TXN2986,CUST052,David Kiptoo,2026-06-27 12:33:00,500,Transfer,ATM
TXN3045,CUST079,Anthony Nyambura,2026-06-27 12:33:00,18300,Transfer,Agent
TXN2894,CUST004,Lucy Odhiambo,2026-06-27 12:43:00,3400,Withdrawal,Agent
TXN2900,CUST007,Grace Njoki,2026-06-27 12:45:00,4200,Transfer,Branch
TXN3002,CUST058,John Njeri,2026-06-27 12:54:00,22000,Withdrawal,Branch
TXN2977,CUST048,Rose Gathoni,2026-06-27 13:01:00,4200,Withdrawal,Mobile
TXN2912,CUST011,Josephine Otieno,2026-06-27 13:02:00,750,Transfer,Mobile
TXN3011,CUST064,Eric Chebet,2026-06-27 13:02:00,8900,Deposit,Mobile
TXN2951,CUST031,Susan Gathoni,2026-06-27 13:05:00,8900,Withdrawal,ATM
TXN3010,CUST062,Beatrice Njeri,2026-06-27 13:11:00,1800,Transfer,Branch
TXN3001,CUST058,John Njeri,2026-06-27 13:14:00,22000,Deposit,ATM
TXN2937,CUST025,Caroline Kimani,2026-06-27 13:23:00,1800,Transfer,Branch
TXN2926,CUST018,Mercy Kiptoo,2026-06-27 13:27:00,8900,Transfer,Agent
TXN2891,CUST001,George Hassan,2026-06-27 13:28:00,27500,Withdrawal,Branch
TXN2908,CUST010,Peter Wafula,2026-06-27 13:30:00,5400,Transfer,Branch
TXN2918,CUST014,David Gathoni,2026-06-27 13:34:00,27500,Deposit,Mobile
TXN2963,CUST039,Charles Njoki,2026-06-27 13:37:00,3400,Transfer,ATM
TXN2949,CUST031,Susan Gathoni,2026-06-27 13:40:00,9800,Deposit,Branch
TXN2972,CUST047,Dennis Kilonzo,2026-06-27 13:44:00,27500,Transfer,Mobile
TXN2944,CUST028,Nancy Achieng,2026-06-27 13:51:00,27500,Deposit,Mobile
TXN2955,CUST036,Diana Omondi,2026-06-27 13:55:00,34500,Deposit,Mobile
TXN2973,CUST047,Dennis Kilonzo,2026-06-27 13:56:00,41000,Deposit,Mobile
TXN3042,CUST078,Caroline Kilonzo,2026-06-27 14:03:00,1800,Deposit,Agent
TXN2929,CUST019,Victor Hassan,2026-06-27 14:04:00,5400,Transfer,Agent
TXN2911,CUST010,Peter Wafula,2026-06-27 14:08:00,12000,Transfer,Mobile
TXN2998,CUST056,Susan Odhiambo,2026-06-27 14:09:00,22000,Withdrawal,Branch
TXN2994,CUST054,Paul Chebet,2026-06-27 14:11:00,15600,Withdrawal,Mobile
TXN3041,CUST078,Caroline Kilonzo,2026-06-27 14:18:00,15600,Withdrawal,Agent
TXN2971,CUST047,Dennis Kilonzo,2026-06-27 14:20:00,12000,Transfer,Mobile
TXN3032,CUST075,Kevin Kiptoo,2026-06-27 14:30:00,8900,Transfer,ATM
TXN2901,CUST007,Grace Njoki,2026-06-27 14:34:00,9800,Deposit,Agent
TXN2950,CUST031,Susan Gathoni,2026-06-27 14:37:00,34500,Deposit,ATM
TXN3019,CUST067,Rebecca Wambui,2026-06-27 14:47:00,2300,Deposit,Mobile
TXN2914,CUST012,Anthony Kimani,2026-06-27 14:51:00,2300,Transfer,Branch
TXN3043,CUST078,Caroline Kilonzo,2026-06-27 14:52:00,3400,Withdrawal,Agent
TXN2934,CUST024,Anthony Achieng,2026-06-27 14:54:00,5400,Deposit,ATM
TXN2985,CUST052,David Kiptoo,2026-06-27 14:58:00,1200,Withdrawal,Branch
TXN2967,CUST045,Rebecca Gathoni,2026-06-27 14:59:00,27500,Transfer,Branch
TXN3015,CUST065,Rebecca Wambui,2026-06-27 15:02:00,3400,Withdrawal,Mobile
TXN2920,CUST014,David Gathoni,2026-06-27 15:03:00,22000,Transfer,Agent
TXN2935,CUST024,Anthony Achieng,2026-06-27 15:03:00,1200,Withdrawal,ATM
TXN2948,CUST031,Susan Gathoni,2026-06-27 15:07:00,750,Transfer,ATM
TXN3028,CUST073,Amina Njeri,2026-06-27 15:09:00,750,Transfer,Agent
TXN2945,CUST028,Nancy Achieng,2026-06-27 15:12:00,3400,Transfer,Agent
TXN3007,CUST061,Ann Chebet,2026-06-27 15:14:00,2300,Withdrawal,Mobile
TXN3024,CUST070,Samuel Njoki,2026-06-27 15:22:00,6700,Transfer,ATM
TXN2899,CUST007,Grace Njoki,2026-06-27 15:24:00,11200,Deposit,Mobile
TXN2933,CUST022,Rebecca Mwangi,2026-06-27 15:29:00,34500,Withdrawal,Agent
TXN2938,CUST026,Rebecca Njoki,2026-06-27 15:29:00,34500,Deposit,ATM
TXN2930,CUST019,Victor Hassan,2026-06-27 15:30:00,500,Withdrawal,Branch
TXN2924,CUST016,David Kariuki,2026-06-27 15:32:00,2300,Deposit,Branch
TXN2931,CUST021,Anthony Kiptoo,2026-06-27 15:32:00,27500,Withdrawal,Branch
TXN2997,CUST055,Dennis Wanjiru,2026-06-27 15:34:00,4200,Deposit,ATM
TXN3048,CUST080,Mercy Omondi,2026-06-27 15:41:00,5400,Transfer,Agent
TXN2978,CUST048,Rose Gathoni,2026-06-27 15:42:00,15600,Transfer,Branch
TXN3009,CUST062,Beatrice Njeri,2026-06-27 15:47:00,4200,Transfer,Branch
TXN2990,CUST053,Anthony Muthoni,2026-06-27 15:53:00,3400,Withdrawal,Mobile
TXN3022,CUST069,Moses Kariuki,2026-06-27 16:01:00,9800,Withdrawal,Agent
TXN3037,CUST076,Amina Hassan,2026-06-27 16:10:00,27500,Transfer,ATM
TXN3038,CUST076,Amina Hassan,2026-06-27 16:31:00,27500,Transfer,Branch
TXN2999,CUST057,Ruth Kilonzo,2026-06-27 16:32:00,6700,Deposit,ATM
TXN2965,CUST039,Charles Njoki,2026-06-27 16:37:00,8900,Transfer,Agent
TXN2981,CUST050,Peter Wambui,2026-06-27 16:37:00,18300,Withdrawal,Mobile
TXN3025,CUST070,Samuel Njoki,2026-06-27 16:46:00,41000,Deposit,Branch
TXN2915,CUST012,Anthony Kimani,2026-06-27 16:47:00,750,Deposit,Branch
TXN3023,CUST069,Moses Kariuki,2026-06-27 16:59:00,11200,Withdrawal,Agent
TXN3046,CUST079,Anthony Nyambura,2026-06-27 17:00:00,2300,Withdrawal,Mobile
TXN5713,CUST033,Diana Kariuki,2026-06-27 17:00:00,750,Withdrawal,Mobile
TXN2984,CUST051,Daniel Njoki,2026-06-27 17:02:00,12000,Deposit,Branch
TXN2957,CUST036,Diana Omondi,2026-06-27 17:04:00,1800,Deposit,Mobile
TXN2975,CUST048,Rose Gathoni,2026-06-27 17:12:00,34500,Withdrawal,Branch
TXN3036,CUST076,Amina Hassan,2026-06-27 17:12:00,18300,Deposit,Agent
TXN5714,CUST033,Diana Kariuki,2026-06-27 17:12:00,5400,Deposit,Mobile
TXN2913,CUST011,Josephine Otieno,2026-06-27 17:23:00,4200,Deposit,Branch
TXN5715,CUST033,Diana Kariuki,2026-06-27 17:24:00,1200,Withdrawal,Mobile
TXN3040,CUST078,Caroline Kilonzo,2026-06-27 17:36:00,4200,Transfer,Mobile
TXN5716,CUST033,Diana Kariuki,2026-06-27 17:36:00,8900,Transfer,Mobile
TXN3008,CUST061,Ann Chebet,2026-06-27 17:38:00,1800,Transfer,ATM
TXN2890,CUST001,George Hassan,2026-06-27 17:39:00,27500,Withdrawal,Mobile
TXN2995,CUST055,Dennis Wanjiru,2026-06-27 17:48:00,1800,Transfer,ATM
TXN5717,CUST033,Diana Kariuki,2026-06-27 17:48:00,5400,Deposit,Mobile
TXN2898,CUST005,Sarah Otieno,2026-06-27 17:54:00,5400,Withdrawal,Mobile
TXN5718,CUST033,Diana Kariuki,2026-06-27 18:00:00,8900,Deposit,Mobile
TXN2936,CUST025,Caroline Kimani,2026-06-27 18:04:00,41000,Withdrawal,Agent
TXN5719,CUST033,Diana Kariuki,2026-06-27 18:12:00,1800,Transfer,Mobile
TXN2902,CUST007,Grace Njoki,2026-06-27 18:14:00,18300,Transfer,Agent
TXN3047,CUST079,Anthony Nyambura,2026-06-27 18:16:00,15600,Withdrawal,Mobile
TXN2922,CUST016,David Kariuki,2026-06-27 18:21:00,750,Transfer,Branch
TXN2946,CUST029,Rose Wafula,2026-06-27 18:22:00,1200,Deposit,Agent
TXN5720,CUST033,Diana Kariuki,2026-06-27 18:24:00,500,Withdrawal,Mobile
TXN2983,CUST051,Daniel Njoki,2026-06-27 18:27:00,41000,Deposit,ATM
TXN2993,CUST054,Paul Chebet,2026-06-27 18:32:00,2300,Transfer,ATM
TXN2970,CUST046,George Nyambura,2026-06-27 18:34:00,22000,Deposit,Mobile
TXN5721,CUST033,Diana Kariuki,2026-06-27 18:36:00,8900,Transfer,Mobile
TXN2954,CUST034,James Kariuki,2026-06-27 18:43:00,41000,Deposit,Mobile
TXN5722,CUST033,Diana Kariuki,2026-06-27 18:48:00,5400,Transfer,Mobile
TXN2976,CUST048,Rose Gathoni,2026-06-27 18:54:00,4200,Transfer,Mobile
TXN3030,CUST074,Sarah Mwangi,2026-06-27 18:56:00,500,Transfer,Agent
TXN5723,CUST033,Diana Kariuki,2026-06-27 19:00:00,2300,Deposit,Mobile
TXN5724,CUST033,Diana Kariuki,2026-06-27 19:12:00,5400,Deposit,Mobile
TXN2940,CUST026,Rebecca Njoki,2026-06-27 19:25:00,15600,Withdrawal,Mobile
TXN3044,CUST079,Anthony Nyambura,2026-06-27 19:26:00,3400,Deposit,ATM
TXN2988,CUST053,Anthony Muthoni,2026-06-27 19:27:00,34500,Transfer,Branch
TXN2943,CUST027,Anthony Otieno,2026-06-27 19:29:00,15600,Transfer,ATM
TXN2979,CUST050,Peter Wambui,2026-06-27 19:31:00,1200,Withdrawal,ATM
TXN3012,CUST064,Eric Chebet,2026-06-27 19:33:00,750,Withdrawal,ATM
TXN2987,CUST053,Anthony Muthoni,2026-06-27 19:37:00,18300,Deposit,Agent
TXN2992,CUST054,Paul Chebet,2026-06-27 19:38:00,500,Transfer,Agent
TXN2906,CUST009,Fatuma Kariuki,2026-06-27 19:40:00,8900,Withdrawal,Mobile
TXN2921,CUST015,Sarah Chebet,2026-06-27 19:42:00,1200,Deposit,Mobile
TXN2927,CUST019,Victor Hassan,2026-06-27 19:55:00,11200,Transfer,Agent
TXN2932,CUST021,Anthony Kiptoo,2026-06-27 19:55:00,11200,Withdrawal,Agent
TXN2917,CUST013,Joyce Gathoni,2026-06-27 19:56:00,41000,Transfer,Agent
TXN2961,CUST038,Eric Kiptoo,2026-06-27 20:08:00,5400,Deposit,Agent
TXN2953,CUST033,Diana Kariuki,2026-06-27 20:14:00,6700,Withdrawal,ATM
TXN2942,CUST027,Anthony Otieno,2026-06-27 20:16:00,27500,Deposit,Mobile
TXN2956,CUST036,Diana Omondi,2026-06-27 20:23:00,22000,Deposit,Mobile
TXN2960,CUST038,Eric Kiptoo,2026-06-27 20:29:00,4200,Deposit,Mobile
TXN2966,CUST042,Faith Hassan,2026-06-27 20:41:00,3400,Transfer,Agent
TXN3126,CUST035,Peter Gathoni,2026-06-28 07:01:00,2300,Withdrawal,Branch
TXN3207,CUST074,Sarah Mwangi,2026-06-28 07:04:00,6700,Transfer,Agent
TXN3102,CUST025,Caroline Kimani,2026-06-28 07:06:00,34500,Transfer,Branch
TXN3053,CUST003,Fatuma Wafula,2026-06-28 07:07:00,18300,Transfer,Branch
TXN3221,CUST079,Anthony Nyambura,2026-06-28 07:07:00,15600,Deposit,ATM
TXN3109,CUST028,Nancy Achieng,2026-06-28 07:12:00,34500,Deposit,ATM
TXN3205,CUST074,Sarah Mwangi,2026-06-28 07:17:00,12000,Transfer,Mobile
TXN3216,CUST077,Victor Wafula,2026-06-28 07:18:00,750,Deposit,Agent
TXN3195,CUST070,Samuel Njoki,2026-06-28 07:31:00,1800,Deposit,Agent
TXN3213,CUST077,Victor Wafula,2026-06-28 07:31:00,4200,Deposit,ATM
TXN3144,CUST042,Faith Hassan,2026-06-28 07:33:00,12000,Transfer,ATM
TXN3066,CUST008,Josephine Onyango,2026-06-28 07:38:00,750,Deposit,Branch
TXN3080,CUST014,David Gathoni,2026-06-28 07:50:00,1200,Transfer,ATM
TXN3092,CUST018,Mercy Kiptoo,2026-06-28 07:53:00,5400,Transfer,Agent
TXN3140,CUST041,Victor Mwangi,2026-06-28 07:56:00,1800,Withdrawal,Agent
TXN3064,CUST007,Grace Njoki,2026-06-28 07:57:00,34500,Deposit,Agent
TXN3097,CUST022,Rebecca Mwangi,2026-06-28 08:02:00,34500,Transfer,Mobile
TXN3131,CUST036,Diana Omondi,2026-06-28 08:04:00,41000,Transfer,Mobile
TXN3177,CUST060,Paul Hassan,2026-06-28 08:08:00,4200,Deposit,Mobile
TXN3197,CUST070,Samuel Njoki,2026-06-28 08:09:00,2300,Deposit,Agent
TXN3132,CUST037,Rose Nyambura,2026-06-28 08:15:00,34500,Transfer,Agent
TXN3179,CUST062,Beatrice Njeri,2026-06-28 08:17:00,9800,Withdrawal,Mobile
TXN3120,CUST033,Diana Kariuki,2026-06-28 08:18:00,15600,Transfer,Mobile
TXN3119,CUST032,Susan Odhiambo,2026-06-28 08:19:00,1200,Withdrawal,Agent
TXN3127,CUST035,Peter Gathoni,2026-06-28 08:19:00,41000,Transfer,Agent
TXN3100,CUST024,Anthony Achieng,2026-06-28 08:24:00,8900,Withdrawal,Mobile
TXN3070,CUST010,Peter Wafula,2026-06-28 08:30:00,1200,Withdrawal,Agent
TXN3049,CUST001,George Hassan,2026-06-28 08:46:00,1200,Withdrawal,Branch
TXN3081,CUST014,David Gathoni,2026-06-28 08:47:00,750,Deposit,Agent
TXN3088,CUST017,Grace Wafula,2026-06-28 09:00:00,1200,Withdrawal,Agent
TXN3193,CUST068,Victor Odhiambo,2026-06-28 09:01:00,6700,Transfer,Agent
TXN3099,CUST024,Anthony Achieng,2026-06-28 09:04:00,4200,Transfer,Branch
TXN3173,CUST059,David Achieng,2026-06-28 09:04:00,22000,Withdrawal,Branch
TXN3052,CUST001,George Hassan,2026-06-28 09:05:00,6700,Deposit,Mobile
TXN3068,CUST008,Josephine Onyango,2026-06-28 09:07:00,2300,Transfer,Mobile
TXN3208,CUST075,Kevin Kiptoo,2026-06-28 09:14:00,22000,Withdrawal,Agent
TXN3222,CUST080,Mercy Omondi,2026-06-28 09:27:00,6700,Deposit,ATM
TXN3061,CUST005,Sarah Otieno,2026-06-28 09:34:00,41000,Transfer,ATM
TXN3090,CUST018,Mercy Kiptoo,2026-06-28 09:45:00,15600,Withdrawal,Branch
TXN3167,CUST055,Dennis Wanjiru,2026-06-28 09:50:00,750,Deposit,Agent
TXN3149,CUST046,George Nyambura,2026-06-28 10:00:00,41000,Deposit,Branch
TXN3128,CUST036,Diana Omondi,2026-06-28 10:01:00,27500,Withdrawal,Branch
TXN3071,CUST010,Peter Wafula,2026-06-28 10:08:00,1200,Transfer,Mobile
TXN3181,CUST063,Peter Mwangi,2026-06-28 10:09:00,1800,Transfer,Agent
TXN3139,CUST041,Victor Mwangi,2026-06-28 10:11:00,8900,Deposit,Mobile
TXN3106,CUST027,Anthony Otieno,2026-06-28 10:16:00,1200,Deposit,Agent
TXN3110,CUST028,Nancy Achieng,2026-06-28 10:21:00,12000,Withdrawal,Branch
TXN3219,CUST078,Caroline Kilonzo,2026-06-28 10:24:00,4200,Transfer,ATM
TXN3073,CUST011,Josephine Otieno,2026-06-28 10:25:00,22000,Withdrawal,ATM
TXN3078,CUST012,Anthony Kimani,2026-06-28 10:33:00,27500,Transfer,Mobile
TXN3178,CUST062,Beatrice Njeri,2026-06-28 10:37:00,22000,Deposit,Agent
TXN3158,CUST049,Susan Njoki,2026-06-28 10:40:00,9800,Withdrawal,Mobile
TXN3093,CUST019,Victor Hassan,2026-06-28 10:44:00,12000,Withdrawal,Mobile
TXN3153,CUST047,Dennis Kilonzo,2026-06-28 10:50:00,22000,Deposit,ATM
TXN3098,CUST023,Lucy Gathoni,2026-06-28 10:54:00,4200,Withdrawal,Mobile
TXN3117,CUST032,Susan Odhiambo,2026-06-28 10:59:00,1800,Deposit,Agent
TXN3217,CUST078,Caroline Kilonzo,2026-06-28 11:04:00,41000,Withdrawal,Agent
TXN3206,CUST074,Sarah Mwangi,2026-06-28 11:13:00,41000,Deposit,Agent
TXN3062,CUST006,Francis Achieng,2026-06-28 11:17:00,4200,Transfer,Mobile
TXN3082,CUST014,David Gathoni,2026-06-28 11:22:00,5400,Deposit,Agent
TXN3151,CUST046,George Nyambura,2026-06-28 11:26:00,34500,Withdrawal,Agent
TXN3183,CUST063,Peter Mwangi,2026-06-28 11:28:00,750,Deposit,Agent
TXN3065,CUST007,Grace Njoki,2026-06-28 11:31:00,1800,Withdrawal,Branch
TXN3058,CUST004,Lucy Odhiambo,2026-06-28 11:38:00,11200,Transfer,Agent
TXN3201,CUST072,Joyce Kariuki,2026-06-28 11:43:00,500,Deposit,Branch
TXN3133,CUST037,Rose Nyambura,2026-06-28 11:45:00,500,Transfer,ATM
TXN3134,CUST037,Rose Nyambura,2026-06-28 11:45:00,15600,Deposit,ATM
TXN3101,CUST025,Caroline Kimani,2026-06-28 11:51:00,9800,Transfer,Mobile
TXN3054,CUST003,Fatuma Wafula,2026-06-28 11:56:00,3400,Deposit,Agent
TXN3168,CUST056,Susan Odhiambo,2026-06-28 12:01:00,6700,Withdrawal,Agent
TXN3204,CUST073,Amina Njeri,2026-06-28 12:14:00,27500,Withdrawal,Branch
TXN3162,CUST051,Daniel Njoki,2026-06-28 12:31:00,2300,Deposit,Branch
TXN3091,CUST018,Mercy Kiptoo,2026-06-28 12:43:00,500,Deposit,Agent
TXN3161,CUST050,Peter Wambui,2026-06-28 12:44:00,4200,Withdrawal,Agent
TXN3209,CUST076,Amina Hassan,2026-06-28 12:44:00,9800,Transfer,Branch
TXN3186,CUST064,Eric Chebet,2026-06-28 12:49:00,1200,Deposit,Agent
TXN3114,CUST031,Susan Gathoni,2026-06-28 12:54:00,2300,Withdrawal,Branch
TXN3089,CUST017,Grace Wafula,2026-06-28 12:58:00,4200,Transfer,ATM
TXN3176,CUST060,Paul Hassan,2026-06-28 12:59:00,500,Withdrawal,ATM
TXN3135,CUST039,Charles Njoki,2026-06-28 13:05:00,15600,Withdrawal,Mobile
TXN3166,CUST054,Paul Chebet,2026-06-28 13:12:00,750,Deposit,Agent
TXN3171,CUST056,Susan Odhiambo,2026-06-28 13:13:00,4200,Withdrawal,ATM
TXN3190,CUST067,Rebecca Wambui,2026-06-28 13:17:00,12000,Transfer,Branch
TXN3160,CUST050,Peter Wambui,2026-06-28 13:33:00,22000,Deposit,Branch
TXN3072,CUST010,Peter Wafula,2026-06-28 13:41:00,3400,Transfer,Agent
TXN3172,CUST057,Ruth Kilonzo,2026-06-28 13:47:00,41000,Transfer,Branch
TXN3136,CUST039,Charles Njoki,2026-06-28 13:52:00,27500,Transfer,Agent
TXN3115,CUST031,Susan Gathoni,2026-06-28 13:54:00,8900,Transfer,Branch
TXN3192,CUST068,Victor Odhiambo,2026-06-28 13:56:00,18300,Withdrawal,Branch
TXN3077,CUST012,Anthony Kimani,2026-06-28 14:00:00,12000,Transfer,Branch
TXN3113,CUST031,Susan Gathoni,2026-06-28 14:10:00,22000,Transfer,Mobile
TXN3174,CUST059,David Achieng,2026-06-28 14:13:00,750,Withdrawal,Agent
TXN3083,CUST014,David Gathoni,2026-06-28 14:15:00,8900,Deposit,Agent
TXN3086,CUST016,David Kariuki,2026-06-28 14:22:00,11200,Deposit,ATM
TXN3148,CUST045,Rebecca Gathoni,2026-06-28 14:23:00,34500,Deposit,ATM
TXN3182,CUST063,Peter Mwangi,2026-06-28 14:30:00,2300,Withdrawal,Mobile
TXN3215,CUST077,Victor Wafula,2026-06-28 14:44:00,5400,Transfer,Agent
TXN3185,CUST064,Eric Chebet,2026-06-28 14:45:00,15600,Withdrawal,Agent
TXN3105,CUST027,Anthony Otieno,2026-06-28 14:46:00,750,Withdrawal,Mobile
TXN3118,CUST032,Susan Odhiambo,2026-06-28 14:49:00,8900,Transfer,ATM
TXN3079,CUST012,Anthony Kimani,2026-06-28 14:57:00,27500,Transfer,ATM
TXN3108,CUST027,Anthony Otieno,2026-06-28 15:08:00,15600,Transfer,ATM
TXN3152,CUST047,Dennis Kilonzo,2026-06-28 15:09:00,27500,Transfer,Agent
TXN3194,CUST068,Victor Odhiambo,2026-06-28 15:10:00,6700,Transfer,ATM
TXN3196,CUST070,Samuel Njoki,2026-06-28 15:14:00,3400,Transfer,ATM
TXN3076,CUST012,Anthony Kimani,2026-06-28 15:16:00,750,Withdrawal,Branch
TXN3191,CUST068,Victor Odhiambo,2026-06-28 15:18:00,2300,Withdrawal,Mobile
TXN3056,CUST003,Fatuma Wafula,2026-06-28 15:38:00,750,Deposit,Agent
TXN3165,CUST054,Paul Chebet,2026-06-28 15:38:00,4200,Transfer,Mobile
TXN3202,CUST072,Joyce Kariuki,2026-06-28 15:40:00,22000,Deposit,Agent
TXN3103,CUST025,Caroline Kimani,2026-06-28 15:47:00,5400,Deposit,Agent
TXN3211,CUST076,Amina Hassan,2026-06-28 15:48:00,8900,Deposit,Agent
TXN3087,CUST017,Grace Wafula,2026-06-28 15:49:00,11200,Withdrawal,Agent
TXN3063,CUST006,Francis Achieng,2026-06-28 15:54:00,500,Withdrawal,Branch
TXN3147,CUST044,Grace Njoki,2026-06-28 16:07:00,6700,Withdrawal,Agent
TXN3218,CUST078,Caroline Kilonzo,2026-06-28 16:10:00,12000,Withdrawal,Agent
TXN3180,CUST063,Peter Mwangi,2026-06-28 16:15:00,1200,Transfer,Agent
TXN3154,CUST047,Dennis Kilonzo,2026-06-28 16:21:00,1200,Transfer,Branch
TXN3145,CUST043,Rose Onyango,2026-06-28 16:22:00,5400,Deposit,Branch
TXN3155,CUST048,Rose Gathoni,2026-06-28 16:29:00,1200,Withdrawal,Branch
TXN3130,CUST036,Diana Omondi,2026-06-28 16:30:00,11200,Withdrawal,Branch
TXN3175,CUST060,Paul Hassan,2026-06-28 16:33:00,5400,Transfer,Mobile
TXN3116,CUST032,Susan Odhiambo,2026-06-28 16:37:00,3400,Withdrawal,Branch
TXN3060,CUST005,Sarah Otieno,2026-06-28 16:38:00,12000,Deposit,ATM
TXN3220,CUST079,Anthony Nyambura,2026-06-28 16:43:00,27500,Withdrawal,Mobile
TXN3075,CUST011,Josephine Otieno,2026-06-28 16:49:00,27500,Withdrawal,ATM
TXN3069,CUST008,Josephine Onyango,2026-06-28 16:51:00,22000,Withdrawal,Agent
TXN3141,CUST041,Victor Mwangi,2026-06-28 16:53:00,1800,Transfer,ATM
TXN3094,CUST019,Victor Hassan,2026-06-28 17:01:00,34500,Withdrawal,Mobile
TXN3129,CUST036,Diana Omondi,2026-06-28 17:12:00,12000,Withdrawal,Mobile
TXN3188,CUST065,Rebecca Wambui,2026-06-28 17:17:00,3400,Deposit,ATM
TXN3170,CUST056,Susan Odhiambo,2026-06-28 17:36:00,6700,Withdrawal,ATM
TXN3164,CUST051,Daniel Njoki,2026-06-28 17:38:00,12000,Transfer,ATM
TXN3184,CUST064,Eric Chebet,2026-06-28 17:47:00,34500,Deposit,Agent
TXN3189,CUST067,Rebecca Wambui,2026-06-28 17:48:00,3400,Deposit,Branch
TXN3059,CUST004,Lucy Odhiambo,2026-06-28 17:49:00,1800,Withdrawal,ATM
TXN3169,CUST056,Susan Odhiambo,2026-06-28 17:54:00,9800,Withdrawal,Branch
TXN3212,CUST076,Amina Hassan,2026-06-28 17:54:00,500,Withdrawal,ATM
TXN3122,CUST033,Diana Kariuki,2026-06-28 17:57:00,34500,Deposit,Branch
TXN3156,CUST049,Susan Njoki,2026-06-28 18:08:00,15600,Deposit,Mobile
TXN3085,CUST016,David Kariuki,2026-06-28 18:09:00,22000,Transfer,ATM
TXN3104,CUST025,Caroline Kimani,2026-06-28 18:13:00,2300,Withdrawal,Branch
TXN3124,CUST034,James Kariuki,2026-06-28 18:22:00,34500,Withdrawal,ATM
TXN3107,CUST027,Anthony Otieno,2026-06-28 18:28:00,500,Withdrawal,Agent
TXN3214,CUST077,Victor Wafula,2026-06-28 18:31:00,11200,Withdrawal,Branch
TXN3125,CUST035,Peter Gathoni,2026-06-28 18:42:00,500,Withdrawal,ATM
TXN3138,CUST039,Charles Njoki,2026-06-28 18:46:00,5400,Withdrawal,Branch
TXN3050,CUST001,George Hassan,2026-06-28 18:54:00,9800,Withdrawal,Branch
TXN3200,CUST071,James Hassan,2026-06-28 18:55:00,9800,Transfer,Agent
TXN3123,CUST033,Diana Kariuki,2026-06-28 19:09:00,4200,Withdrawal,ATM
TXN3096,CUST021,Anthony Kiptoo,2026-06-28 19:14:00,4200,Withdrawal,Branch
TXN3210,CUST076,Amina Hassan,2026-06-28 19:17:00,1800,Deposit,ATM
TXN3203,CUST072,Joyce Kariuki,2026-06-28 19:18:00,12000,Deposit,ATM
TXN3143,CUST042,Faith Hassan,2026-06-28 19:20:00,3400,Withdrawal,Mobile
TXN3137,CUST039,Charles Njoki,2026-06-28 19:25:00,500,Deposit,Mobile
TXN3159,CUST050,Peter Wambui,2026-06-28 19:26:00,9800,Withdrawal,Agent
TXN3055,CUST003,Fatuma Wafula,2026-06-28 19:34:00,41000,Withdrawal,ATM
TXN3084,CUST015,Sarah Chebet,2026-06-28 19:40:00,8900,Deposit,Mobile
TXN3199,CUST071,James Hassan,2026-06-28 19:40:00,1200,Deposit,Mobile
TXN3146,CUST044,Grace Njoki,2026-06-28 19:43:00,18300,Deposit,ATM
TXN3198,CUST071,James Hassan,2026-06-28 19:44:00,12000,Withdrawal,Branch
TXN3187,CUST064,Eric Chebet,2026-06-28 19:45:00,5400,Withdrawal,Mobile
TXN3163,CUST051,Daniel Njoki,2026-06-28 20:00:00,22000,Withdrawal,ATM
TXN3067,CUST008,Josephine Onyango,2026-06-28 20:07:00,27500,Deposit,Mobile
TXN3111,CUST028,Nancy Achieng,2026-06-28 20:19:00,5400,Transfer,ATM
TXN3051,CUST001,George Hassan,2026-06-28 20:20:00,18300,Transfer,Branch
TXN3057,CUST004,Lucy Odhiambo,2026-06-28 20:20:00,2300,Withdrawal,Mobile
TXN3095,CUST021,Anthony Kiptoo,2026-06-28 20:27:00,3400,Transfer,Mobile
TXN3112,CUST029,Rose Wafula,2026-06-28 20:32:00,3400,Withdrawal,Branch
TXN3157,CUST049,Susan Njoki,2026-06-28 20:38:00,750,Withdrawal,Branch
TXN3074,CUST011,Josephine Otieno,2026-06-28 20:40:00,4200,Withdrawal,Agent
TXN3121,CUST033,Diana Kariuki,2026-06-28 20:52:00,1800,Transfer,Mobile
TXN3142,CUST041,Victor Mwangi,2026-06-28 20:54:00,500,Withdrawal,Branch
TXN3150,CUST046,George Nyambura,2026-06-28 20:54:00,1200,Deposit,Agent
TXN3319,CUST055,Dennis Wanjiru,2026-06-29 07:01:00,8900,Transfer,Mobile
TXN3311,CUST052,David Kiptoo,2026-06-29 07:18:00,11200,Deposit,Mobile
TXN3250,CUST020,Kennedy Kimani,2026-06-29 07:19:00,500,Transfer,Mobile
TXN3323,CUST058,John Njeri,2026-06-29 07:19:00,22000,Transfer,Agent
TXN3271,CUST026,Rebecca Njoki,2026-06-29 07:27:00,41000,Deposit,Mobile
TXN3326,CUST061,Ann Chebet,2026-06-29 07:52:00,12000,Transfer,Mobile
TXN3299,CUST044,Grace Njoki,2026-06-29 07:55:00,27500,Deposit,Agent
TXN3224,CUST002,Beatrice Otieno,2026-06-29 07:56:00,8900,Withdrawal,Branch
TXN3325,CUST061,Ann Chebet,2026-06-29 08:09:00,11200,Withdrawal,ATM
TXN3371,CUST077,Victor Wafula,2026-06-29 08:14:00,500,Withdrawal,ATM
TXN3349,CUST070,Samuel Njoki,2026-06-29 08:23:00,15600,Transfer,Agent
TXN3289,CUST038,Eric Kiptoo,2026-06-29 08:38:00,2300,Transfer,ATM
TXN3302,CUST044,Grace Njoki,2026-06-29 08:47:00,27500,Deposit,Mobile
TXN3357,CUST073,Amina Njeri,2026-06-29 08:47:00,11200,Deposit,ATM
TXN3300,CUST044,Grace Njoki,2026-06-29 08:52:00,1200,Withdrawal,Branch
TXN3233,CUST009,Fatuma Kariuki,2026-06-29 09:00:00,9800,Transfer,Agent
TXN3343,CUST067,Rebecca Wambui,2026-06-29 09:04:00,750,Deposit,Agent
TXN3363,CUST074,Sarah Mwangi,2026-06-29 09:06:00,3400,Deposit,Agent
TXN3330,CUST062,Beatrice Njeri,2026-06-29 09:08:00,8900,Deposit,ATM
TXN3351,CUST071,James Hassan,2026-06-29 09:09:00,11200,Transfer,Mobile
TXN3360,CUST073,Amina Njeri,2026-06-29 09:11:00,8900,Withdrawal,Mobile
TXN3359,CUST073,Amina Njeri,2026-06-29 09:13:00,15600,Transfer,Branch
TXN3374,CUST078,Caroline Kilonzo,2026-06-29 09:26:00,41000,Transfer,Branch
TXN3273,CUST029,Rose Wafula,2026-06-29 09:44:00,2300,Withdrawal,ATM
TXN3225,CUST002,Beatrice Otieno,2026-06-29 09:57:00,1200,Withdrawal,Agent
TXN3267,CUST025,Caroline Kimani,2026-06-29 10:16:00,2300,Withdrawal,Mobile
TXN3279,CUST033,Diana Kariuki,2026-06-29 10:18:00,2300,Transfer,Branch
TXN3307,CUST050,Peter Wambui,2026-06-29 10:22:00,6700,Transfer,Mobile
TXN3306,CUST050,Peter Wambui,2026-06-29 10:32:00,3400,Withdrawal,Agent
TXN3372,CUST077,Victor Wafula,2026-06-29 10:38:00,1200,Withdrawal,Mobile
TXN3356,CUST072,Joyce Kariuki,2026-06-29 10:46:00,3400,Deposit,Agent
TXN3297,CUST042,Faith Hassan,2026-06-29 10:48:00,500,Withdrawal,Branch
TXN3329,CUST062,Beatrice Njeri,2026-06-29 10:48:00,18300,Transfer,Mobile
TXN3247,CUST019,Victor Hassan,2026-06-29 10:49:00,1200,Deposit,Agent
TXN3315,CUST053,Anthony Muthoni,2026-06-29 10:51:00,2300,Deposit,Mobile
TXN3254,CUST021,Anthony Kiptoo,2026-06-29 10:54:00,1200,Withdrawal,Mobile
TXN3269,CUST026,Rebecca Njoki,2026-06-29 11:04:00,11200,Withdrawal,Agent
TXN3259,CUST023,Lucy Gathoni,2026-06-29 11:11:00,1200,Transfer,Mobile
TXN3268,CUST025,Caroline Kimani,2026-06-29 11:17:00,9800,Transfer,Branch
TXN3287,CUST038,Eric Kiptoo,2026-06-29 11:18:00,1200,Transfer,Branch
TXN3248,CUST019,Victor Hassan,2026-06-29 11:38:00,5400,Deposit,ATM
TXN3375,CUST078,Caroline Kilonzo,2026-06-29 11:41:00,11200,Deposit,Branch
TXN3370,CUST076,Amina Hassan,2026-06-29 12:19:00,5400,Withdrawal,Mobile
TXN3277,CUST031,Susan Gathoni,2026-06-29 12:21:00,15600,Deposit,Branch
TXN3365,CUST075,Kevin Kiptoo,2026-06-29 12:31:00,12000,Deposit,Agent
TXN3312,CUST052,David Kiptoo,2026-06-29 12:35:00,8900,Withdrawal,ATM
TXN3239,CUST013,Joyce Gathoni,2026-06-29 12:37:00,5400,Deposit,ATM
TXN3358,CUST073,Amina Njeri,2026-06-29 12:37:00,750,Deposit,Branch
TXN3352,CUST071,James Hassan,2026-06-29 12:44:00,41000,Deposit,Mobile
TXN3260,CUST023,Lucy Gathoni,2026-06-29 12:46:00,750,Transfer,Agent
TXN3270,CUST026,Rebecca Njoki,2026-06-29 12:50:00,34500,Withdrawal,Agent
TXN3240,CUST016,David Kariuki,2026-06-29 12:54:00,15600,Transfer,Mobile
TXN3253,CUST021,Anthony Kiptoo,2026-06-29 12:58:00,9800,Withdrawal,ATM
TXN3296,CUST042,Faith Hassan,2026-06-29 12:58:00,4200,Transfer,ATM
TXN3377,CUST080,Mercy Omondi,2026-06-29 12:58:00,41000,Withdrawal,Branch
TXN3290,CUST039,Charles Njoki,2026-06-29 13:06:00,9800,Withdrawal,Mobile
TXN3317,CUST054,Paul Chebet,2026-06-29 13:13:00,15600,Withdrawal,Branch
TXN3252,CUST020,Kennedy Kimani,2026-06-29 13:28:00,6700,Deposit,ATM
TXN3266,CUST024,Anthony Achieng,2026-06-29 13:36:00,3400,Deposit,Branch
TXN3265,CUST024,Anthony Achieng,2026-06-29 13:38:00,4200,Withdrawal,Branch
TXN3243,CUST018,Mercy Kiptoo,2026-06-29 13:39:00,2300,Withdrawal,Branch
TXN3274,CUST029,Rose Wafula,2026-06-29 13:45:00,1200,Withdrawal,Agent
TXN3276,CUST031,Susan Gathoni,2026-06-29 13:59:00,8900,Deposit,Agent
TXN3335,CUST064,Eric Chebet,2026-06-29 13:59:00,2300,Withdrawal,Branch
TXN3369,CUST076,Amina Hassan,2026-06-29 14:06:00,41000,Withdrawal,Mobile
TXN3281,CUST035,Peter Gathoni,2026-06-29 14:14:00,34500,Deposit,Agent
TXN3362,CUST074,Sarah Mwangi,2026-06-29 14:21:00,500,Withdrawal,Agent
TXN3341,CUST067,Rebecca Wambui,2026-06-29 14:31:00,1200,Deposit,Mobile
TXN3245,CUST018,Mercy Kiptoo,2026-06-29 14:32:00,11200,Deposit,ATM
TXN3292,CUST039,Charles Njoki,2026-06-29 14:32:00,1200,Transfer,Mobile
TXN3327,CUST061,Ann Chebet,2026-06-29 14:32:00,34500,Withdrawal,Mobile
TXN3238,CUST013,Joyce Gathoni,2026-06-29 14:36:00,22000,Transfer,ATM
TXN3246,CUST019,Victor Hassan,2026-06-29 14:40:00,6700,Transfer,Branch
TXN3280,CUST035,Peter Gathoni,2026-06-29 14:41:00,5400,Withdrawal,Branch
TXN3236,CUST012,Anthony Kimani,2026-06-29 14:51:00,1800,Withdrawal,ATM
TXN3288,CUST038,Eric Kiptoo,2026-06-29 14:55:00,11200,Withdrawal,Mobile
TXN3291,CUST039,Charles Njoki,2026-06-29 14:55:00,2300,Transfer,Agent
TXN3235,CUST010,Peter Wafula,2026-06-29 14:59:00,8900,Withdrawal,Agent
TXN3308,CUST051,Daniel Njoki,2026-06-29 15:06:00,11200,Deposit,Agent
TXN3334,CUST063,Peter Mwangi,2026-06-29 15:06:00,9800,Transfer,Mobile
TXN3284,CUST037,Rose Nyambura,2026-06-29 15:12:00,8900,Transfer,ATM
TXN3298,CUST043,Rose Onyango,2026-06-29 15:20:00,18300,Deposit,ATM
TXN3339,CUST066,Mercy Onyango,2026-06-29 15:32:00,15600,Withdrawal,Mobile
TXN3348,CUST069,Moses Kariuki,2026-06-29 15:32:00,8900,Withdrawal,Mobile
TXN3366,CUST075,Kevin Kiptoo,2026-06-29 15:34:00,8900,Withdrawal,Agent
TXN3255,CUST022,Rebecca Mwangi,2026-06-29 15:41:00,34500,Deposit,Branch
TXN3313,CUST052,David Kiptoo,2026-06-29 15:44:00,2300,Transfer,ATM
TXN3321,CUST056,Susan Odhiambo,2026-06-29 15:44:00,2300,Deposit,Branch
TXN3316,CUST054,Paul Chebet,2026-06-29 15:53:00,2300,Deposit,ATM
TXN3285,CUST037,Rose Nyambura,2026-06-29 16:03:00,5400,Transfer,ATM
TXN3310,CUST051,Daniel Njoki,2026-06-29 16:03:00,8900,Withdrawal,Branch
TXN3322,CUST058,John Njeri,2026-06-29 16:17:00,15600,Deposit,ATM
TXN3373,CUST077,Victor Wafula,2026-06-29 16:18:00,5400,Deposit,ATM
TXN3275,CUST031,Susan Gathoni,2026-06-29 16:20:00,27500,Transfer,ATM
TXN3318,CUST055,Dennis Wanjiru,2026-06-29 16:35:00,11200,Transfer,Agent
TXN3264,CUST024,Anthony Achieng,2026-06-29 16:36:00,15600,Deposit,Branch
TXN3367,CUST075,Kevin Kiptoo,2026-06-29 16:42:00,2300,Transfer,Mobile
TXN3295,CUST042,Faith Hassan,2026-06-29 16:45:00,41000,Withdrawal,Mobile
TXN3294,CUST042,Faith Hassan,2026-06-29 16:47:00,2300,Transfer,Branch
TXN3262,CUST023,Lucy Gathoni,2026-06-29 16:53:00,1800,Transfer,ATM
TXN3340,CUST066,Mercy Onyango,2026-06-29 16:53:00,18300,Transfer,Agent
TXN3251,CUST020,Kennedy Kimani,2026-06-29 17:14:00,12000,Deposit,ATM
TXN3368,CUST076,Amina Hassan,2026-06-29 17:24:00,12000,Transfer,ATM
TXN3333,CUST063,Peter Mwangi,2026-06-29 17:29:00,3400,Transfer,ATM
TXN3364,CUST074,Sarah Mwangi,2026-06-29 17:31:00,1800,Transfer,Branch
TXN3320,CUST055,Dennis Wanjiru,2026-06-29 17:41:00,3400,Transfer,Agent
TXN3249,CUST020,Kennedy Kimani,2026-06-29 17:47:00,2300,Deposit,Branch
TXN3303,CUST046,George Nyambura,2026-06-29 17:53:00,22000,Withdrawal,Mobile
TXN3263,CUST024,Anthony Achieng,2026-06-29 17:58:00,15600,Withdrawal,ATM
TXN3314,CUST052,David Kiptoo,2026-06-29 17:58:00,500,Transfer,ATM
TXN3227,CUST005,Sarah Otieno,2026-06-29 18:05:00,8900,Deposit,Agent
TXN3332,CUST063,Peter Mwangi,2026-06-29 18:08:00,11200,Withdrawal,Branch
TXN3261,CUST023,Lucy Gathoni,2026-06-29 18:12:00,12000,Withdrawal,Mobile
TXN3283,CUST035,Peter Gathoni,2026-06-29 18:12:00,18300,Transfer,ATM
TXN3229,CUST007,Grace Njoki,2026-06-29 18:27:00,41000,Deposit,ATM
TXN3324,CUST059,David Achieng,2026-06-29 18:34:00,34500,Withdrawal,Branch
TXN3345,CUST068,Victor Odhiambo,2026-06-29 18:36:00,1200,Transfer,Branch
TXN3258,CUST022,Rebecca Mwangi,2026-06-29 18:40:00,4200,Withdrawal,Agent
TXN3223,CUST002,Beatrice Otieno,2026-06-29 18:41:00,3400,Deposit,Branch
TXN3331,CUST062,Beatrice Njeri,2026-06-29 18:41:00,1800,Transfer,Agent
TXN3346,CUST068,Victor Odhiambo,2026-06-29 18:43:00,22000,Withdrawal,ATM
TXN3244,CUST018,Mercy Kiptoo,2026-06-29 18:55:00,5400,Transfer,ATM
TXN3234,CUST010,Peter Wafula,2026-06-29 19:00:00,3400,Withdrawal,Agent
TXN3328,CUST062,Beatrice Njeri,2026-06-29 19:02:00,2300,Transfer,Agent
TXN3347,CUST068,Victor Odhiambo,2026-06-29 19:03:00,1200,Deposit,ATM
TXN3309,CUST051,Daniel Njoki,2026-06-29 19:09:00,15600,Transfer,Agent
TXN3337,CUST066,Mercy Onyango,2026-06-29 19:11:00,22000,Deposit,Branch
TXN3293,CUST040,John Omondi,2026-06-29 19:12:00,18300,Withdrawal,Mobile
TXN3257,CUST022,Rebecca Mwangi,2026-06-29 19:16:00,2300,Transfer,ATM
TXN3226,CUST005,Sarah Otieno,2026-06-29 19:20:00,9800,Withdrawal,Agent
TXN3338,CUST066,Mercy Onyango,2026-06-29 19:21:00,12000,Withdrawal,ATM
TXN3350,CUST070,Samuel Njoki,2026-06-29 19:21:00,2300,Withdrawal,ATM
TXN3232,CUST009,Fatuma Kariuki,2026-06-29 19:23:00,3400,Transfer,ATM
TXN3376,CUST078,Caroline Kilonzo,2026-06-29 19:27:00,750,Transfer,Branch
TXN3344,CUST068,Victor Odhiambo,2026-06-29 19:33:00,27500,Withdrawal,Agent
TXN3241,CUST016,David Kariuki,2026-06-29 19:34:00,8900,Transfer,Mobile
TXN3237,CUST012,Anthony Kimani,2026-06-29 19:35:00,4200,Deposit,ATM
TXN3242,CUST016,David Kariuki,2026-06-29 19:36:00,5400,Deposit,ATM
TXN3354,CUST072,Joyce Kariuki,2026-06-29 19:37:00,18300,Deposit,Branch
TXN3336,CUST065,Rebecca Wambui,2026-06-29 19:40:00,27500,Transfer,ATM
TXN3230,CUST008,Josephine Onyango,2026-06-29 19:46:00,3400,Deposit,Branch
TXN3278,CUST033,Diana Kariuki,2026-06-29 19:46:00,5400,Transfer,ATM
TXN3286,CUST037,Rose Nyambura,2026-06-29 19:46:00,22000,Transfer,Agent
TXN3355,CUST072,Joyce Kariuki,2026-06-29 19:48:00,41000,Withdrawal,Mobile
TXN3228,CUST006,Francis Achieng,2026-06-29 19:51:00,12000,Deposit,Branch
TXN3272,CUST027,Anthony Otieno,2026-06-29 20:03:00,9800,Transfer,Agent
TXN3231,CUST008,Josephine Onyango,2026-06-29 20:06:00,12000,Deposit,ATM
TXN3353,CUST072,Joyce Kariuki,2026-06-29 20:06:00,15600,Deposit,ATM
TXN3305,CUST047,Dennis Kilonzo,2026-06-29 20:08:00,12000,Withdrawal,Agent
TXN3301,CUST044,Grace Njoki,2026-06-29 20:25:00,4200,Deposit,Branch
TXN3342,CUST067,Rebecca Wambui,2026-06-29 20:25:00,9800,Withdrawal,Agent
TXN3361,CUST074,Sarah Mwangi,2026-06-29 20:39:00,22000,Deposit,Mobile
TXN3256,CUST022,Rebecca Mwangi,2026-06-29 20:51:00,12000,Deposit,Branch
TXN3304,CUST047,Dennis Kilonzo,2026-06-29 20:54:00,15600,Withdrawal,ATM
TXN3282,CUST035,Peter Gathoni,2026-06-29 20:55:00,750,Deposit,ATM
TXN3394,CUST007,Grace Njoki,2026-06-30 07:02:00,3400,Withdrawal,Mobile
TXN5697,CUST045,Rebecca Gathoni,2026-06-30 07:06:00,100000,Withdrawal,Agent
TXN3420,CUST020,Kennedy Kimani,2026-06-30 07:07:00,3400,Withdrawal,ATM
TXN3493,CUST056,Susan Odhiambo,2026-06-30 07:08:00,4200,Withdrawal,Branch
TXN3431,CUST026,Rebecca Njoki,2026-06-30 07:11:00,12000,Deposit,ATM
TXN3418,CUST019,Victor Hassan,2026-06-30 07:30:00,12000,Deposit,ATM
TXN3424,CUST021,Anthony Kiptoo,2026-06-30 07:36:00,27500,Withdrawal,Agent
TXN3496,CUST057,Ruth Kilonzo,2026-06-30 07:36:00,1200,Deposit,Agent
TXN3498,CUST058,John Njeri,2026-06-30 07:55:00,3400,Deposit,Branch
TXN3529,CUST075,Kevin Kiptoo,2026-06-30 08:02:00,9800,Deposit,Mobile
TXN3514,CUST068,Victor Odhiambo,2026-06-30 08:07:00,41000,Transfer,ATM
TXN3474,CUST048,Rose Gathoni,2026-06-30 08:11:00,6700,Transfer,Agent
TXN3402,CUST011,Josephine Otieno,2026-06-30 08:13:00,11200,Withdrawal,Agent
TXN3398,CUST008,Josephine Onyango,2026-06-30 08:14:00,500,Deposit,Mobile
TXN3458,CUST039,Charles Njoki,2026-06-30 08:19:00,27500,Transfer,Mobile
TXN3429,CUST026,Rebecca Njoki,2026-06-30 08:22:00,9800,Deposit,ATM
TXN3437,CUST030,Josephine Nyambura,2026-06-30 08:45:00,3400,Transfer,Agent
TXN3508,CUST065,Rebecca Wambui,2026-06-30 08:45:00,34500,Deposit,Agent
TXN3516,CUST069,Moses Kariuki,2026-06-30 08:45:00,15600,Transfer,Agent
TXN3439,CUST030,Josephine Nyambura,2026-06-30 08:50:00,41000,Deposit,Branch
TXN3478,CUST049,Susan Njoki,2026-06-30 09:00:00,34500,Transfer,Branch
TXN3433,CUST027,Anthony Otieno,2026-06-30 09:01:00,4200,Withdrawal,Mobile
TXN3461,CUST041,Victor Mwangi,2026-06-30 09:20:00,11200,Deposit,Agent
TXN3385,CUST003,Fatuma Wafula,2026-06-30 09:25:00,9800,Transfer,ATM
TXN3388,CUST004,Lucy Odhiambo,2026-06-30 09:26:00,750,Transfer,ATM
TXN3451,CUST037,Rose Nyambura,2026-06-30 09:28:00,500,Transfer,ATM
TXN3447,CUST035,Peter Gathoni,2026-06-30 09:31:00,12000,Deposit,Agent
TXN3410,CUST017,Grace Wafula,2026-06-30 09:36:00,12000,Deposit,Branch
TXN3459,CUST040,John Omondi,2026-06-30 09:40:00,11200,Deposit,Agent
TXN3379,CUST001,George Hassan,2026-06-30 09:45:00,3400,Withdrawal,Agent
TXN3473,CUST048,Rose Gathoni,2026-06-30 09:47:00,27500,Withdrawal,ATM
TXN3432,CUST026,Rebecca Njoki,2026-06-30 09:53:00,27500,Deposit,ATM
TXN3499,CUST059,David Achieng,2026-06-30 09:54:00,34500,Deposit,Branch
TXN3441,CUST032,Susan Odhiambo,2026-06-30 10:03:00,2300,Transfer,Mobile
TXN3490,CUST054,Paul Chebet,2026-06-30 10:03:00,6700,Withdrawal,ATM
TXN3380,CUST001,George Hassan,2026-06-30 10:06:00,34500,Transfer,Branch
TXN5698,CUST045,Rebecca Gathoni,2026-06-30 10:10:00,100000,Withdrawal,ATM
TXN3448,CUST036,Diana Omondi,2026-06-30 10:13:00,8900,Deposit,Branch
TXN3527,CUST073,Amina Njeri,2026-06-30 10:28:00,500,Deposit,Mobile
TXN3533,CUST077,Victor Wafula,2026-06-30 10:37:00,2300,Deposit,Branch
TXN3495,CUST056,Susan Odhiambo,2026-06-30 10:38:00,3400,Deposit,ATM
TXN3477,CUST049,Susan Njoki,2026-06-30 10:41:00,8900,Withdrawal,Branch
TXN3509,CUST066,Mercy Onyango,2026-06-30 10:41:00,15600,Withdrawal,Agent
TXN3407,CUST015,Sarah Chebet,2026-06-30 10:59:00,18300,Deposit,Branch
TXN3422,CUST020,Kennedy Kimani,2026-06-30 11:01:00,2300,Transfer,Mobile
TXN3405,CUST014,David Gathoni,2026-06-30 11:02:00,27500,Deposit,Agent
TXN3426,CUST023,Lucy Gathoni,2026-06-30 11:14:00,5400,Withdrawal,Agent
TXN3456,CUST039,Charles Njoki,2026-06-30 11:14:00,3400,Transfer,ATM
TXN3502,CUST062,Beatrice Njeri,2026-06-30 11:17:00,1200,Transfer,Branch
TXN3393,CUST007,Grace Njoki,2026-06-30 11:25:00,41000,Transfer,ATM
TXN3413,CUST017,Grace Wafula,2026-06-30 11:27:00,6700,Transfer,Agent
TXN3395,CUST008,Josephine Onyango,2026-06-30 11:33:00,12000,Transfer,ATM
TXN3525,CUST072,Joyce Kariuki,2026-06-30 11:37:00,41000,Transfer,Agent
TXN3540,CUST080,Mercy Omondi,2026-06-30 11:37:00,18300,Transfer,Agent
TXN3511,CUST066,Mercy Onyango,2026-06-30 11:43:00,2300,Transfer,Mobile
TXN3449,CUST036,Diana Omondi,2026-06-30 11:46:00,750,Transfer,ATM
TXN3427,CUST023,Lucy Gathoni,2026-06-30 11:47:00,22000,Withdrawal,Mobile
TXN3531,CUST075,Kevin Kiptoo,2026-06-30 11:54:00,18300,Withdrawal,Mobile
TXN3501,CUST062,Beatrice Njeri,2026-06-30 12:06:00,4200,Deposit,Branch
TXN3488,CUST052,David Kiptoo,2026-06-30 12:25:00,34500,Withdrawal,Branch
TXN3450,CUST036,Diana Omondi,2026-06-30 12:30:00,6700,Deposit,Agent
TXN3466,CUST044,Grace Njoki,2026-06-30 12:33:00,15600,Deposit,Branch
TXN3438,CUST030,Josephine Nyambura,2026-06-30 12:45:00,6700,Withdrawal,Agent
TXN3521,CUST071,James Hassan,2026-06-30 13:03:00,15600,Withdrawal,Branch
TXN3475,CUST048,Rose Gathoni,2026-06-30 13:05:00,8900,Transfer,Agent
TXN3481,CUST050,Peter Wambui,2026-06-30 13:06:00,6700,Transfer,Agent
TXN3497,CUST057,Ruth Kilonzo,2026-06-30 13:10:00,2300,Deposit,ATM
TXN5699,CUST045,Rebecca Gathoni,2026-06-30 13:13:00,100000,Withdrawal,ATM
TXN3505,CUST064,Eric Chebet,2026-06-30 13:16:00,750,Withdrawal,Mobile
TXN3538,CUST080,Mercy Omondi,2026-06-30 13:19:00,9800,Withdrawal,Mobile
TXN3465,CUST044,Grace Njoki,2026-06-30 13:20:00,5400,Deposit,ATM
TXN3415,CUST018,Mercy Kiptoo,2026-06-30 13:21:00,500,Deposit,ATM
TXN3409,CUST016,David Kariuki,2026-06-30 13:34:00,18300,Deposit,Agent
TXN3485,CUST051,Daniel Njoki,2026-06-30 13:45:00,12000,Deposit,ATM
TXN3403,CUST011,Josephine Otieno,2026-06-30 13:48:00,12000,Transfer,Mobile
TXN3454,CUST038,Eric Kiptoo,2026-06-30 13:48:00,11200,Deposit,Branch
TXN3512,CUST068,Victor Odhiambo,2026-06-30 13:54:00,3400,Transfer,ATM
TXN3401,CUST011,Josephine Otieno,2026-06-30 13:56:00,2300,Deposit,Agent
TXN3440,CUST031,Susan Gathoni,2026-06-30 14:07:00,5400,Transfer,Mobile
TXN3483,CUST051,Daniel Njoki,2026-06-30 14:09:00,8900,Withdrawal,Mobile
TXN3482,CUST050,Peter Wambui,2026-06-30 14:12:00,34500,Withdrawal,Branch
TXN3486,CUST052,David Kiptoo,2026-06-30 14:13:00,3400,Withdrawal,Mobile
TXN3526,CUST073,Amina Njeri,2026-06-30 14:16:00,22000,Deposit,Mobile
TXN3536,CUST078,Caroline Kilonzo,2026-06-30 14:17:00,4200,Deposit,Agent
TXN3392,CUST007,Grace Njoki,2026-06-30 14:19:00,34500,Transfer,Mobile
TXN3445,CUST034,James Kariuki,2026-06-30 14:22:00,12000,Withdrawal,Branch
TXN3391,CUST005,Sarah Otieno,2026-06-30 14:28:00,18300,Withdrawal,Branch
TXN3408,CUST015,Sarah Chebet,2026-06-30 14:32:00,11200,Transfer,Agent
TXN3378,CUST001,George Hassan,2026-06-30 14:35:00,1200,Deposit,Mobile
TXN3467,CUST044,Grace Njoki,2026-06-30 14:40:00,27500,Withdrawal,Agent
TXN3387,CUST004,Lucy Odhiambo,2026-06-30 14:44:00,1800,Deposit,ATM
TXN3455,CUST039,Charles Njoki,2026-06-30 14:57:00,2300,Transfer,ATM
TXN3469,CUST045,Rebecca Gathoni,2026-06-30 14:59:00,41000,Transfer,Mobile
TXN3504,CUST063,Peter Mwangi,2026-06-30 15:01:00,27500,Transfer,Mobile
TXN3411,CUST017,Grace Wafula,2026-06-30 15:05:00,6700,Withdrawal,ATM
TXN3434,CUST027,Anthony Otieno,2026-06-30 15:18:00,2300,Transfer,Mobile
TXN3416,CUST019,Victor Hassan,2026-06-30 15:19:00,1200,Deposit,Branch
TXN3515,CUST069,Moses Kariuki,2026-06-30 15:19:00,15600,Withdrawal,ATM
TXN3528,CUST075,Kevin Kiptoo,2026-06-30 15:21:00,34500,Withdrawal,Mobile
TXN3468,CUST044,Grace Njoki,2026-06-30 15:22:00,34500,Deposit,Branch
TXN3453,CUST038,Eric Kiptoo,2026-06-30 15:25:00,6700,Withdrawal,ATM
TXN3446,CUST035,Peter Gathoni,2026-06-30 15:27:00,27500,Withdrawal,ATM
TXN3457,CUST039,Charles Njoki,2026-06-30 15:28:00,3400,Deposit,ATM
TXN3472,CUST047,Dennis Kilonzo,2026-06-30 15:38:00,6700,Deposit,Agent
TXN3479,CUST049,Susan Njoki,2026-06-30 15:42:00,22000,Withdrawal,Branch
TXN3452,CUST037,Rose Nyambura,2026-06-30 15:47:00,34500,Transfer,Branch
TXN3414,CUST018,Mercy Kiptoo,2026-06-30 15:49:00,2300,Transfer,Mobile
TXN5700,CUST045,Rebecca Gathoni,2026-06-30 16:01:00,100000,Withdrawal,Agent
TXN3444,CUST034,James Kariuki,2026-06-30 16:03:00,18300,Transfer,Mobile
TXN3400,CUST009,Fatuma Kariuki,2026-06-30 16:05:00,750,Transfer,Agent
TXN3412,CUST017,Grace Wafula,2026-06-30 16:08:00,3400,Withdrawal,Mobile
TXN3430,CUST026,Rebecca Njoki,2026-06-30 16:11:00,1800,Deposit,Mobile
TXN3520,CUST071,James Hassan,2026-06-30 16:20:00,3400,Deposit,Branch
TXN3510,CUST066,Mercy Onyango,2026-06-30 16:37:00,6700,Deposit,Mobile
TXN3419,CUST019,Victor Hassan,2026-06-30 16:39:00,11200,Deposit,ATM
TXN3383,CUST002,Beatrice Otieno,2026-06-30 16:42:00,11200,Deposit,ATM
TXN3384,CUST003,Fatuma Wafula,2026-06-30 16:44:00,41000,Withdrawal,Agent
TXN3464,CUST043,Rose Onyango,2026-06-30 16:45:00,34500,Withdrawal,ATM
TXN3507,CUST065,Rebecca Wambui,2026-06-30 16:45:00,8900,Transfer,Mobile
TXN3539,CUST080,Mercy Omondi,2026-06-30 16:53:00,18300,Deposit,Mobile
TXN3537,CUST078,Caroline Kilonzo,2026-06-30 16:55:00,750,Deposit,Branch
TXN3513,CUST068,Victor Odhiambo,2026-06-30 16:58:00,8900,Deposit,ATM
TXN3425,CUST021,Anthony Kiptoo,2026-06-30 17:15:00,15600,Withdrawal,Agent
TXN3524,CUST072,Joyce Kariuki,2026-06-30 17:25:00,41000,Deposit,Agent
TXN3532,CUST077,Victor Wafula,2026-06-30 17:28:00,27500,Deposit,Agent
TXN3406,CUST014,David Gathoni,2026-06-30 17:35:00,15600,Deposit,Agent
TXN3428,CUST023,Lucy Gathoni,2026-06-30 17:37:00,1200,Deposit,ATM
TXN3404,CUST013,Joyce Gathoni,2026-06-30 17:45:00,2300,Withdrawal,ATM
TXN3471,CUST045,Rebecca Gathoni,2026-06-30 17:45:00,8900,Deposit,Mobile
TXN3491,CUST054,Paul Chebet,2026-06-30 17:47:00,34500,Transfer,Agent
TXN3443,CUST034,James Kariuki,2026-06-30 17:52:00,27500,Withdrawal,Agent
TXN3397,CUST008,Josephine Onyango,2026-06-30 17:53:00,1800,Withdrawal,ATM
TXN3541,CUST080,Mercy Omondi,2026-06-30 17:58:00,8900,Transfer,Agent
TXN3463,CUST043,Rose Onyango,2026-06-30 18:01:00,1800,Transfer,Branch
TXN3492,CUST055,Dennis Wanjiru,2026-06-30 18:01:00,6700,Transfer,ATM
TXN3517,CUST070,Samuel Njoki,2026-06-30 18:01:00,41000,Deposit,ATM
TXN3436,CUST028,Nancy Achieng,2026-06-30 18:06:00,6700,Deposit,ATM
TXN3480,CUST049,Susan Njoki,2026-06-30 18:13:00,12000,Withdrawal,Branch
TXN3530,CUST075,Kevin Kiptoo,2026-06-30 18:14:00,15600,Deposit,Mobile
TXN3442,CUST033,Diana Kariuki,2026-06-30 18:17:00,34500,Deposit,Mobile
TXN3389,CUST004,Lucy Odhiambo,2026-06-30 18:30:00,15600,Deposit,Mobile
TXN3399,CUST009,Fatuma Kariuki,2026-06-30 18:31:00,11200,Withdrawal,Mobile
TXN3470,CUST045,Rebecca Gathoni,2026-06-30 18:36:00,6700,Withdrawal,Agent
TXN3476,CUST048,Rose Gathoni,2026-06-30 18:37:00,4200,Withdrawal,ATM
TXN3519,CUST071,James Hassan,2026-06-30 18:39:00,5400,Transfer,Branch
TXN3484,CUST051,Daniel Njoki,2026-06-30 18:44:00,500,Deposit,Branch
TXN3500,CUST061,Ann Chebet,2026-06-30 18:44:00,34500,Deposit,ATM
TXN3382,CUST002,Beatrice Otieno,2026-06-30 19:03:00,9800,Withdrawal,Mobile
TXN3423,CUST021,Anthony Kiptoo,2026-06-30 19:03:00,22000,Deposit,ATM
TXN3390,CUST005,Sarah Otieno,2026-06-30 19:11:00,750,Transfer,ATM
TXN3523,CUST072,Joyce Kariuki,2026-06-30 19:12:00,1200,Deposit,Agent
TXN3386,CUST004,Lucy Odhiambo,2026-06-30 19:29:00,2300,Transfer,Agent
TXN3462,CUST043,Rose Onyango,2026-06-30 19:29:00,27500,Deposit,Branch
TXN3494,CUST056,Susan Odhiambo,2026-06-30 19:34:00,15600,Deposit,Mobile
TXN3534,CUST077,Victor Wafula,2026-06-30 19:39:00,5400,Deposit,ATM
TXN3381,CUST002,Beatrice Otieno,2026-06-30 19:40:00,5400,Transfer,Agent
TXN3522,CUST072,Joyce Kariuki,2026-06-30 19:43:00,12000,Transfer,Branch
TXN3535,CUST077,Victor Wafula,2026-06-30 19:50:00,41000,Deposit,ATM
TXN3518,CUST070,Samuel Njoki,2026-06-30 19:51:00,6700,Transfer,Mobile
TXN3489,CUST054,Paul Chebet,2026-06-30 19:56:00,750,Deposit,Branch
TXN3435,CUST028,Nancy Achieng,2026-06-30 20:11:00,34500,Deposit,Branch
TXN3396,CUST008,Josephine Onyango,2026-06-30 20:18:00,18300,Withdrawal,ATM
TXN3487,CUST052,David Kiptoo,2026-06-30 20:20:00,11200,Deposit,ATM
TXN3506,CUST065,Rebecca Wambui,2026-06-30 20:21:00,15600,Withdrawal,ATM
TXN3417,CUST019,Victor Hassan,2026-06-30 20:22:00,18300,Deposit,Branch
TXN3503,CUST062,Beatrice Njeri,2026-06-30 20:27:00,4200,Deposit,Agent
TXN3421,CUST020,Kennedy Kimani,2026-06-30 20:30:00,18300,Transfer,ATM
TXN3460,CUST040,John Omondi,2026-06-30 20:46:00,34500,Deposit,ATM
TXN5735,CUST028,Nancy Achieng,2026-07-01 07:00:00,50000,Transfer,Branch
TXN3562,CUST011,Josephine Otieno,2026-07-01 07:02:00,34500,Deposit,Mobile
TXN3592,CUST026,Rebecca Njoki,2026-07-01 07:02:00,4200,Transfer,ATM
TXN3560,CUST008,Josephine Onyango,2026-07-01 07:35:00,22000,Transfer,Agent
TXN3670,CUST066,Mercy Onyango,2026-07-01 07:42:00,1800,Deposit,ATM
TXN3583,CUST022,Rebecca Mwangi,2026-07-01 07:43:00,27500,Deposit,Mobile
TXN3647,CUST056,Susan Odhiambo,2026-07-01 07:46:00,41000,Transfer,ATM
TXN3622,CUST042,Faith Hassan,2026-07-01 07:47:00,750,Deposit,Agent
TXN3664,CUST064,Eric Chebet,2026-07-01 07:55:00,3400,Withdrawal,Mobile
TXN3644,CUST055,Dennis Wanjiru,2026-07-01 08:00:00,22000,Deposit,Agent
TXN3611,CUST038,Eric Kiptoo,2026-07-01 08:02:00,15600,Deposit,ATM
TXN3571,CUST016,David Kariuki,2026-07-01 08:15:00,750,Deposit,ATM
TXN3688,CUST080,Mercy Omondi,2026-07-01 08:17:00,11200,Withdrawal,Mobile
TXN3690,CUST080,Mercy Omondi,2026-07-01 08:24:00,2300,Withdrawal,ATM
TXN3567,CUST013,Joyce Gathoni,2026-07-01 08:48:00,750,Transfer,ATM
TXN3649,CUST057,Ruth Kilonzo,2026-07-01 08:50:00,9800,Withdrawal,Agent
TXN3673,CUST066,Mercy Onyango,2026-07-01 08:55:00,8900,Transfer,Agent
TXN3683,CUST074,Sarah Mwangi,2026-07-01 08:56:00,12000,Transfer,Mobile
TXN3601,CUST029,Rose Wafula,2026-07-01 08:58:00,750,Deposit,Agent
TXN3671,CUST066,Mercy Onyango,2026-07-01 09:02:00,27500,Transfer,Branch
TXN3687,CUST076,Amina Hassan,2026-07-01 09:26:00,6700,Transfer,Mobile
TXN3554,CUST005,Sarah Otieno,2026-07-01 09:36:00,15600,Deposit,Agent
TXN3656,CUST061,Ann Chebet,2026-07-01 09:45:00,2300,Deposit,Mobile
TXN3626,CUST045,Rebecca Gathoni,2026-07-01 10:08:00,41000,Transfer,ATM
TXN3606,CUST033,Diana Kariuki,2026-07-01 10:10:00,6700,Deposit,Mobile
TXN3668,CUST065,Rebecca Wambui,2026-07-01 10:17:00,3400,Deposit,Agent
TXN3632,CUST048,Rose Gathoni,2026-07-01 10:18:00,4200,Deposit,Branch
TXN3599,CUST029,Rose Wafula,2026-07-01 10:20:00,12000,Deposit,ATM
TXN3595,CUST028,Nancy Achieng,2026-07-01 10:22:00,1800,Withdrawal,Agent
TXN3605,CUST033,Diana Kariuki,2026-07-01 10:22:00,3400,Deposit,Agent
TXN3566,CUST013,Joyce Gathoni,2026-07-01 10:23:00,1200,Transfer,ATM
TXN3675,CUST067,Rebecca Wambui,2026-07-01 10:37:00,15600,Withdrawal,Mobile
TXN3553,CUST005,Sarah Otieno,2026-07-01 10:38:00,750,Deposit,ATM
TXN3636,CUST050,Peter Wambui,2026-07-01 10:43:00,3400,Deposit,ATM
TXN3598,CUST028,Nancy Achieng,2026-07-01 10:46:00,2300,Deposit,ATM
TXN3578,CUST019,Victor Hassan,2026-07-01 10:56:00,8900,Deposit,ATM
TXN3627,CUST046,George Nyambura,2026-07-01 10:57:00,2300,Transfer,Mobile
TXN3544,CUST002,Beatrice Otieno,2026-07-01 10:58:00,11200,Transfer,Mobile
TXN3672,CUST066,Mercy Onyango,2026-07-01 11:03:00,4200,Withdrawal,Branch
TXN3580,CUST019,Victor Hassan,2026-07-01 11:11:00,15600,Deposit,Branch
TXN3593,CUST026,Rebecca Njoki,2026-07-01 11:11:00,1200,Withdrawal,Mobile
TXN3594,CUST027,Anthony Otieno,2026-07-01 11:15:00,41000,Transfer,ATM
TXN3574,CUST017,Grace Wafula,2026-07-01 11:18:00,500,Deposit,Agent
TXN3568,CUST015,Sarah Chebet,2026-07-01 11:27:00,9800,Transfer,Branch
TXN3543,CUST001,George Hassan,2026-07-01 11:45:00,5400,Transfer,ATM
TXN3591,CUST026,Rebecca Njoki,2026-07-01 11:52:00,12000,Deposit,Agent
TXN3674,CUST067,Rebecca Wambui,2026-07-01 11:52:00,27500,Deposit,Agent
TXN3679,CUST071,James Hassan,2026-07-01 11:56:00,27500,Deposit,Mobile
TXN3552,CUST004,Lucy Odhiambo,2026-07-01 12:00:00,12000,Transfer,Mobile
TXN3570,CUST015,Sarah Chebet,2026-07-01 12:00:00,27500,Deposit,Branch
TXN5736,CUST028,Nancy Achieng,2026-07-01 12:00:00,500000,Transfer,Branch
TXN3587,CUST023,Lucy Gathoni,2026-07-01 12:05:00,9800,Deposit,Branch
TXN3628,CUST046,George Nyambura,2026-07-01 12:07:00,15600,Withdrawal,Mobile
TXN3586,CUST023,Lucy Gathoni,2026-07-01 12:08:00,27500,Transfer,ATM
TXN3658,CUST062,Beatrice Njeri,2026-07-01 12:17:00,5400,Deposit,Agent
TXN3558,CUST007,Grace Njoki,2026-07-01 12:18:00,750,Deposit,Mobile
TXN3648,CUST056,Susan Odhiambo,2026-07-01 12:25:00,18300,Deposit,Branch
TXN3551,CUST004,Lucy Odhiambo,2026-07-01 12:28:00,34500,Withdrawal,Agent
TXN3546,CUST003,Fatuma Wafula,2026-07-01 13:01:00,5400,Deposit,Agent
TXN3623,CUST044,Grace Njoki,2026-07-01 13:01:00,12000,Withdrawal,Mobile
TXN3556,CUST005,Sarah Otieno,2026-07-01 13:04:00,15600,Deposit,Agent
TXN3581,CUST019,Victor Hassan,2026-07-01 13:08:00,750,Deposit,Mobile
TXN3589,CUST024,Anthony Achieng,2026-07-01 13:10:00,500,Withdrawal,Branch
TXN3575,CUST018,Mercy Kiptoo,2026-07-01 13:13:00,9800,Withdrawal,Agent
TXN3616,CUST040,John Omondi,2026-07-01 13:17:00,11200,Deposit,ATM
TXN3639,CUST054,Paul Chebet,2026-07-01 13:21:00,12000,Transfer,Mobile
TXN3676,CUST068,Victor Odhiambo,2026-07-01 13:35:00,750,Withdrawal,ATM
TXN3634,CUST050,Peter Wambui,2026-07-01 13:38:00,12000,Transfer,ATM
TXN3659,CUST062,Beatrice Njeri,2026-07-01 13:40:00,34500,Withdrawal,Branch
TXN3633,CUST050,Peter Wambui,2026-07-01 13:43:00,18300,Deposit,ATM
TXN3654,CUST059,David Achieng,2026-07-01 13:45:00,8900,Withdrawal,Mobile
TXN3590,CUST024,Anthony Achieng,2026-07-01 13:56:00,34500,Transfer,Branch
TXN3652,CUST058,John Njeri,2026-07-01 13:57:00,750,Deposit,Mobile
TXN3640,CUST054,Paul Chebet,2026-07-01 14:13:00,9800,Transfer,Branch
TXN3682,CUST071,James Hassan,2026-07-01 14:19:00,6700,Deposit,Mobile
TXN3569,CUST015,Sarah Chebet,2026-07-01 14:20:00,1800,Withdrawal,Branch
TXN3549,CUST003,Fatuma Wafula,2026-07-01 14:23:00,1800,Transfer,Branch
TXN3665,CUST064,Eric Chebet,2026-07-01 14:28:00,1800,Transfer,ATM
TXN3669,CUST065,Rebecca Wambui,2026-07-01 14:38:00,18300,Deposit,Agent
TXN3643,CUST055,Dennis Wanjiru,2026-07-01 14:39:00,15600,Deposit,ATM
TXN3576,CUST018,Mercy Kiptoo,2026-07-01 14:40:00,34500,Transfer,Mobile
TXN3608,CUST037,Rose Nyambura,2026-07-01 14:46:00,41000,Withdrawal,Branch
TXN3678,CUST070,Samuel Njoki,2026-07-01 14:52:00,34500,Deposit,Agent
TXN3548,CUST003,Fatuma Wafula,2026-07-01 14:53:00,18300,Withdrawal,Mobile
TXN3572,CUST017,Grace Wafula,2026-07-01 15:04:00,4200,Withdrawal,Branch
TXN3557,CUST006,Francis Achieng,2026-07-01 15:06:00,1800,Transfer,Mobile
TXN3655,CUST061,Ann Chebet,2026-07-01 15:13:00,18300,Transfer,Branch
TXN3657,CUST062,Beatrice Njeri,2026-07-01 15:20:00,6700,Deposit,Agent
TXN3559,CUST008,Josephine Onyango,2026-07-01 15:26:00,22000,Transfer,ATM
TXN3624,CUST044,Grace Njoki,2026-07-01 15:31:00,500,Deposit,Mobile
TXN3638,CUST052,David Kiptoo,2026-07-01 15:38:00,27500,Deposit,Agent
TXN3642,CUST054,Paul Chebet,2026-07-01 15:42:00,34500,Deposit,Agent
TXN3651,CUST058,John Njeri,2026-07-01 15:46:00,34500,Deposit,Agent
TXN3680,CUST071,James Hassan,2026-07-01 15:47:00,12000,Deposit,Branch
TXN3565,CUST012,Anthony Kimani,2026-07-01 15:49:00,750,Withdrawal,ATM
TXN3603,CUST032,Susan Odhiambo,2026-07-01 15:52:00,9800,Transfer,Branch
TXN3600,CUST029,Rose Wafula,2026-07-01 15:58:00,34500,Deposit,ATM
TXN3547,CUST003,Fatuma Wafula,2026-07-01 16:00:00,34500,Deposit,Branch
TXN3564,CUST012,Anthony Kimani,2026-07-01 16:01:00,15600,Deposit,Mobile
TXN3584,CUST022,Rebecca Mwangi,2026-07-01 16:04:00,1200,Withdrawal,Mobile
TXN3645,CUST055,Dennis Wanjiru,2026-07-01 16:10:00,1800,Transfer,ATM
TXN3685,CUST076,Amina Hassan,2026-07-01 16:10:00,1800,Transfer,Agent
TXN3610,CUST038,Eric Kiptoo,2026-07-01 16:11:00,27500,Deposit,Branch
TXN3641,CUST054,Paul Chebet,2026-07-01 16:26:00,18300,Deposit,ATM
TXN3650,CUST058,John Njeri,2026-07-01 16:27:00,18300,Withdrawal,Branch
TXN3681,CUST071,James Hassan,2026-07-01 16:28:00,750,Transfer,Mobile
TXN3577,CUST018,Mercy Kiptoo,2026-07-01 16:30:00,11200,Deposit,ATM
TXN3691,CUST080,Mercy Omondi,2026-07-01 16:35:00,12000,Transfer,Branch
TXN3619,CUST041,Victor Mwangi,2026-07-01 16:36:00,8900,Withdrawal,Agent
TXN3667,CUST064,Eric Chebet,2026-07-01 16:49:00,27500,Deposit,Mobile
TXN3660,CUST063,Peter Mwangi,2026-07-01 16:53:00,18300,Deposit,Branch
TXN3689,CUST080,Mercy Omondi,2026-07-01 16:57:00,41000,Deposit,ATM
TXN3563,CUST011,Josephine Otieno,2026-07-01 16:59:00,2300,Withdrawal,ATM
TXN5737,CUST028,Nancy Achieng,2026-07-01 17:00:00,250000,Transfer,Branch
TXN3677,CUST070,Samuel Njoki,2026-07-01 17:14:00,2300,Transfer,Mobile
TXN3631,CUST048,Rose Gathoni,2026-07-01 17:24:00,41000,Withdrawal,ATM
TXN3637,CUST051,Daniel Njoki,2026-07-01 17:32:00,2300,Deposit,Mobile
TXN3621,CUST041,Victor Mwangi,2026-07-01 17:33:00,27500,Deposit,ATM
TXN3646,CUST056,Susan Odhiambo,2026-07-01 17:39:00,15600,Withdrawal,Branch
TXN3596,CUST028,Nancy Achieng,2026-07-01 17:41:00,8900,Deposit,ATM
TXN3662,CUST063,Peter Mwangi,2026-07-01 17:44:00,3400,Transfer,Mobile
TXN3661,CUST063,Peter Mwangi,2026-07-01 17:46:00,500,Withdrawal,ATM
TXN3579,CUST019,Victor Hassan,2026-07-01 17:52:00,6700,Transfer,Agent
TXN3542,CUST001,George Hassan,2026-07-01 18:06:00,9800,Withdrawal,Mobile
TXN3602,CUST029,Rose Wafula,2026-07-01 18:10:00,5400,Deposit,Branch
TXN3561,CUST010,Peter Wafula,2026-07-01 18:13:00,3400,Withdrawal,Mobile
TXN3684,CUST076,Amina Hassan,2026-07-01 18:13:00,9800,Deposit,ATM
TXN3635,CUST050,Peter Wambui,2026-07-01 18:21:00,18300,Deposit,Branch
TXN3555,CUST005,Sarah Otieno,2026-07-01 18:23:00,15600,Transfer,Branch
TXN3604,CUST032,Susan Odhiambo,2026-07-01 18:40:00,18300,Deposit,Branch
TXN3609,CUST038,Eric Kiptoo,2026-07-01 18:40:00,34500,Deposit,Agent
TXN3615,CUST039,Charles Njoki,2026-07-01 18:46:00,9800,Deposit,Branch
TXN3617,CUST040,John Omondi,2026-07-01 18:51:00,4200,Transfer,Mobile
TXN3620,CUST041,Victor Mwangi,2026-07-01 18:51:00,27500,Withdrawal,Agent
TXN3597,CUST028,Nancy Achieng,2026-07-01 18:55:00,3400,Withdrawal,Mobile
TXN3545,CUST002,Beatrice Otieno,2026-07-01 19:00:00,34500,Withdrawal,Branch
TXN3588,CUST024,Anthony Achieng,2026-07-01 19:00:00,12000,Withdrawal,Agent
TXN3653,CUST059,David Achieng,2026-07-01 19:05:00,2300,Transfer,Branch
TXN3612,CUST039,Charles Njoki,2026-07-01 19:08:00,22000,Transfer,Agent
TXN3613,CUST039,Charles Njoki,2026-07-01 19:14:00,1200,Withdrawal,ATM
TXN3582,CUST021,Anthony Kiptoo,2026-07-01 19:15:00,1200,Withdrawal,Branch
TXN3618,CUST040,John Omondi,2026-07-01 19:19:00,8900,Deposit,ATM
TXN3666,CUST064,Eric Chebet,2026-07-01 19:27:00,6700,Withdrawal,Branch
TXN3585,CUST022,Rebecca Mwangi,2026-07-01 19:32:00,41000,Deposit,ATM
TXN3607,CUST034,James Kariuki,2026-07-01 19:33:00,5400,Withdrawal,ATM
TXN3614,CUST039,Charles Njoki,2026-07-01 19:36:00,2300,Transfer,Mobile
TXN3686,CUST076,Amina Hassan,2026-07-01 19:45:00,41000,Transfer,Branch
TXN3550,CUST004,Lucy Odhiambo,2026-07-01 19:50:00,1800,Withdrawal,Branch
TXN3625,CUST045,Rebecca Gathoni,2026-07-01 19:55:00,12000,Transfer,Branch
TXN3663,CUST063,Peter Mwangi,2026-07-01 20:04:00,11200,Deposit,Agent
TXN3630,CUST048,Rose Gathoni,2026-07-01 20:15:00,15600,Transfer,ATM
TXN3573,CUST017,Grace Wafula,2026-07-01 20:39:00,41000,Withdrawal,Mobile
TXN3629,CUST047,Dennis Kilonzo,2026-07-01 20:56:00,18300,Transfer,Branch
TXN3788,CUST045,Rebecca Gathoni,2026-07-02 07:01:00,1200,Withdrawal,Agent
TXN3865,CUST080,Mercy Omondi,2026-07-02 07:13:00,34500,Transfer,Branch
TXN3823,CUST060,Paul Hassan,2026-07-02 07:14:00,18300,Deposit,Mobile
TXN3811,CUST054,Paul Chebet,2026-07-02 07:17:00,9800,Withdrawal,Mobile
TXN3723,CUST013,Joyce Gathoni,2026-07-02 07:19:00,27500,Deposit,Branch
TXN3851,CUST073,Amina Njeri,2026-07-02 07:20:00,1800,Deposit,Mobile
TXN3705,CUST006,Francis Achieng,2026-07-02 07:23:00,11200,Transfer,Mobile
TXN3793,CUST046,George Nyambura,2026-07-02 07:31:00,9800,Transfer,ATM
TXN3841,CUST068,Victor Odhiambo,2026-07-02 07:33:00,1200,Transfer,ATM
TXN3743,CUST020,Kennedy Kimani,2026-07-02 07:35:00,15600,Withdrawal,ATM
TXN3787,CUST045,Rebecca Gathoni,2026-07-02 07:37:00,11200,Transfer,Mobile
TXN3863,CUST079,Anthony Nyambura,2026-07-02 07:38:00,18300,Deposit,ATM
TXN3713,CUST010,Peter Wafula,2026-07-02 07:53:00,6700,Deposit,Branch
TXN3825,CUST061,Ann Chebet,2026-07-02 07:54:00,15600,Transfer,ATM
TXN3729,CUST014,David Gathoni,2026-07-02 08:03:00,1200,Deposit,Agent
TXN3695,CUST002,Beatrice Otieno,2026-07-02 08:05:00,3400,Deposit,Mobile
TXN3806,CUST052,David Kiptoo,2026-07-02 08:07:00,4200,Withdrawal,Mobile
TXN3740,CUST018,Mercy Kiptoo,2026-07-02 08:12:00,5400,Deposit,ATM
TXN3726,CUST014,David Gathoni,2026-07-02 08:21:00,2300,Deposit,Mobile
TXN3790,CUST046,George Nyambura,2026-07-02 08:21:00,1200,Withdrawal,Agent
TXN3864,CUST079,Anthony Nyambura,2026-07-02 08:26:00,750,Withdrawal,Mobile
TXN3838,CUST068,Victor Odhiambo,2026-07-02 08:31:00,9800,Deposit,Agent
TXN3703,CUST006,Francis Achieng,2026-07-02 08:41:00,1200,Withdrawal,Branch
TXN3727,CUST014,David Gathoni,2026-07-02 08:45:00,3400,Deposit,Agent
TXN3791,CUST046,George Nyambura,2026-07-02 08:45:00,6700,Withdrawal,Branch
TXN3731,CUST015,Sarah Chebet,2026-07-02 08:47:00,22000,Transfer,Branch
TXN3820,CUST058,John Njeri,2026-07-02 08:58:00,34500,Deposit,ATM
TXN3733,CUST015,Sarah Chebet,2026-07-02 09:00:00,27500,Withdrawal,ATM
TXN3760,CUST027,Anthony Otieno,2026-07-02 09:04:00,15600,Withdrawal,Branch
TXN3855,CUST076,Amina Hassan,2026-07-02 09:09:00,27500,Withdrawal,ATM
TXN3696,CUST002,Beatrice Otieno,2026-07-02 09:10:00,9800,Transfer,Agent
TXN3817,CUST057,Ruth Kilonzo,2026-07-02 09:11:00,27500,Deposit,ATM
TXN3815,CUST056,Susan Odhiambo,2026-07-02 09:20:00,34500,Deposit,Agent
TXN3768,CUST034,James Kariuki,2026-07-02 09:21:00,1200,Withdrawal,Branch
TXN3715,CUST011,Josephine Otieno,2026-07-02 09:23:00,4200,Deposit,Agent
TXN3821,CUST059,David Achieng,2026-07-02 09:24:00,34500,Deposit,ATM
TXN3845,CUST071,James Hassan,2026-07-02 09:25:00,11200,Withdrawal,Branch
TXN3700,CUST004,Lucy Odhiambo,2026-07-02 09:43:00,11200,Deposit,Branch
TXN3728,CUST014,David Gathoni,2026-07-02 09:47:00,22000,Transfer,Agent
TXN3697,CUST003,Fatuma Wafula,2026-07-02 09:51:00,15600,Transfer,Branch
TXN3826,CUST062,Beatrice Njeri,2026-07-02 09:57:00,41000,Transfer,Mobile
TXN3692,CUST001,George Hassan,2026-07-02 09:58:00,41000,Transfer,ATM
TXN3857,CUST076,Amina Hassan,2026-07-02 10:05:00,27500,Deposit,ATM
TXN3830,CUST064,Eric Chebet,2026-07-02 10:11:00,750,Deposit,ATM
TXN3861,CUST077,Victor Wafula,2026-07-02 10:11:00,750,Deposit,Branch
TXN3862,CUST079,Anthony Nyambura,2026-07-02 10:11:00,6700,Withdrawal,Branch
TXN3814,CUST055,Dennis Wanjiru,2026-07-02 10:13:00,5400,Transfer,Agent
TXN3846,CUST072,Joyce Kariuki,2026-07-02 10:13:00,4200,Transfer,Branch
TXN3698,CUST003,Fatuma Wafula,2026-07-02 10:14:00,15600,Withdrawal,Branch
TXN3848,CUST072,Joyce Kariuki,2026-07-02 10:14:00,15600,Withdrawal,Branch
TXN3732,CUST015,Sarah Chebet,2026-07-02 10:16:00,41000,Transfer,Agent
TXN3712,CUST010,Peter Wafula,2026-07-02 10:25:00,12000,Withdrawal,Branch
TXN3778,CUST039,Charles Njoki,2026-07-02 10:28:00,18300,Deposit,Mobile
TXN3847,CUST072,Joyce Kariuki,2026-07-02 10:34:00,3400,Transfer,Branch
TXN3758,CUST024,Anthony Achieng,2026-07-02 10:36:00,750,Transfer,Mobile
TXN3782,CUST042,Faith Hassan,2026-07-02 10:38:00,1800,Transfer,Mobile
TXN3779,CUST039,Charles Njoki,2026-07-02 10:39:00,41000,Deposit,Mobile
TXN3792,CUST046,George Nyambura,2026-07-02 10:39:00,27500,Deposit,Agent
TXN3801,CUST050,Peter Wambui,2026-07-02 10:42:00,2300,Deposit,ATM
TXN3725,CUST013,Joyce Gathoni,2026-07-02 10:43:00,4200,Deposit,Branch
TXN3755,CUST023,Lucy Gathoni,2026-07-02 10:44:00,9800,Deposit,Branch
TXN3754,CUST023,Lucy Gathoni,2026-07-02 10:45:00,4200,Deposit,ATM
TXN3799,CUST050,Peter Wambui,2026-07-02 10:45:00,2300,Transfer,ATM
TXN3785,CUST043,Rose Onyango,2026-07-02 10:57:00,41000,Withdrawal,Branch
TXN3859,CUST077,Victor Wafula,2026-07-02 11:02:00,4200,Transfer,Agent
TXN3761,CUST027,Anthony Otieno,2026-07-02 11:03:00,4200,Withdrawal,Agent
TXN3764,CUST029,Rose Wafula,2026-07-02 11:05:00,6700,Deposit,Mobile
TXN3810,CUST053,Anthony Muthoni,2026-07-02 11:10:00,12000,Transfer,Agent
TXN3756,CUST024,Anthony Achieng,2026-07-02 11:14:00,15600,Withdrawal,Branch
TXN3762,CUST028,Nancy Achieng,2026-07-02 11:17:00,11200,Transfer,Branch
TXN3702,CUST006,Francis Achieng,2026-07-02 11:18:00,22000,Withdrawal,Mobile
TXN3766,CUST030,Josephine Nyambura,2026-07-02 11:29:00,500,Deposit,ATM
TXN3707,CUST008,Josephine Onyango,2026-07-02 11:31:00,34500,Transfer,ATM
TXN3701,CUST004,Lucy Odhiambo,2026-07-02 11:33:00,27500,Transfer,Branch
TXN3734,CUST016,David Kariuki,2026-07-02 11:48:00,12000,Transfer,Branch
TXN3741,CUST018,Mercy Kiptoo,2026-07-02 11:54:00,2300,Deposit,Agent
TXN3708,CUST009,Fatuma Kariuki,2026-07-02 11:57:00,22000,Withdrawal,Branch
TXN3753,CUST023,Lucy Gathoni,2026-07-02 12:02:00,11200,Deposit,Mobile
TXN3812,CUST055,Dennis Wanjiru,2026-07-02 12:06:00,2300,Withdrawal,Branch
TXN3724,CUST013,Joyce Gathoni,2026-07-02 12:17:00,2300,Withdrawal,Branch
TXN3856,CUST076,Amina Hassan,2026-07-02 12:24:00,2300,Transfer,Branch
TXN3798,CUST050,Peter Wambui,2026-07-02 12:29:00,3400,Deposit,Branch
TXN3772,CUST035,Peter Gathoni,2026-07-02 12:30:00,3400,Deposit,Mobile
TXN3832,CUST065,Rebecca Wambui,2026-07-02 12:32:00,2300,Withdrawal,ATM
TXN3854,CUST076,Amina Hassan,2026-07-02 12:33:00,1200,Deposit,Branch
TXN3765,CUST029,Rose Wafula,2026-07-02 12:35:00,750,Transfer,Mobile
TXN3860,CUST077,Victor Wafula,2026-07-02 12:45:00,8900,Deposit,Mobile
TXN3818,CUST057,Ruth Kilonzo,2026-07-02 12:56:00,4200,Transfer,Mobile
TXN3745,CUST020,Kennedy Kimani,2026-07-02 13:00:00,6700,Transfer,Branch
TXN3829,CUST063,Peter Mwangi,2026-07-02 13:15:00,15600,Withdrawal,Branch
TXN3850,CUST073,Amina Njeri,2026-07-02 13:26:00,5400,Withdrawal,Agent
TXN3783,CUST043,Rose Onyango,2026-07-02 13:36:00,8900,Transfer,ATM
TXN3824,CUST060,Paul Hassan,2026-07-02 13:48:00,12000,Deposit,Mobile
TXN3769,CUST034,James Kariuki,2026-07-02 13:50:00,22000,Withdrawal,Branch
TXN3744,CUST020,Kennedy Kimani,2026-07-02 14:02:00,6700,Transfer,Agent
TXN3804,CUST052,David Kiptoo,2026-07-02 14:03:00,8900,Deposit,Branch
TXN3809,CUST053,Anthony Muthoni,2026-07-02 14:03:00,3400,Withdrawal,Agent
TXN3786,CUST043,Rose Onyango,2026-07-02 14:04:00,750,Withdrawal,Branch
TXN3813,CUST055,Dennis Wanjiru,2026-07-02 14:11:00,1200,Deposit,Agent
TXN3739,CUST018,Mercy Kiptoo,2026-07-02 14:14:00,11200,Deposit,Branch
TXN3711,CUST009,Fatuma Kariuki,2026-07-02 14:41:00,500,Withdrawal,ATM
TXN3849,CUST072,Joyce Kariuki,2026-07-02 14:42:00,3400,Withdrawal,ATM
TXN3833,CUST065,Rebecca Wambui,2026-07-02 14:43:00,18300,Transfer,ATM
TXN3776,CUST038,Eric Kiptoo,2026-07-02 14:47:00,500,Transfer,Agent
TXN3836,CUST066,Mercy Onyango,2026-07-02 14:48:00,34500,Deposit,ATM
TXN3710,CUST009,Fatuma Kariuki,2026-07-02 14:52:00,750,Deposit,Branch
TXN3718,CUST011,Josephine Otieno,2026-07-02 15:06:00,27500,Withdrawal,Agent
TXN3719,CUST012,Anthony Kimani,2026-07-02 15:19:00,2300,Deposit,Agent
TXN3800,CUST050,Peter Wambui,2026-07-02 15:19:00,12000,Deposit,Branch
TXN3721,CUST012,Anthony Kimani,2026-07-02 15:24:00,12000,Transfer,Branch
TXN3831,CUST065,Rebecca Wambui,2026-07-02 15:24:00,18300,Withdrawal,Agent
TXN3797,CUST049,Susan Njoki,2026-07-02 15:28:00,27500,Deposit,Branch
TXN3795,CUST047,Dennis Kilonzo,2026-07-02 15:34:00,34500,Transfer,Agent
TXN3749,CUST021,Anthony Kiptoo,2026-07-02 15:36:00,9800,Withdrawal,Branch
TXN3759,CUST024,Anthony Achieng,2026-07-02 15:47:00,18300,Deposit,Branch
TXN3771,CUST034,James Kariuki,2026-07-02 15:50:00,18300,Withdrawal,Branch
TXN3834,CUST066,Mercy Onyango,2026-07-02 16:01:00,1200,Transfer,Agent
TXN3704,CUST006,Francis Achieng,2026-07-02 16:08:00,41000,Deposit,Branch
TXN3735,CUST016,David Kariuki,2026-07-02 16:10:00,1200,Transfer,Mobile
TXN3747,CUST021,Anthony Kiptoo,2026-07-02 16:11:00,5400,Deposit,Branch
TXN3867,CUST080,Mercy Omondi,2026-07-02 16:17:00,6700,Transfer,Agent
TXN3763,CUST029,Rose Wafula,2026-07-02 16:23:00,3400,Transfer,Branch
TXN3730,CUST015,Sarah Chebet,2026-07-02 16:25:00,3400,Transfer,Branch
TXN3742,CUST019,Victor Hassan,2026-07-02 16:26:00,15600,Withdrawal,ATM
TXN3720,CUST012,Anthony Kimani,2026-07-02 16:32:00,5400,Withdrawal,Mobile
TXN3837,CUST067,Rebecca Wambui,2026-07-02 16:35:00,4200,Transfer,Mobile
TXN3816,CUST056,Susan Odhiambo,2026-07-02 16:36:00,750,Transfer,Branch
TXN3746,CUST020,Kennedy Kimani,2026-07-02 16:47:00,27500,Transfer,Mobile
TXN3777,CUST039,Charles Njoki,2026-07-02 16:58:00,750,Transfer,Agent
TXN3770,CUST034,James Kariuki,2026-07-02 17:04:00,3400,Transfer,Branch
TXN3794,CUST047,Dennis Kilonzo,2026-07-02 17:07:00,15600,Withdrawal,Branch
TXN3852,CUST074,Sarah Mwangi,2026-07-02 17:16:00,1200,Deposit,ATM
TXN3722,CUST013,Joyce Gathoni,2026-07-02 17:31:00,1800,Withdrawal,Branch
TXN3843,CUST070,Samuel Njoki,2026-07-02 17:34:00,500,Deposit,ATM
TXN3751,CUST022,Rebecca Mwangi,2026-07-02 17:40:00,9800,Withdrawal,Mobile
TXN3757,CUST024,Anthony Achieng,2026-07-02 17:58:00,750,Deposit,Mobile
TXN3736,CUST016,David Kariuki,2026-07-02 18:01:00,8900,Transfer,Mobile
TXN3819,CUST057,Ruth Kilonzo,2026-07-02 18:01:00,34500,Transfer,Mobile
TXN3774,CUST036,Diana Omondi,2026-07-02 18:08:00,8900,Deposit,Mobile
TXN3775,CUST037,Rose Nyambura,2026-07-02 18:11:00,5400,Transfer,Mobile
TXN3694,CUST002,Beatrice Otieno,2026-07-02 18:14:00,6700,Deposit,Agent
TXN3827,CUST062,Beatrice Njeri,2026-07-02 18:25:00,6700,Transfer,Mobile
TXN3714,CUST010,Peter Wafula,2026-07-02 18:27:00,750,Withdrawal,Agent
TXN3709,CUST009,Fatuma Kariuki,2026-07-02 18:29:00,2300,Deposit,ATM
TXN3716,CUST011,Josephine Otieno,2026-07-02 18:39:00,22000,Withdrawal,Agent
TXN3773,CUST036,Diana Omondi,2026-07-02 18:40:00,4200,Deposit,Mobile
TXN3737,CUST016,David Kariuki,2026-07-02 18:51:00,2300,Withdrawal,Mobile
TXN3802,CUST051,Daniel Njoki,2026-07-02 18:55:00,500,Deposit,ATM
TXN3822,CUST059,David Achieng,2026-07-02 19:00:00,2300,Transfer,Mobile
TXN3844,CUST070,Samuel Njoki,2026-07-02 19:03:00,2300,Withdrawal,Agent
TXN3780,CUST039,Charles Njoki,2026-07-02 19:06:00,3400,Transfer,Mobile
TXN3752,CUST023,Lucy Gathoni,2026-07-02 19:12:00,27500,Deposit,Agent
TXN3866,CUST080,Mercy Omondi,2026-07-02 19:15:00,12000,Deposit,Branch
TXN3839,CUST068,Victor Odhiambo,2026-07-02 19:17:00,18300,Deposit,Mobile
TXN3858,CUST077,Victor Wafula,2026-07-02 19:17:00,18300,Deposit,Branch
TXN3789,CUST045,Rebecca Gathoni,2026-07-02 19:22:00,1800,Transfer,Branch
TXN3693,CUST001,George Hassan,2026-07-02 19:23:00,1200,Transfer,Branch
TXN3840,CUST068,Victor Odhiambo,2026-07-02 19:30:00,1800,Withdrawal,Branch
TXN3796,CUST049,Susan Njoki,2026-07-02 19:32:00,750,Deposit,ATM
TXN3805,CUST052,David Kiptoo,2026-07-02 19:38:00,11200,Withdrawal,Agent
TXN3853,CUST075,Kevin Kiptoo,2026-07-02 19:39:00,8900,Deposit,ATM
TXN3767,CUST030,Josephine Nyambura,2026-07-02 19:44:00,15600,Withdrawal,ATM
TXN3706,CUST008,Josephine Onyango,2026-07-02 19:56:00,3400,Transfer,Branch
TXN3842,CUST070,Samuel Njoki,2026-07-02 20:00:00,3400,Transfer,Agent
TXN3807,CUST053,Anthony Muthoni,2026-07-02 20:11:00,6700,Transfer,Mobile
TXN3717,CUST011,Josephine Otieno,2026-07-02 20:13:00,15600,Deposit,Branch
TXN3784,CUST043,Rose Onyango,2026-07-02 20:19:00,750,Transfer,Agent
TXN3828,CUST063,Peter Mwangi,2026-07-02 20:19:00,22000,Deposit,Mobile
TXN3808,CUST053,Anthony Muthoni,2026-07-02 20:21:00,41000,Transfer,Branch
TXN3750,CUST021,Anthony Kiptoo,2026-07-02 20:24:00,34500,Withdrawal,Agent
TXN3803,CUST052,David Kiptoo,2026-07-02 20:33:00,15600,Withdrawal,Agent
TXN3781,CUST042,Faith Hassan,2026-07-02 20:37:00,34500,Withdrawal,Agent
TXN3699,CUST004,Lucy Odhiambo,2026-07-02 20:39:00,6700,Withdrawal,ATM
TXN3748,CUST021,Anthony Kiptoo,2026-07-02 20:48:00,8900,Deposit,ATM
TXN3835,CUST066,Mercy Onyango,2026-07-02 20:50:00,9800,Deposit,Branch
TXN3738,CUST018,Mercy Kiptoo,2026-07-02 20:59:00,12000,Withdrawal,Branch
TXN3933,CUST032,Susan Odhiambo,2026-07-03 07:00:00,1200,Withdrawal,Branch
TXN3927,CUST026,Rebecca Njoki,2026-07-03 07:03:00,9800,Withdrawal,Agent
TXN3897,CUST012,Anthony Kimani,2026-07-03 07:05:00,18300,Withdrawal,Mobile
TXN3894,CUST012,Anthony Kimani,2026-07-03 07:19:00,1800,Deposit,Agent
TXN4033,CUST077,Victor Wafula,2026-07-03 07:19:00,1200,Deposit,Mobile
TXN3919,CUST024,Anthony Achieng,2026-07-03 07:26:00,5400,Transfer,Branch
TXN3908,CUST017,Grace Wafula,2026-07-03 07:41:00,11200,Transfer,Branch
TXN4003,CUST066,Mercy Onyango,2026-07-03 07:46:00,15600,Transfer,Agent
TXN3996,CUST062,Beatrice Njeri,2026-07-03 07:51:00,4200,Withdrawal,ATM
TXN3965,CUST045,Rebecca Gathoni,2026-07-03 08:07:00,6700,Deposit,Agent
TXN4009,CUST068,Victor Odhiambo,2026-07-03 08:14:00,41000,Deposit,Mobile
TXN3877,CUST005,Sarah Otieno,2026-07-03 08:24:00,41000,Deposit,Mobile
TXN4004,CUST066,Mercy Onyango,2026-07-03 08:30:00,41000,Transfer,ATM
TXN4027,CUST075,Kevin Kiptoo,2026-07-03 08:32:00,500,Deposit,Mobile
TXN3983,CUST052,David Kiptoo,2026-07-03 08:33:00,22000,Withdrawal,Agent
TXN3986,CUST055,Dennis Wanjiru,2026-07-03 08:34:00,6700,Transfer,Mobile
TXN4017,CUST071,James Hassan,2026-07-03 08:41:00,11200,Transfer,Agent
TXN3972,CUST047,Dennis Kilonzo,2026-07-03 08:45:00,1800,Deposit,ATM
TXN4014,CUST070,Samuel Njoki,2026-07-03 08:45:00,11200,Withdrawal,ATM
TXN3907,CUST017,Grace Wafula,2026-07-03 08:47:00,2300,Deposit,Branch
TXN3885,CUST008,Josephine Onyango,2026-07-03 08:48:00,9800,Withdrawal,Agent
TXN3893,CUST011,Josephine Otieno,2026-07-03 08:48:00,11200,Withdrawal,Mobile
TXN3993,CUST057,Ruth Kilonzo,2026-07-03 08:56:00,1200,Withdrawal,Branch
TXN3949,CUST037,Rose Nyambura,2026-07-03 09:05:00,5400,Transfer,Agent
TXN3926,CUST026,Rebecca Njoki,2026-07-03 09:10:00,22000,Deposit,Agent
TXN3924,CUST026,Rebecca Njoki,2026-07-03 09:31:00,22000,Transfer,Mobile
TXN3916,CUST023,Lucy Gathoni,2026-07-03 09:37:00,750,Deposit,ATM
TXN3902,CUST015,Sarah Chebet,2026-07-03 09:38:00,22000,Withdrawal,ATM
TXN3901,CUST014,David Gathoni,2026-07-03 10:05:00,3400,Deposit,Mobile
TXN3909,CUST018,Mercy Kiptoo,2026-07-03 10:06:00,27500,Withdrawal,Agent
TXN3891,CUST010,Peter Wafula,2026-07-03 10:07:00,34500,Deposit,Branch
TXN4001,CUST066,Mercy Onyango,2026-07-03 10:08:00,12000,Transfer,Branch
TXN3913,CUST019,Victor Hassan,2026-07-03 10:11:00,27500,Transfer,Branch
TXN3911,CUST018,Mercy Kiptoo,2026-07-03 10:12:00,8900,Withdrawal,Mobile
TXN3948,CUST036,Diana Omondi,2026-07-03 10:14:00,22000,Transfer,ATM
TXN4024,CUST073,Amina Njeri,2026-07-03 10:14:00,6700,Deposit,Branch
TXN3959,CUST043,Rose Onyango,2026-07-03 10:32:00,34500,Deposit,Agent
TXN3968,CUST046,George Nyambura,2026-07-03 10:33:00,11200,Withdrawal,ATM
TXN3978,CUST051,Daniel Njoki,2026-07-03 10:38:00,8900,Transfer,Mobile
TXN3938,CUST033,Diana Kariuki,2026-07-03 10:42:00,18300,Withdrawal,Branch
TXN3898,CUST013,Joyce Gathoni,2026-07-03 10:53:00,3400,Withdrawal,Mobile
TXN3955,CUST040,John Omondi,2026-07-03 10:53:00,6700,Withdrawal,Branch
TXN3895,CUST012,Anthony Kimani,2026-07-03 10:54:00,18300,Transfer,ATM
TXN3987,CUST055,Dennis Wanjiru,2026-07-03 10:57:00,15600,Withdrawal,ATM
TXN3892,CUST011,Josephine Otieno,2026-07-03 11:01:00,8900,Transfer,Branch
TXN3881,CUST007,Grace Njoki,2026-07-03 11:06:00,3400,Withdrawal,Mobile
TXN4008,CUST067,Rebecca Wambui,2026-07-03 11:07:00,8900,Deposit,Agent
TXN3950,CUST037,Rose Nyambura,2026-07-03 11:13:00,9800,Withdrawal,Agent
TXN3880,CUST006,Francis Achieng,2026-07-03 11:17:00,500,Deposit,Branch
TXN3905,CUST015,Sarah Chebet,2026-07-03 11:22:00,1800,Deposit,Branch
TXN3873,CUST003,Fatuma Wafula,2026-07-03 11:23:00,34500,Transfer,Branch
TXN3998,CUST063,Peter Mwangi,2026-07-03 11:30:00,6700,Transfer,ATM
TXN3935,CUST032,Susan Odhiambo,2026-07-03 11:31:00,18300,Withdrawal,Branch
TXN3976,CUST050,Peter Wambui,2026-07-03 11:35:00,12000,Withdrawal,Agent
TXN3918,CUST023,Lucy Gathoni,2026-07-03 11:47:00,8900,Transfer,Mobile
TXN3985,CUST052,David Kiptoo,2026-07-03 11:53:00,500,Transfer,Branch
TXN3923,CUST025,Caroline Kimani,2026-07-03 11:54:00,18300,Deposit,Branch
TXN3994,CUST058,John Njeri,2026-07-03 11:55:00,11200,Withdrawal,Mobile
TXN3984,CUST052,David Kiptoo,2026-07-03 12:07:00,18300,Withdrawal,Agent
TXN4015,CUST070,Samuel Njoki,2026-07-03 12:08:00,1200,Deposit,ATM
TXN4031,CUST077,Victor Wafula,2026-07-03 12:08:00,41000,Withdrawal,Agent
TXN4032,CUST077,Victor Wafula,2026-07-03 12:16:00,6700,Transfer,Mobile
TXN4010,CUST068,Victor Odhiambo,2026-07-03 12:19:00,34500,Withdrawal,ATM
TXN3915,CUST022,Rebecca Mwangi,2026-07-03 12:20:00,15600,Deposit,Branch
TXN3941,CUST034,James Kariuki,2026-07-03 12:22:00,22000,Withdrawal,Agent
TXN3973,CUST047,Dennis Kilonzo,2026-07-03 12:24:00,2300,Transfer,Branch
TXN3943,CUST035,Peter Gathoni,2026-07-03 12:29:00,11200,Withdrawal,Mobile
TXN3939,CUST033,Diana Kariuki,2026-07-03 12:37:00,18300,Transfer,Branch
TXN3929,CUST031,Susan Gathoni,2026-07-03 12:40:00,12000,Transfer,Branch
TXN3963,CUST044,Grace Njoki,2026-07-03 12:46:00,27500,Withdrawal,Branch
TXN3922,CUST025,Caroline Kimani,2026-07-03 13:02:00,15600,Transfer,ATM
TXN3995,CUST061,Ann Chebet,2026-07-03 13:06:00,11200,Deposit,ATM
TXN3962,CUST044,Grace Njoki,2026-07-03 13:07:00,34500,Withdrawal,Branch
TXN4016,CUST070,Samuel Njoki,2026-07-03 13:17:00,8900,Transfer,Branch
TXN3947,CUST036,Diana Omondi,2026-07-03 13:20:00,9800,Withdrawal,Mobile
TXN3951,CUST038,Eric Kiptoo,2026-07-03 13:25:00,18300,Withdrawal,Agent
TXN3874,CUST003,Fatuma Wafula,2026-07-03 13:29:00,12000,Deposit,Branch
TXN3969,CUST046,George Nyambura,2026-07-03 13:33:00,15600,Withdrawal,ATM
TXN3921,CUST024,Anthony Achieng,2026-07-03 13:34:00,4200,Deposit,ATM
TXN3990,CUST056,Susan Odhiambo,2026-07-03 13:34:00,27500,Withdrawal,Branch
TXN4018,CUST072,Joyce Kariuki,2026-07-03 13:43:00,500,Transfer,Agent
TXN3882,CUST007,Grace Njoki,2026-07-03 13:45:00,22000,Transfer,Branch
TXN3970,CUST046,George Nyambura,2026-07-03 14:16:00,500,Withdrawal,Branch
TXN3878,CUST006,Francis Achieng,2026-07-03 14:17:00,11200,Deposit,Branch
TXN4025,CUST074,Sarah Mwangi,2026-07-03 14:23:00,6700,Deposit,Agent
TXN3904,CUST015,Sarah Chebet,2026-07-03 14:24:00,34500,Deposit,Mobile
TXN3934,CUST032,Susan Odhiambo,2026-07-03 14:27:00,2300,Transfer,Agent
TXN3991,CUST056,Susan Odhiambo,2026-07-03 14:33:00,4200,Withdrawal,Agent
TXN4007,CUST067,Rebecca Wambui,2026-07-03 14:37:00,500,Transfer,ATM
TXN3967,CUST046,George Nyambura,2026-07-03 14:38:00,9800,Transfer,ATM
TXN3977,CUST050,Peter Wambui,2026-07-03 14:41:00,3400,Transfer,Branch
TXN4022,CUST073,Amina Njeri,2026-07-03 14:44:00,750,Transfer,Mobile
TXN4035,CUST079,Anthony Nyambura,2026-07-03 14:47:00,1200,Withdrawal,Branch
TXN4029,CUST076,Amina Hassan,2026-07-03 14:48:00,15600,Deposit,Mobile
TXN3868,CUST001,George Hassan,2026-07-03 14:52:00,4200,Deposit,Agent
TXN3980,CUST051,Daniel Njoki,2026-07-03 14:57:00,9800,Deposit,Branch
TXN3910,CUST018,Mercy Kiptoo,2026-07-03 15:00:00,500,Transfer,ATM
TXN3997,CUST062,Beatrice Njeri,2026-07-03 15:04:00,1200,Transfer,ATM
TXN4000,CUST064,Eric Chebet,2026-07-03 15:05:00,1200,Withdrawal,Mobile
TXN3903,CUST015,Sarah Chebet,2026-07-03 15:09:00,9800,Withdrawal,Branch
TXN3964,CUST045,Rebecca Gathoni,2026-07-03 15:22:00,1200,Transfer,Agent
TXN3979,CUST051,Daniel Njoki,2026-07-03 15:27:00,6700,Transfer,Branch
TXN3925,CUST026,Rebecca Njoki,2026-07-03 15:29:00,18300,Withdrawal,Branch
TXN3942,CUST035,Peter Gathoni,2026-07-03 15:38:00,2300,Withdrawal,Mobile
TXN3975,CUST048,Rose Gathoni,2026-07-03 15:40:00,9800,Withdrawal,ATM
TXN3937,CUST033,Diana Kariuki,2026-07-03 15:47:00,500,Transfer,Branch
TXN4034,CUST078,Caroline Kilonzo,2026-07-03 15:49:00,27500,Withdrawal,Agent
TXN3914,CUST019,Victor Hassan,2026-07-03 15:50:00,2300,Withdrawal,Branch
TXN3956,CUST041,Victor Mwangi,2026-07-03 15:50:00,15600,Transfer,Agent
TXN3920,CUST024,Anthony Achieng,2026-07-03 15:56:00,41000,Transfer,ATM
TXN4021,CUST072,Joyce Kariuki,2026-07-03 15:56:00,750,Deposit,Mobile
TXN3946,CUST036,Diana Omondi,2026-07-03 16:00:00,750,Transfer,Branch
TXN3982,CUST052,David Kiptoo,2026-07-03 16:06:00,1200,Deposit,Mobile
TXN3928,CUST028,Nancy Achieng,2026-07-03 16:08:00,6700,Withdrawal,Agent
TXN4037,CUST080,Mercy Omondi,2026-07-03 16:08:00,9800,Transfer,Agent
TXN3954,CUST040,John Omondi,2026-07-03 16:13:00,41000,Deposit,ATM
TXN4011,CUST068,Victor Odhiambo,2026-07-03 16:18:00,1800,Transfer,ATM
TXN3871,CUST002,Beatrice Otieno,2026-07-03 16:22:00,11200,Deposit,ATM
TXN3896,CUST012,Anthony Kimani,2026-07-03 16:23:00,4200,Deposit,Agent
TXN3870,CUST001,George Hassan,2026-07-03 16:29:00,5400,Transfer,Branch
TXN3940,CUST034,James Kariuki,2026-07-03 16:37:00,22000,Deposit,ATM
TXN3966,CUST045,Rebecca Gathoni,2026-07-03 16:47:00,1800,Transfer,Mobile
TXN4005,CUST067,Rebecca Wambui,2026-07-03 16:49:00,500,Deposit,ATM
TXN3912,CUST018,Mercy Kiptoo,2026-07-03 16:52:00,22000,Deposit,Branch
TXN4012,CUST068,Victor Odhiambo,2026-07-03 16:53:00,5400,Deposit,ATM
TXN3999,CUST064,Eric Chebet,2026-07-03 17:00:00,5400,Deposit,Branch
TXN5725,CUST052,David Kiptoo,2026-07-03 17:00:00,6700,Transfer,Mobile
TXN3992,CUST057,Ruth Kilonzo,2026-07-03 17:01:00,3400,Transfer,Branch
TXN4036,CUST080,Mercy Omondi,2026-07-03 17:06:00,4200,Withdrawal,Branch
TXN5726,CUST052,David Kiptoo,2026-07-03 17:12:00,1200,Deposit,Mobile
TXN3886,CUST009,Fatuma Kariuki,2026-07-03 17:14:00,1200,Transfer,Mobile
TXN3930,CUST031,Susan Gathoni,2026-07-03 17:14:00,18300,Deposit,ATM
TXN4020,CUST072,Joyce Kariuki,2026-07-03 17:14:00,11200,Withdrawal,Branch
TXN3884,CUST008,Josephine Onyango,2026-07-03 17:17:00,12000,Deposit,Agent
TXN3906,CUST016,David Kariuki,2026-07-03 17:21:00,18300,Transfer,Branch
TXN5727,CUST052,David Kiptoo,2026-07-03 17:24:00,2300,Withdrawal,Mobile
TXN3889,CUST010,Peter Wafula,2026-07-03 17:29:00,12000,Transfer,Branch
TXN4019,CUST072,Joyce Kariuki,2026-07-03 17:33:00,2300,Transfer,Branch
TXN3981,CUST051,Daniel Njoki,2026-07-03 17:36:00,11200,Deposit,Agent
TXN5728,CUST052,David Kiptoo,2026-07-03 17:36:00,3400,Transfer,Mobile
TXN3952,CUST038,Eric Kiptoo,2026-07-03 17:47:00,8900,Withdrawal,ATM
TXN5729,CUST052,David Kiptoo,2026-07-03 17:48:00,6700,Withdrawal,Mobile
TXN3888,CUST010,Peter Wafula,2026-07-03 17:50:00,750,Deposit,ATM
TXN5730,CUST052,David Kiptoo,2026-07-03 18:00:00,500,Transfer,Mobile
TXN4026,CUST074,Sarah Mwangi,2026-07-03 18:08:00,15600,Withdrawal,Agent
TXN4030,CUST077,Victor Wafula,2026-07-03 18:15:00,34500,Withdrawal,Branch
TXN3971,CUST047,Dennis Kilonzo,2026-07-03 18:16:00,18300,Transfer,Agent
TXN3989,CUST056,Susan Odhiambo,2026-07-03 18:17:00,18300,Withdrawal,Mobile
TXN3974,CUST047,Dennis Kilonzo,2026-07-03 18:22:00,12000,Withdrawal,Mobile
TXN3961,CUST044,Grace Njoki,2026-07-03 18:24:00,41000,Withdrawal,Mobile
TXN3872,CUST003,Fatuma Wafula,2026-07-03 18:31:00,18300,Transfer,ATM
TXN3875,CUST004,Lucy Odhiambo,2026-07-03 18:34:00,500,Deposit,Mobile
TXN3900,CUST013,Joyce Gathoni,2026-07-03 18:35:00,1200,Deposit,Branch
TXN3988,CUST055,Dennis Wanjiru,2026-07-03 18:39:00,27500,Deposit,Agent
TXN3936,CUST033,Diana Kariuki,2026-07-03 18:45:00,12000,Transfer,Agent
TXN3887,CUST009,Fatuma Kariuki,2026-07-03 18:50:00,500,Withdrawal,ATM
TXN3879,CUST006,Francis Achieng,2026-07-03 18:52:00,12000,Deposit,Branch
TXN4006,CUST067,Rebecca Wambui,2026-07-03 19:01:00,5400,Deposit,Branch
TXN3957,CUST041,Victor Mwangi,2026-07-03 19:04:00,750,Transfer,Mobile
TXN4023,CUST073,Amina Njeri,2026-07-03 19:04:00,15600,Transfer,Agent
TXN3876,CUST004,Lucy Odhiambo,2026-07-03 19:09:00,41000,Deposit,Agent
TXN3960,CUST043,Rose Onyango,2026-07-03 19:10:00,3400,Deposit,Mobile
TXN3869,CUST001,George Hassan,2026-07-03 19:14:00,27500,Transfer,Branch
TXN3917,CUST023,Lucy Gathoni,2026-07-03 19:16:00,6700,Withdrawal,ATM
TXN4002,CUST066,Mercy Onyango,2026-07-03 19:19:00,27500,Withdrawal,Agent
TXN3953,CUST040,John Omondi,2026-07-03 19:20:00,8900,Withdrawal,ATM
TXN3890,CUST010,Peter Wafula,2026-07-03 19:39:00,750,Withdrawal,Mobile
TXN3931,CUST031,Susan Gathoni,2026-07-03 19:59:00,1200,Withdrawal,Agent
TXN3944,CUST035,Peter Gathoni,2026-07-03 20:06:00,15600,Transfer,Branch
TXN3945,CUST036,Diana Omondi,2026-07-03 20:08:00,750,Transfer,ATM
TXN3883,CUST008,Josephine Onyango,2026-07-03 20:09:00,750,Withdrawal,Branch
TXN3958,CUST043,Rose Onyango,2026-07-03 20:10:00,41000,Deposit,Branch
TXN3899,CUST013,Joyce Gathoni,2026-07-03 20:13:00,1800,Transfer,Branch
TXN4013,CUST070,Samuel Njoki,2026-07-03 20:33:00,15600,Transfer,ATM
TXN4028,CUST076,Amina Hassan,2026-07-03 20:45:00,34500,Withdrawal,Agent
TXN3932,CUST032,Susan Odhiambo,2026-07-03 20:51:00,34500,Withdrawal,ATM
TXN4100,CUST036,Diana Omondi,2026-07-04 07:13:00,34500,Transfer,Branch
TXN4069,CUST022,Rebecca Mwangi,2026-07-04 07:19:00,15600,Withdrawal,ATM
TXN4136,CUST056,Susan Odhiambo,2026-07-04 07:24:00,41000,Transfer,ATM
TXN4079,CUST027,Anthony Otieno,2026-07-04 07:25:00,22000,Transfer,Branch
TXN4107,CUST040,John Omondi,2026-07-04 07:25:00,41000,Deposit,Agent
TXN4162,CUST069,Moses Kariuki,2026-07-04 07:29:00,18300,Deposit,Agent
TXN4075,CUST025,Caroline Kimani,2026-07-04 07:30:00,4200,Withdrawal,Branch
TXN4131,CUST053,Anthony Muthoni,2026-07-04 07:40:00,11200,Withdrawal,Mobile
TXN4124,CUST049,Susan Njoki,2026-07-04 07:48:00,6700,Withdrawal,Branch
TXN4180,CUST074,Sarah Mwangi,2026-07-04 08:02:00,22000,Deposit,Branch
TXN4083,CUST029,Rose Wafula,2026-07-04 08:05:00,2300,Deposit,Branch
TXN4039,CUST001,George Hassan,2026-07-04 08:07:00,9800,Deposit,Branch
TXN4164,CUST070,Samuel Njoki,2026-07-04 08:08:00,41000,Deposit,Agent
TXN4049,CUST007,Grace Njoki,2026-07-04 08:10:00,1800,Withdrawal,Agent
TXN4186,CUST076,Amina Hassan,2026-07-04 08:20:00,500,Transfer,Branch
TXN4151,CUST063,Peter Mwangi,2026-07-04 08:23:00,9800,Transfer,Mobile
TXN4082,CUST028,Nancy Achieng,2026-07-04 08:53:00,5400,Transfer,Mobile
TXN4156,CUST067,Rebecca Wambui,2026-07-04 09:02:00,15600,Deposit,ATM
TXN4183,CUST075,Kevin Kiptoo,2026-07-04 09:02:00,34500,Withdrawal,Agent
TXN4137,CUST057,Ruth Kilonzo,2026-07-04 09:04:00,18300,Deposit,ATM
TXN4129,CUST053,Anthony Muthoni,2026-07-04 09:05:00,1200,Deposit,Mobile
TXN4061,CUST017,Grace Wafula,2026-07-04 09:07:00,750,Withdrawal,Agent
TXN4138,CUST057,Ruth Kilonzo,2026-07-04 09:09:00,500,Transfer,Mobile
TXN4139,CUST057,Ruth Kilonzo,2026-07-04 09:11:00,41000,Withdrawal,Agent
TXN4181,CUST075,Kevin Kiptoo,2026-07-04 09:12:00,4200,Transfer,Agent
TXN4142,CUST058,John Njeri,2026-07-04 09:26:00,27500,Transfer,Branch
TXN4086,CUST029,Rose Wafula,2026-07-04 09:28:00,750,Transfer,Branch
TXN4184,CUST075,Kevin Kiptoo,2026-07-04 09:41:00,6700,Withdrawal,ATM
TXN4093,CUST031,Susan Gathoni,2026-07-04 09:45:00,11200,Transfer,Agent
TXN4081,CUST028,Nancy Achieng,2026-07-04 09:47:00,2300,Transfer,Branch
TXN4068,CUST020,Kennedy Kimani,2026-07-04 09:51:00,2300,Deposit,Branch
TXN4089,CUST030,Josephine Nyambura,2026-07-04 09:54:00,9800,Withdrawal,Branch
TXN4050,CUST007,Grace Njoki,2026-07-04 09:58:00,11200,Transfer,Agent
TXN4150,CUST063,Peter Mwangi,2026-07-04 09:59:00,4200,Deposit,Agent
TXN4146,CUST060,Paul Hassan,2026-07-04 10:01:00,41000,Transfer,ATM
TXN4114,CUST043,Rose Onyango,2026-07-04 10:06:00,8900,Deposit,ATM
TXN4065,CUST018,Mercy Kiptoo,2026-07-04 10:15:00,18300,Withdrawal,ATM
TXN4045,CUST003,Fatuma Wafula,2026-07-04 10:20:00,4200,Withdrawal,Mobile
TXN4149,CUST062,Beatrice Njeri,2026-07-04 10:31:00,5400,Transfer,ATM
TXN4074,CUST024,Anthony Achieng,2026-07-04 10:40:00,2300,Transfer,Agent
TXN4155,CUST065,Rebecca Wambui,2026-07-04 10:40:00,18300,Deposit,ATM
TXN4070,CUST022,Rebecca Mwangi,2026-07-04 10:43:00,27500,Transfer,ATM
TXN4060,CUST015,Sarah Chebet,2026-07-04 10:44:00,34500,Deposit,ATM
TXN4178,CUST074,Sarah Mwangi,2026-07-04 10:45:00,12000,Withdrawal,ATM
TXN4116,CUST046,George Nyambura,2026-07-04 10:50:00,1800,Deposit,Branch
TXN4174,CUST073,Amina Njeri,2026-07-04 10:57:00,1200,Transfer,Agent
TXN4125,CUST049,Susan Njoki,2026-07-04 10:58:00,1800,Withdrawal,Mobile
TXN4106,CUST039,Charles Njoki,2026-07-04 11:03:00,11200,Transfer,ATM
TXN4110,CUST041,Victor Mwangi,2026-07-04 11:07:00,34500,Transfer,ATM
TXN4092,CUST031,Susan Gathoni,2026-07-04 11:31:00,12000,Withdrawal,Agent
TXN4055,CUST009,Fatuma Kariuki,2026-07-04 11:32:00,1200,Deposit,ATM
TXN4175,CUST073,Amina Njeri,2026-07-04 11:36:00,500,Transfer,Branch
TXN4190,CUST077,Victor Wafula,2026-07-04 11:40:00,5400,Withdrawal,ATM
TXN4044,CUST003,Fatuma Wafula,2026-07-04 11:47:00,2300,Withdrawal,Branch
TXN4170,CUST072,Joyce Kariuki,2026-07-04 11:50:00,22000,Withdrawal,Branch
TXN4179,CUST074,Sarah Mwangi,2026-07-04 11:53:00,1200,Withdrawal,ATM
TXN4094,CUST033,Diana Kariuki,2026-07-04 11:55:00,8900,Transfer,ATM
TXN4187,CUST076,Amina Hassan,2026-07-04 11:57:00,4200,Deposit,Branch
TXN4130,CUST053,Anthony Muthoni,2026-07-04 12:12:00,4200,Transfer,Mobile
TXN4085,CUST029,Rose Wafula,2026-07-04 12:15:00,3400,Deposit,Branch
TXN4171,CUST072,Joyce Kariuki,2026-07-04 12:18:00,5400,Withdrawal,Agent
TXN4088,CUST030,Josephine Nyambura,2026-07-04 12:26:00,34500,Transfer,Branch
TXN4111,CUST042,Faith Hassan,2026-07-04 12:30:00,12000,Transfer,Agent
TXN4048,CUST005,Sarah Otieno,2026-07-04 12:32:00,1200,Transfer,Agent
TXN4120,CUST048,Rose Gathoni,2026-07-04 12:36:00,1200,Withdrawal,Branch
TXN4077,CUST026,Rebecca Njoki,2026-07-04 12:42:00,34500,Transfer,Branch
TXN4123,CUST048,Rose Gathoni,2026-07-04 12:46:00,27500,Deposit,Branch
TXN4148,CUST060,Paul Hassan,2026-07-04 12:47:00,1200,Withdrawal,ATM
TXN4084,CUST029,Rose Wafula,2026-07-04 12:48:00,11200,Transfer,ATM
TXN4080,CUST027,Anthony Otieno,2026-07-04 12:56:00,22000,Transfer,Agent
TXN4053,CUST009,Fatuma Kariuki,2026-07-04 13:04:00,11200,Withdrawal,ATM
TXN4102,CUST037,Rose Nyambura,2026-07-04 13:17:00,5400,Withdrawal,ATM
TXN4167,CUST071,James Hassan,2026-07-04 13:17:00,34500,Withdrawal,Branch
TXN4052,CUST009,Fatuma Kariuki,2026-07-04 13:28:00,750,Transfer,Agent
TXN4145,CUST060,Paul Hassan,2026-07-04 13:37:00,18300,Transfer,Branch
TXN4189,CUST077,Victor Wafula,2026-07-04 13:57:00,6700,Deposit,Mobile
TXN4076,CUST026,Rebecca Njoki,2026-07-04 14:09:00,500,Deposit,Mobile
TXN4105,CUST039,Charles Njoki,2026-07-04 14:12:00,4200,Deposit,ATM
TXN4057,CUST011,Josephine Otieno,2026-07-04 14:19:00,27500,Transfer,Mobile
TXN4161,CUST068,Victor Odhiambo,2026-07-04 14:23:00,3400,Withdrawal,ATM
TXN4158,CUST067,Rebecca Wambui,2026-07-04 14:30:00,15600,Transfer,Agent
TXN4072,CUST024,Anthony Achieng,2026-07-04 14:32:00,500,Withdrawal,Mobile
TXN4115,CUST043,Rose Onyango,2026-07-04 14:37:00,34500,Withdrawal,Mobile
TXN4152,CUST063,Peter Mwangi,2026-07-04 14:39:00,5400,Transfer,ATM
TXN4062,CUST017,Grace Wafula,2026-07-04 14:45:00,22000,Withdrawal,ATM
TXN4046,CUST003,Fatuma Wafula,2026-07-04 14:52:00,1200,Withdrawal,Mobile
TXN4078,CUST026,Rebecca Njoki,2026-07-04 14:52:00,41000,Deposit,ATM
TXN4073,CUST024,Anthony Achieng,2026-07-04 15:05:00,3400,Deposit,ATM
TXN4101,CUST036,Diana Omondi,2026-07-04 15:09:00,34500,Deposit,ATM
TXN4173,CUST073,Amina Njeri,2026-07-04 15:10:00,9800,Deposit,Agent
TXN4040,CUST001,George Hassan,2026-07-04 15:11:00,18300,Transfer,ATM
TXN4096,CUST033,Diana Kariuki,2026-07-04 15:12:00,18300,Deposit,ATM
TXN4098,CUST034,James Kariuki,2026-07-04 15:16:00,15600,Transfer,Mobile
TXN4109,CUST040,John Omondi,2026-07-04 15:16:00,15600,Withdrawal,Agent
TXN4104,CUST038,Eric Kiptoo,2026-07-04 15:18:00,3400,Transfer,Agent
TXN4051,CUST007,Grace Njoki,2026-07-04 15:34:00,9800,Transfer,ATM
TXN4126,CUST051,Daniel Njoki,2026-07-04 15:43:00,1800,Transfer,Mobile
TXN4038,CUST001,George Hassan,2026-07-04 15:48:00,2300,Withdrawal,ATM
TXN4177,CUST074,Sarah Mwangi,2026-07-04 15:53:00,500,Deposit,Agent
TXN4067,CUST020,Kennedy Kimani,2026-07-04 15:54:00,12000,Transfer,Branch
TXN4135,CUST056,Susan Odhiambo,2026-07-04 15:54:00,34500,Deposit,Branch
TXN4144,CUST059,David Achieng,2026-07-04 16:06:00,15600,Withdrawal,Mobile
TXN4112,CUST042,Faith Hassan,2026-07-04 16:08:00,34500,Transfer,Branch
TXN4042,CUST002,Beatrice Otieno,2026-07-04 16:20:00,8900,Deposit,Agent
TXN4063,CUST018,Mercy Kiptoo,2026-07-04 16:21:00,15600,Withdrawal,Mobile
TXN4188,CUST076,Amina Hassan,2026-07-04 16:23:00,1800,Withdrawal,Branch
TXN4134,CUST056,Susan Odhiambo,2026-07-04 16:24:00,12000,Withdrawal,Agent
TXN4066,CUST019,Victor Hassan,2026-07-04 16:25:00,11200,Withdrawal,Agent
TXN4157,CUST067,Rebecca Wambui,2026-07-04 16:27:00,9800,Deposit,Branch
TXN4143,CUST058,John Njeri,2026-07-04 16:37:00,750,Transfer,Branch
TXN4047,CUST004,Lucy Odhiambo,2026-07-04 16:42:00,2300,Withdrawal,Agent
TXN4133,CUST055,Dennis Wanjiru,2026-07-04 17:01:00,34500,Transfer,Mobile
TXN4064,CUST018,Mercy Kiptoo,2026-07-04 17:02:00,27500,Withdrawal,Branch
TXN4127,CUST052,David Kiptoo,2026-07-04 17:03:00,500,Transfer,Mobile
TXN4095,CUST033,Diana Kariuki,2026-07-04 17:07:00,1200,Transfer,ATM
TXN4153,CUST065,Rebecca Wambui,2026-07-04 17:08:00,41000,Withdrawal,ATM
TXN4117,CUST047,Dennis Kilonzo,2026-07-04 17:10:00,6700,Transfer,ATM
TXN4194,CUST079,Anthony Nyambura,2026-07-04 17:16:00,22000,Transfer,ATM
TXN4097,CUST033,Diana Kariuki,2026-07-04 17:17:00,12000,Withdrawal,Branch
TXN4168,CUST071,James Hassan,2026-07-04 17:32:00,15600,Withdrawal,Branch
TXN4054,CUST009,Fatuma Kariuki,2026-07-04 17:48:00,1800,Transfer,ATM
TXN4043,CUST002,Beatrice Otieno,2026-07-04 17:50:00,500,Withdrawal,Branch
TXN4103,CUST037,Rose Nyambura,2026-07-04 17:51:00,6700,Withdrawal,Mobile
TXN4113,CUST043,Rose Onyango,2026-07-04 17:52:00,1800,Withdrawal,ATM
TXN4099,CUST034,James Kariuki,2026-07-04 17:53:00,5400,Transfer,Mobile
TXN4163,CUST070,Samuel Njoki,2026-07-04 17:58:00,12000,Withdrawal,Agent
TXN4166,CUST071,James Hassan,2026-07-04 17:59:00,1200,Deposit,ATM
TXN4169,CUST072,Joyce Kariuki,2026-07-04 18:02:00,750,Withdrawal,ATM
TXN4165,CUST070,Samuel Njoki,2026-07-04 18:03:00,500,Transfer,Mobile
TXN4108,CUST040,John Omondi,2026-07-04 18:08:00,1200,Transfer,Agent
TXN4192,CUST078,Caroline Kilonzo,2026-07-04 18:08:00,18300,Transfer,ATM
TXN4091,CUST031,Susan Gathoni,2026-07-04 18:14:00,11200,Deposit,Branch
TXN4140,CUST058,John Njeri,2026-07-04 18:18:00,2300,Transfer,Mobile
TXN4160,CUST068,Victor Odhiambo,2026-07-04 18:22:00,11200,Transfer,ATM
TXN4041,CUST002,Beatrice Otieno,2026-07-04 18:27:00,18300,Transfer,Branch
TXN4087,CUST030,Josephine Nyambura,2026-07-04 18:35:00,9800,Transfer,Agent
TXN4059,CUST014,David Gathoni,2026-07-04 18:37:00,4200,Withdrawal,Branch
TXN4119,CUST047,Dennis Kilonzo,2026-07-04 18:38:00,8900,Deposit,Agent
TXN4128,CUST053,Anthony Muthoni,2026-07-04 18:42:00,500,Withdrawal,ATM
TXN4191,CUST078,Caroline Kilonzo,2026-07-04 18:46:00,34500,Withdrawal,Agent
TXN4132,CUST054,Paul Chebet,2026-07-04 19:12:00,34500,Deposit,ATM
TXN4176,CUST073,Amina Njeri,2026-07-04 19:25:00,500,Deposit,ATM
TXN4122,CUST048,Rose Gathoni,2026-07-04 19:32:00,12000,Withdrawal,ATM
TXN4154,CUST065,Rebecca Wambui,2026-07-04 19:41:00,1200,Deposit,Branch
TXN4193,CUST078,Caroline Kilonzo,2026-07-04 19:45:00,500,Transfer,Mobile
TXN4141,CUST058,John Njeri,2026-07-04 19:49:00,5400,Transfer,Branch
TXN4056,CUST011,Josephine Otieno,2026-07-04 19:55:00,15600,Transfer,Agent
TXN4118,CUST047,Dennis Kilonzo,2026-07-04 20:05:00,2300,Transfer,Mobile
TXN4159,CUST067,Rebecca Wambui,2026-07-04 20:11:00,6700,Transfer,Branch
TXN4185,CUST076,Amina Hassan,2026-07-04 20:11:00,500,Withdrawal,Mobile
TXN4182,CUST075,Kevin Kiptoo,2026-07-04 20:28:00,3400,Withdrawal,ATM
TXN4147,CUST060,Paul Hassan,2026-07-04 20:31:00,41000,Transfer,ATM
TXN4172,CUST072,Joyce Kariuki,2026-07-04 20:31:00,5400,Transfer,Agent
TXN4071,CUST023,Lucy Gathoni,2026-07-04 20:45:00,1200,Deposit,Branch
TXN4090,CUST030,Josephine Nyambura,2026-07-04 20:47:00,12000,Transfer,Mobile
TXN4058,CUST013,Joyce Gathoni,2026-07-04 20:49:00,34500,Deposit,Branch
TXN4121,CUST048,Rose Gathoni,2026-07-04 20:55:00,27500,Transfer,Mobile
TXN5701,CUST060,Paul Hassan,2026-07-05 07:03:00,15000,Withdrawal,Agent
TXN4246,CUST024,Anthony Achieng,2026-07-05 07:06:00,34500,Transfer,Mobile
TXN4292,CUST047,Dennis Kilonzo,2026-07-05 07:08:00,11200,Deposit,ATM
TXN4307,CUST056,Susan Odhiambo,2026-07-05 07:08:00,18300,Deposit,Agent
TXN4312,CUST059,David Achieng,2026-07-05 07:11:00,22000,Deposit,ATM
TXN4195,CUST001,George Hassan,2026-07-05 07:16:00,1200,Transfer,Branch
TXN4224,CUST015,Sarah Chebet,2026-07-05 07:19:00,15600,Transfer,Mobile
TXN4343,CUST076,Amina Hassan,2026-07-05 07:22:00,6700,Deposit,ATM
TXN4242,CUST023,Lucy Gathoni,2026-07-05 07:27:00,750,Deposit,Agent
TXN4277,CUST040,John Omondi,2026-07-05 07:28:00,12000,Transfer,Branch
TXN4340,CUST073,Amina Njeri,2026-07-05 07:28:00,9800,Withdrawal,Mobile
TXN4323,CUST064,Eric Chebet,2026-07-05 07:34:00,8900,Deposit,Agent
TXN4279,CUST041,Victor Mwangi,2026-07-05 07:36:00,22000,Withdrawal,Branch
TXN4328,CUST067,Rebecca Wambui,2026-07-05 07:39:00,6700,Deposit,ATM
TXN4271,CUST037,Rose Nyambura,2026-07-05 07:47:00,8900,Deposit,Mobile
TXN4349,CUST079,Anthony Nyambura,2026-07-05 08:01:00,3400,Transfer,Agent
TXN4337,CUST071,James Hassan,2026-07-05 08:02:00,22000,Deposit,ATM
TXN4305,CUST055,Dennis Wanjiru,2026-07-05 08:20:00,1800,Transfer,Mobile
TXN4329,CUST067,Rebecca Wambui,2026-07-05 08:26:00,11200,Withdrawal,Branch
TXN4239,CUST022,Rebecca Mwangi,2026-07-05 08:29:00,6700,Withdrawal,Branch
TXN4234,CUST019,Victor Hassan,2026-07-05 08:30:00,12000,Transfer,Branch
TXN4259,CUST031,Susan Gathoni,2026-07-05 08:37:00,27500,Transfer,Agent
TXN4311,CUST059,David Achieng,2026-07-05 08:42:00,2300,Deposit,Mobile
TXN4205,CUST004,Lucy Odhiambo,2026-07-05 08:48:00,34500,Withdrawal,Branch
TXN4339,CUST072,Joyce Kariuki,2026-07-05 08:48:00,6700,Transfer,ATM
TXN4260,CUST032,Susan Odhiambo,2026-07-05 08:52:00,4200,Transfer,Branch
TXN4350,CUST079,Anthony Nyambura,2026-07-05 09:02:00,6700,Deposit,Branch
TXN4213,CUST008,Josephine Onyango,2026-07-05 09:03:00,2300,Deposit,Branch
TXN4354,CUST080,Mercy Omondi,2026-07-05 09:09:00,27500,Transfer,Mobile
TXN4203,CUST004,Lucy Odhiambo,2026-07-05 09:14:00,15600,Transfer,Mobile
TXN4244,CUST024,Anthony Achieng,2026-07-05 09:17:00,9800,Deposit,Mobile
TXN4287,CUST046,George Nyambura,2026-07-05 09:26:00,11200,Withdrawal,Agent
TXN4319,CUST063,Peter Mwangi,2026-07-05 09:27:00,34500,Transfer,Branch
TXN4264,CUST033,Diana Kariuki,2026-07-05 09:28:00,3400,Deposit,Mobile
TXN4291,CUST047,Dennis Kilonzo,2026-07-05 09:37:00,27500,Deposit,ATM
TXN4218,CUST011,Josephine Otieno,2026-07-05 09:41:00,41000,Deposit,Branch
TXN4288,CUST046,George Nyambura,2026-07-05 09:41:00,500,Withdrawal,ATM
TXN4269,CUST036,Diana Omondi,2026-07-05 09:55:00,22000,Deposit,Branch
TXN4230,CUST017,Grace Wafula,2026-07-05 10:01:00,2300,Transfer,ATM
TXN4293,CUST050,Peter Wambui,2026-07-05 10:03:00,6700,Withdrawal,Agent
TXN4258,CUST030,Josephine Nyambura,2026-07-05 10:10:00,41000,Transfer,Mobile
TXN5702,CUST060,Paul Hassan,2026-07-05 10:15:00,15000,Withdrawal,ATM
TXN4301,CUST053,Anthony Muthoni,2026-07-05 10:21:00,41000,Deposit,ATM
TXN4247,CUST024,Anthony Achieng,2026-07-05 10:26:00,8900,Withdrawal,Mobile
TXN4333,CUST068,Victor Odhiambo,2026-07-05 10:32:00,8900,Withdrawal,Branch
TXN4266,CUST033,Diana Kariuki,2026-07-05 10:38:00,750,Transfer,Mobile
TXN4322,CUST064,Eric Chebet,2026-07-05 10:47:00,9800,Deposit,Branch
TXN4297,CUST051,Daniel Njoki,2026-07-05 10:51:00,9800,Deposit,Mobile
TXN4221,CUST013,Joyce Gathoni,2026-07-05 10:55:00,12000,Transfer,Mobile
TXN4316,CUST061,Ann Chebet,2026-07-05 10:56:00,1200,Withdrawal,Mobile
TXN4198,CUST002,Beatrice Otieno,2026-07-05 10:59:00,500,Deposit,Agent
TXN4219,CUST011,Josephine Otieno,2026-07-05 11:01:00,9800,Transfer,Branch
TXN4327,CUST066,Mercy Onyango,2026-07-05 11:06:00,1200,Transfer,Mobile
TXN4338,CUST072,Joyce Kariuki,2026-07-05 11:08:00,18300,Transfer,Branch
TXN4321,CUST064,Eric Chebet,2026-07-05 11:14:00,15600,Transfer,ATM
TXN4208,CUST005,Sarah Otieno,2026-07-05 11:15:00,27500,Deposit,Mobile
TXN4249,CUST025,Caroline Kimani,2026-07-05 11:15:00,12000,Deposit,Mobile
TXN4289,CUST046,George Nyambura,2026-07-05 11:19:00,11200,Transfer,Branch
TXN4232,CUST018,Mercy Kiptoo,2026-07-05 11:20:00,11200,Transfer,Mobile
TXN4272,CUST039,Charles Njoki,2026-07-05 11:30:00,1800,Withdrawal,Branch
TXN4240,CUST023,Lucy Gathoni,2026-07-05 11:35:00,22000,Transfer,Mobile
TXN4304,CUST054,Paul Chebet,2026-07-05 11:36:00,4200,Deposit,Branch
TXN4243,CUST023,Lucy Gathoni,2026-07-05 11:42:00,5400,Transfer,ATM
TXN4281,CUST042,Faith Hassan,2026-07-05 11:52:00,750,Transfer,Mobile
TXN4296,CUST050,Peter Wambui,2026-07-05 11:52:00,6700,Withdrawal,Mobile
TXN4335,CUST069,Moses Kariuki,2026-07-05 11:56:00,9800,Deposit,ATM
TXN4324,CUST064,Eric Chebet,2026-07-05 12:07:00,750,Deposit,ATM
TXN4250,CUST027,Anthony Otieno,2026-07-05 12:13:00,11200,Transfer,Branch
TXN4268,CUST035,Peter Gathoni,2026-07-05 12:23:00,6700,Deposit,Mobile
TXN4261,CUST032,Susan Odhiambo,2026-07-05 12:24:00,3400,Transfer,Agent
TXN4229,CUST017,Grace Wafula,2026-07-05 12:35:00,34500,Transfer,Branch
TXN4326,CUST066,Mercy Onyango,2026-07-05 12:35:00,15600,Deposit,Mobile
TXN4278,CUST041,Victor Mwangi,2026-07-05 12:38:00,3400,Deposit,Branch
TXN4299,CUST052,David Kiptoo,2026-07-05 12:43:00,11200,Withdrawal,ATM
TXN4347,CUST078,Caroline Kilonzo,2026-07-05 12:46:00,9800,Deposit,Mobile
TXN4283,CUST045,Rebecca Gathoni,2026-07-05 12:49:00,3400,Deposit,ATM
TXN4211,CUST007,Grace Njoki,2026-07-05 12:50:00,5400,Deposit,Mobile
TXN4214,CUST009,Fatuma Kariuki,2026-07-05 12:59:00,1200,Deposit,ATM
TXN4267,CUST034,James Kariuki,2026-07-05 13:05:00,2300,Withdrawal,ATM
TXN5703,CUST060,Paul Hassan,2026-07-05 13:07:00,15000,Withdrawal,ATM
TXN4308,CUST057,Ruth Kilonzo,2026-07-05 13:12:00,34500,Deposit,Branch
TXN4320,CUST063,Peter Mwangi,2026-07-05 13:16:00,1800,Withdrawal,Mobile
TXN4196,CUST002,Beatrice Otieno,2026-07-05 13:18:00,11200,Deposit,Agent
TXN4332,CUST068,Victor Odhiambo,2026-07-05 13:26:00,41000,Transfer,ATM
TXN4342,CUST074,Sarah Mwangi,2026-07-05 13:38:00,500,Withdrawal,Mobile
TXN4285,CUST045,Rebecca Gathoni,2026-07-05 13:39:00,12000,Withdrawal,Branch
TXN4256,CUST030,Josephine Nyambura,2026-07-05 13:45:00,1200,Deposit,Branch
TXN4334,CUST069,Moses Kariuki,2026-07-05 13:48:00,9800,Withdrawal,Mobile
TXN4341,CUST073,Amina Njeri,2026-07-05 14:09:00,11200,Deposit,ATM
TXN4245,CUST024,Anthony Achieng,2026-07-05 14:12:00,27500,Deposit,Agent
TXN4306,CUST056,Susan Odhiambo,2026-07-05 14:22:00,11200,Transfer,Mobile
TXN4284,CUST045,Rebecca Gathoni,2026-07-05 14:34:00,3400,Transfer,Branch
TXN4237,CUST022,Rebecca Mwangi,2026-07-05 14:38:00,34500,Deposit,Agent
TXN4223,CUST014,David Gathoni,2026-07-05 14:47:00,4200,Withdrawal,Agent
TXN4273,CUST039,Charles Njoki,2026-07-05 14:50:00,1800,Deposit,ATM
TXN4314,CUST061,Ann Chebet,2026-07-05 14:51:00,8900,Transfer,ATM
TXN4251,CUST027,Anthony Otieno,2026-07-05 14:54:00,22000,Deposit,ATM
TXN4217,CUST011,Josephine Otieno,2026-07-05 14:57:00,3400,Withdrawal,Mobile
TXN4300,CUST052,David Kiptoo,2026-07-05 15:05:00,1800,Withdrawal,ATM
TXN4315,CUST061,Ann Chebet,2026-07-05 15:06:00,41000,Withdrawal,Branch
TXN4286,CUST045,Rebecca Gathoni,2026-07-05 15:14:00,500,Withdrawal,Mobile
TXN4346,CUST078,Caroline Kilonzo,2026-07-05 15:19:00,2300,Deposit,Agent
TXN4294,CUST050,Peter Wambui,2026-07-05 15:20:00,4200,Transfer,Agent
TXN4270,CUST036,Diana Omondi,2026-07-05 15:27:00,750,Deposit,Agent
TXN4351,CUST079,Anthony Nyambura,2026-07-05 15:31:00,750,Withdrawal,Agent
TXN4313,CUST059,David Achieng,2026-07-05 15:39:00,6700,Transfer,Agent
TXN4202,CUST003,Fatuma Wafula,2026-07-05 15:41:00,41000,Deposit,Mobile
TXN4204,CUST004,Lucy Odhiambo,2026-07-05 15:46:00,12000,Deposit,Agent
TXN4302,CUST053,Anthony Muthoni,2026-07-05 15:49:00,22000,Transfer,Branch
TXN4348,CUST078,Caroline Kilonzo,2026-07-05 15:51:00,27500,Withdrawal,Mobile
TXN4226,CUST016,David Kariuki,2026-07-05 16:03:00,500,Deposit,Agent
TXN4290,CUST046,George Nyambura,2026-07-05 16:08:00,22000,Deposit,Agent
TXN4199,CUST002,Beatrice Otieno,2026-07-05 16:11:00,8900,Withdrawal,Mobile
TXN4352,CUST079,Anthony Nyambura,2026-07-05 16:14:00,750,Deposit,Mobile
TXN4207,CUST005,Sarah Otieno,2026-07-05 16:15:00,6700,Withdrawal,ATM
TXN4257,CUST030,Josephine Nyambura,2026-07-05 16:19:00,8900,Withdrawal,Branch
TXN4331,CUST067,Rebecca Wambui,2026-07-05 16:30:00,5400,Withdrawal,ATM
TXN4233,CUST018,Mercy Kiptoo,2026-07-05 16:39:00,750,Transfer,Agent
TXN4222,CUST013,Joyce Gathoni,2026-07-05 16:44:00,34500,Transfer,Mobile
TXN4254,CUST029,Rose Wafula,2026-07-05 16:44:00,5400,Deposit,Agent
TXN4220,CUST013,Joyce Gathoni,2026-07-05 16:45:00,8900,Withdrawal,Agent
TXN4336,CUST071,James Hassan,2026-07-05 16:45:00,750,Deposit,Branch
TXN4241,CUST023,Lucy Gathoni,2026-07-05 17:05:00,8900,Deposit,ATM
TXN4197,CUST002,Beatrice Otieno,2026-07-05 17:10:00,12000,Deposit,Mobile
TXN4318,CUST062,Beatrice Njeri,2026-07-05 17:14:00,12000,Transfer,Mobile
TXN4201,CUST003,Fatuma Wafula,2026-07-05 17:28:00,22000,Deposit,Branch
TXN4276,CUST040,John Omondi,2026-07-05 17:31:00,12000,Transfer,ATM
TXN4215,CUST010,Peter Wafula,2026-07-05 17:32:00,500,Transfer,Mobile
TXN4265,CUST033,Diana Kariuki,2026-07-05 17:42:00,11200,Withdrawal,Branch
TXN4231,CUST018,Mercy Kiptoo,2026-07-05 17:52:00,4200,Deposit,ATM
TXN4275,CUST040,John Omondi,2026-07-05 17:53:00,750,Withdrawal,ATM
TXN4210,CUST006,Francis Achieng,2026-07-05 17:55:00,3400,Deposit,ATM
TXN4225,CUST015,Sarah Chebet,2026-07-05 18:01:00,1200,Deposit,Agent
TXN4252,CUST027,Anthony Otieno,2026-07-05 18:01:00,1800,Withdrawal,Branch
TXN4282,CUST043,Rose Onyango,2026-07-05 18:02:00,500,Transfer,ATM
TXN4295,CUST050,Peter Wambui,2026-07-05 18:02:00,1200,Withdrawal,Branch
TXN4353,CUST080,Mercy Omondi,2026-07-05 18:08:00,5400,Deposit,Mobile
TXN4236,CUST020,Kennedy Kimani,2026-07-05 18:12:00,22000,Withdrawal,Branch
TXN4298,CUST051,Daniel Njoki,2026-07-05 18:14:00,12000,Transfer,Branch
TXN4325,CUST066,Mercy Onyango,2026-07-05 18:16:00,12000,Transfer,ATM
TXN4274,CUST040,John Omondi,2026-07-05 18:17:00,8900,Deposit,Mobile
TXN4200,CUST003,Fatuma Wafula,2026-07-05 18:21:00,12000,Deposit,ATM
TXN4317,CUST062,Beatrice Njeri,2026-07-05 18:23:00,5400,Withdrawal,Agent
TXN4345,CUST077,Victor Wafula,2026-07-05 18:23:00,2300,Withdrawal,Agent
TXN4238,CUST022,Rebecca Mwangi,2026-07-05 18:33:00,1800,Deposit,Mobile
TXN4330,CUST067,Rebecca Wambui,2026-07-05 18:34:00,18300,Withdrawal,Agent
TXN4216,CUST011,Josephine Otieno,2026-07-05 18:45:00,34500,Deposit,Mobile
TXN4263,CUST033,Diana Kariuki,2026-07-05 18:55:00,15600,Transfer,ATM
TXN4227,CUST017,Grace Wafula,2026-07-05 18:56:00,12000,Transfer,Branch
TXN4344,CUST076,Amina Hassan,2026-07-05 18:58:00,4200,Withdrawal,Mobile
TXN4280,CUST042,Faith Hassan,2026-07-05 19:02:00,11200,Withdrawal,Branch
TXN4228,CUST017,Grace Wafula,2026-07-05 19:05:00,1800,Withdrawal,ATM
TXN4255,CUST030,Josephine Nyambura,2026-07-05 19:19:00,27500,Deposit,ATM
TXN4209,CUST006,Francis Achieng,2026-07-05 19:20:00,750,Transfer,Mobile
TXN4309,CUST058,John Njeri,2026-07-05 19:30:00,15600,Withdrawal,Mobile
TXN4262,CUST032,Susan Odhiambo,2026-07-05 20:15:00,9800,Transfer,Agent
TXN4310,CUST059,David Achieng,2026-07-05 20:25:00,18300,Transfer,ATM
TXN4235,CUST020,Kennedy Kimani,2026-07-05 20:26:00,27500,Transfer,Branch
TXN4248,CUST025,Caroline Kimani,2026-07-05 20:28:00,22000,Transfer,Branch
TXN4303,CUST053,Anthony Muthoni,2026-07-05 20:35:00,11200,Deposit,ATM
TXN4206,CUST004,Lucy Odhiambo,2026-07-05 20:38:00,4200,Withdrawal,Branch
TXN4253,CUST028,Nancy Achieng,2026-07-05 20:39:00,9800,Withdrawal,Agent
TXN4212,CUST007,Grace Njoki,2026-07-05 20:51:00,22000,Withdrawal,ATM
TXN4375,CUST019,Victor Hassan,2026-07-06 07:00:00,6700,Deposit,Branch
TXN4392,CUST031,Susan Gathoni,2026-07-06 07:04:00,8900,Deposit,Agent
TXN4469,CUST070,Samuel Njoki,2026-07-06 07:09:00,4200,Deposit,Agent
TXN4475,CUST073,Amina Njeri,2026-07-06 07:10:00,34500,Transfer,Agent
TXN4489,CUST080,Mercy Omondi,2026-07-06 07:12:00,12000,Transfer,ATM
TXN4435,CUST055,Dennis Wanjiru,2026-07-06 07:23:00,500,Withdrawal,Agent
TXN4445,CUST059,David Achieng,2026-07-06 07:31:00,6700,Withdrawal,Branch
TXN4481,CUST077,Victor Wafula,2026-07-06 07:33:00,1200,Transfer,Branch
TXN4438,CUST056,Susan Odhiambo,2026-07-06 07:46:00,1200,Deposit,Mobile
TXN4490,CUST080,Mercy Omondi,2026-07-06 07:46:00,41000,Withdrawal,ATM
TXN4396,CUST034,James Kariuki,2026-07-06 08:10:00,9800,Deposit,ATM
TXN4355,CUST001,George Hassan,2026-07-06 08:11:00,8900,Transfer,ATM
TXN4431,CUST052,David Kiptoo,2026-07-06 08:14:00,3400,Deposit,Mobile
TXN4451,CUST063,Peter Mwangi,2026-07-06 08:15:00,6700,Withdrawal,Branch
TXN4385,CUST026,Rebecca Njoki,2026-07-06 08:17:00,15600,Deposit,Mobile
TXN4414,CUST047,Dennis Kilonzo,2026-07-06 08:18:00,3400,Transfer,Agent
TXN4404,CUST040,John Omondi,2026-07-06 08:19:00,18300,Deposit,ATM
TXN4403,CUST040,John Omondi,2026-07-06 08:22:00,15600,Deposit,Branch
TXN4421,CUST049,Susan Njoki,2026-07-06 08:28:00,41000,Transfer,ATM
TXN4447,CUST061,Ann Chebet,2026-07-06 08:29:00,11200,Withdrawal,Agent
TXN4366,CUST008,Josephine Onyango,2026-07-06 08:32:00,41000,Withdrawal,Agent
TXN4468,CUST070,Samuel Njoki,2026-07-06 08:34:00,500,Withdrawal,Agent
TXN4425,CUST051,Daniel Njoki,2026-07-06 08:39:00,11200,Transfer,Mobile
TXN4409,CUST042,Faith Hassan,2026-07-06 08:41:00,18300,Deposit,Mobile
TXN4389,CUST028,Nancy Achieng,2026-07-06 08:55:00,8900,Withdrawal,ATM
TXN4417,CUST048,Rose Gathoni,2026-07-06 09:01:00,15600,Transfer,Branch
TXN4420,CUST049,Susan Njoki,2026-07-06 09:14:00,22000,Transfer,Branch
TXN4433,CUST054,Paul Chebet,2026-07-06 09:15:00,1800,Transfer,ATM
TXN4466,CUST069,Moses Kariuki,2026-07-06 09:45:00,12000,Transfer,ATM
TXN4398,CUST038,Eric Kiptoo,2026-07-06 10:00:00,2300,Transfer,Mobile
TXN4393,CUST031,Susan Gathoni,2026-07-06 10:02:00,27500,Transfer,ATM
TXN4411,CUST044,Grace Njoki,2026-07-06 10:14:00,15600,Withdrawal,Branch
TXN4390,CUST029,Rose Wafula,2026-07-06 10:16:00,8900,Transfer,Branch
TXN4365,CUST008,Josephine Onyango,2026-07-06 10:27:00,5400,Withdrawal,ATM
TXN4381,CUST025,Caroline Kimani,2026-07-06 10:29:00,12000,Transfer,Agent
TXN4410,CUST043,Rose Onyango,2026-07-06 10:31:00,34500,Transfer,Branch
TXN4453,CUST064,Eric Chebet,2026-07-06 10:43:00,3400,Transfer,ATM
TXN4428,CUST051,Daniel Njoki,2026-07-06 11:17:00,41000,Deposit,Mobile
TXN4486,CUST079,Anthony Nyambura,2026-07-06 11:21:00,8900,Transfer,Agent
TXN4426,CUST051,Daniel Njoki,2026-07-06 11:25:00,5400,Transfer,Branch
TXN4406,CUST041,Victor Mwangi,2026-07-06 11:40:00,3400,Deposit,Mobile
TXN4373,CUST017,Grace Wafula,2026-07-06 11:44:00,27500,Deposit,ATM
TXN4437,CUST055,Dennis Wanjiru,2026-07-06 11:53:00,8900,Withdrawal,Agent
TXN4412,CUST044,Grace Njoki,2026-07-06 12:02:00,11200,Withdrawal,Mobile
TXN4379,CUST022,Rebecca Mwangi,2026-07-06 12:18:00,12000,Deposit,Mobile
TXN4439,CUST057,Ruth Kilonzo,2026-07-06 12:18:00,11200,Withdrawal,ATM
TXN4441,CUST058,John Njeri,2026-07-06 12:20:00,750,Transfer,ATM
TXN4371,CUST014,David Gathoni,2026-07-06 12:28:00,12000,Deposit,Agent
TXN4413,CUST047,Dennis Kilonzo,2026-07-06 12:29:00,22000,Deposit,Mobile
TXN4401,CUST040,John Omondi,2026-07-06 12:34:00,1200,Transfer,Agent
TXN4458,CUST065,Rebecca Wambui,2026-07-06 12:37:00,500,Deposit,ATM
TXN4465,CUST069,Moses Kariuki,2026-07-06 12:38:00,2300,Transfer,ATM
TXN4395,CUST033,Diana Kariuki,2026-07-06 12:39:00,8900,Deposit,Branch
TXN4427,CUST051,Daniel Njoki,2026-07-06 12:55:00,5400,Deposit,Mobile
TXN4370,CUST014,David Gathoni,2026-07-06 13:02:00,15600,Withdrawal,Agent
TXN4418,CUST048,Rose Gathoni,2026-07-06 13:06:00,5400,Transfer,Mobile
TXN4476,CUST073,Amina Njeri,2026-07-06 13:07:00,8900,Transfer,Agent
TXN4361,CUST007,Grace Njoki,2026-07-06 13:09:00,27500,Deposit,Mobile
TXN4463,CUST067,Rebecca Wambui,2026-07-06 13:09:00,11200,Deposit,Mobile
TXN4358,CUST002,Beatrice Otieno,2026-07-06 13:19:00,3400,Deposit,ATM
TXN4456,CUST064,Eric Chebet,2026-07-06 13:19:00,11200,Transfer,Branch
TXN4424,CUST050,Peter Wambui,2026-07-06 13:26:00,12000,Transfer,Branch
TXN4464,CUST069,Moses Kariuki,2026-07-06 13:28:00,750,Deposit,Agent
TXN4430,CUST052,David Kiptoo,2026-07-06 13:30:00,18300,Transfer,Agent
TXN4483,CUST079,Anthony Nyambura,2026-07-06 13:35:00,3400,Transfer,Agent
TXN4487,CUST080,Mercy Omondi,2026-07-06 13:35:00,11200,Deposit,ATM
TXN4356,CUST002,Beatrice Otieno,2026-07-06 13:42:00,3400,Deposit,Mobile
TXN4363,CUST007,Grace Njoki,2026-07-06 13:49:00,22000,Deposit,Branch
TXN4388,CUST028,Nancy Achieng,2026-07-06 13:53:00,27500,Transfer,ATM
TXN4369,CUST012,Anthony Kimani,2026-07-06 13:54:00,1800,Withdrawal,Mobile
TXN4450,CUST062,Beatrice Njeri,2026-07-06 14:02:00,750,Withdrawal,Branch
TXN4362,CUST007,Grace Njoki,2026-07-06 14:05:00,3400,Deposit,Agent
TXN4429,CUST052,David Kiptoo,2026-07-06 14:18:00,750,Withdrawal,Branch
TXN4459,CUST066,Mercy Onyango,2026-07-06 14:26:00,11200,Transfer,ATM
TXN4377,CUST022,Rebecca Mwangi,2026-07-06 14:28:00,5400,Deposit,Mobile
TXN4474,CUST073,Amina Njeri,2026-07-06 14:31:00,8900,Transfer,Agent
TXN4462,CUST067,Rebecca Wambui,2026-07-06 14:32:00,750,Deposit,Mobile
TXN4382,CUST025,Caroline Kimani,2026-07-06 14:35:00,12000,Withdrawal,ATM
TXN4387,CUST028,Nancy Achieng,2026-07-06 14:41:00,27500,Deposit,Branch
TXN4479,CUST076,Amina Hassan,2026-07-06 14:43:00,1800,Deposit,Agent
TXN4443,CUST059,David Achieng,2026-07-06 14:52:00,1800,Withdrawal,Mobile
TXN4419,CUST048,Rose Gathoni,2026-07-06 15:00:00,2300,Deposit,Branch
TXN4446,CUST061,Ann Chebet,2026-07-06 15:03:00,8900,Transfer,Agent
TXN4364,CUST008,Josephine Onyango,2026-07-06 15:10:00,22000,Withdrawal,ATM
TXN4488,CUST080,Mercy Omondi,2026-07-06 15:11:00,11200,Transfer,Mobile
TXN4423,CUST049,Susan Njoki,2026-07-06 15:12:00,5400,Deposit,ATM
TXN4472,CUST071,James Hassan,2026-07-06 15:22:00,1200,Transfer,Mobile
TXN4376,CUST022,Rebecca Mwangi,2026-07-06 15:25:00,6700,Withdrawal,ATM
TXN4434,CUST054,Paul Chebet,2026-07-06 15:34:00,5400,Transfer,ATM
TXN4359,CUST005,Sarah Otieno,2026-07-06 15:41:00,18300,Transfer,Mobile
TXN4391,CUST031,Susan Gathoni,2026-07-06 15:57:00,6700,Withdrawal,Branch
TXN4357,CUST002,Beatrice Otieno,2026-07-06 16:04:00,4200,Withdrawal,Agent
TXN4408,CUST042,Faith Hassan,2026-07-06 16:05:00,12000,Withdrawal,Mobile
TXN4442,CUST058,John Njeri,2026-07-06 16:07:00,9800,Deposit,ATM
TXN4394,CUST032,Susan Odhiambo,2026-07-06 16:15:00,34500,Transfer,Branch
TXN4374,CUST017,Grace Wafula,2026-07-06 16:24:00,1200,Transfer,Mobile
TXN4471,CUST071,James Hassan,2026-07-06 16:27:00,15600,Withdrawal,ATM
TXN4402,CUST040,John Omondi,2026-07-06 16:45:00,750,Withdrawal,Branch
TXN4386,CUST027,Anthony Otieno,2026-07-06 16:49:00,18300,Withdrawal,Agent
TXN4400,CUST039,Charles Njoki,2026-07-06 16:52:00,18300,Transfer,ATM
TXN4444,CUST059,David Achieng,2026-07-06 16:58:00,27500,Deposit,Agent
TXN4461,CUST066,Mercy Onyango,2026-07-06 17:03:00,8900,Withdrawal,Agent
TXN4372,CUST014,David Gathoni,2026-07-06 17:07:00,12000,Transfer,Agent
TXN4399,CUST038,Eric Kiptoo,2026-07-06 17:16:00,4200,Transfer,Mobile
TXN4457,CUST065,Rebecca Wambui,2026-07-06 17:17:00,15600,Deposit,Mobile
TXN4422,CUST049,Susan Njoki,2026-07-06 17:19:00,3400,Withdrawal,ATM
TXN4449,CUST062,Beatrice Njeri,2026-07-06 17:21:00,6700,Transfer,Agent
TXN4383,CUST025,Caroline Kimani,2026-07-06 17:36:00,750,Withdrawal,ATM
TXN4384,CUST025,Caroline Kimani,2026-07-06 17:55:00,1200,Transfer,Agent
TXN4360,CUST006,Francis Achieng,2026-07-06 17:56:00,6700,Withdrawal,Mobile
TXN4448,CUST061,Ann Chebet,2026-07-06 18:14:00,9800,Deposit,Branch
TXN4367,CUST010,Peter Wafula,2026-07-06 18:17:00,8900,Deposit,Mobile
TXN4477,CUST074,Sarah Mwangi,2026-07-06 18:33:00,500,Transfer,Mobile
TXN4415,CUST047,Dennis Kilonzo,2026-07-06 18:39:00,6700,Deposit,Agent
TXN4397,CUST036,Diana Omondi,2026-07-06 18:47:00,1200,Withdrawal,Agent
TXN4480,CUST077,Victor Wafula,2026-07-06 19:10:00,27500,Transfer,Mobile
TXN4436,CUST055,Dennis Wanjiru,2026-07-06 19:17:00,18300,Withdrawal,Branch
TXN4460,CUST066,Mercy Onyango,2026-07-06 19:19:00,1800,Transfer,Mobile
TXN4484,CUST079,Anthony Nyambura,2026-07-06 19:22:00,2300,Withdrawal,Mobile
TXN4378,CUST022,Rebecca Mwangi,2026-07-06 19:25:00,8900,Transfer,Branch
TXN4467,CUST070,Samuel Njoki,2026-07-06 19:25:00,500,Deposit,Agent
TXN4452,CUST063,Peter Mwangi,2026-07-06 19:26:00,11200,Deposit,Mobile
TXN4416,CUST047,Dennis Kilonzo,2026-07-06 19:27:00,15600,Deposit,Agent
TXN4405,CUST041,Victor Mwangi,2026-07-06 19:32:00,6700,Deposit,Branch
TXN4478,CUST075,Kevin Kiptoo,2026-07-06 19:34:00,41000,Deposit,ATM
TXN4407,CUST042,Faith Hassan,2026-07-06 19:47:00,12000,Withdrawal,Branch
TXN4440,CUST058,John Njeri,2026-07-06 19:54:00,27500,Transfer,Agent
TXN4455,CUST064,Eric Chebet,2026-07-06 20:00:00,12000,Deposit,ATM
TXN4368,CUST011,Josephine Otieno,2026-07-06 20:02:00,27500,Transfer,Mobile
TXN4380,CUST024,Anthony Achieng,2026-07-06 20:05:00,11200,Withdrawal,ATM
TXN4485,CUST079,Anthony Nyambura,2026-07-06 20:12:00,34500,Deposit,ATM
TXN4454,CUST064,Eric Chebet,2026-07-06 20:16:00,3400,Transfer,Agent
TXN4482,CUST077,Victor Wafula,2026-07-06 20:19:00,4200,Deposit,Mobile
TXN4470,CUST071,James Hassan,2026-07-06 20:40:00,27500,Transfer,Mobile
TXN4432,CUST054,Paul Chebet,2026-07-06 20:45:00,4200,Deposit,Agent
TXN4473,CUST072,Joyce Kariuki,2026-07-06 20:51:00,34500,Deposit,ATM
TXN5738,CUST071,James Hassan,2026-07-07 07:00:00,1000000,Transfer,Branch
TXN4619,CUST068,Victor Odhiambo,2026-07-07 07:01:00,27500,Transfer,ATM
TXN4522,CUST020,Kennedy Kimani,2026-07-07 07:05:00,18300,Withdrawal,Branch
TXN4534,CUST023,Lucy Gathoni,2026-07-07 07:27:00,4200,Withdrawal,ATM
TXN4620,CUST068,Victor Odhiambo,2026-07-07 07:28:00,1800,Deposit,Branch
TXN4582,CUST047,Dennis Kilonzo,2026-07-07 07:36:00,34500,Withdrawal,Branch
TXN4581,CUST045,Rebecca Gathoni,2026-07-07 07:45:00,750,Transfer,Agent
TXN4614,CUST066,Mercy Onyango,2026-07-07 08:11:00,22000,Withdrawal,Mobile
TXN4511,CUST011,Josephine Otieno,2026-07-07 08:15:00,4200,Withdrawal,ATM
TXN4536,CUST023,Lucy Gathoni,2026-07-07 08:20:00,6700,Transfer,Mobile
TXN4626,CUST070,Samuel Njoki,2026-07-07 08:29:00,11200,Transfer,Agent
TXN4592,CUST050,Peter Wambui,2026-07-07 08:32:00,11200,Transfer,Branch
TXN4537,CUST024,Anthony Achieng,2026-07-07 08:37:00,8900,Transfer,Agent
TXN4562,CUST036,Diana Omondi,2026-07-07 08:46:00,22000,Transfer,Mobile
TXN4532,CUST022,Rebecca Mwangi,2026-07-07 08:49:00,2300,Deposit,ATM
TXN4646,CUST079,Anthony Nyambura,2026-07-07 09:09:00,3400,Deposit,Mobile
TXN4574,CUST041,Victor Mwangi,2026-07-07 09:16:00,4200,Deposit,Agent
TXN4577,CUST042,Faith Hassan,2026-07-07 09:28:00,1800,Withdrawal,Agent
TXN4586,CUST048,Rose Gathoni,2026-07-07 09:34:00,6700,Withdrawal,Branch
TXN4542,CUST027,Anthony Otieno,2026-07-07 09:35:00,1200,Withdrawal,Branch
TXN4628,CUST071,James Hassan,2026-07-07 09:43:00,1800,Withdrawal,ATM
TXN4603,CUST057,Ruth Kilonzo,2026-07-07 09:47:00,3400,Withdrawal,Mobile
TXN4546,CUST029,Rose Wafula,2026-07-07 09:49:00,18300,Withdrawal,Branch
TXN4629,CUST071,James Hassan,2026-07-07 09:52:00,18300,Deposit,ATM
TXN4573,CUST041,Victor Mwangi,2026-07-07 10:01:00,500,Deposit,ATM
TXN4493,CUST001,George Hassan,2026-07-07 10:03:00,3400,Transfer,Agent
TXN4584,CUST047,Dennis Kilonzo,2026-07-07 10:09:00,500,Transfer,Branch
TXN4591,CUST050,Peter Wambui,2026-07-07 10:09:00,34500,Withdrawal,ATM
TXN4610,CUST065,Rebecca Wambui,2026-07-07 10:16:00,41000,Deposit,ATM
TXN4521,CUST020,Kennedy Kimani,2026-07-07 10:20:00,34500,Deposit,Branch
TXN4565,CUST038,Eric Kiptoo,2026-07-07 10:20:00,27500,Deposit,ATM
TXN4611,CUST065,Rebecca Wambui,2026-07-07 10:20:00,34500,Withdrawal,Branch
TXN4529,CUST022,Rebecca Mwangi,2026-07-07 10:21:00,15600,Transfer,Mobile
TXN4596,CUST054,Paul Chebet,2026-07-07 10:24:00,1200,Deposit,Branch
TXN4615,CUST066,Mercy Onyango,2026-07-07 10:27:00,3400,Transfer,Branch
TXN4636,CUST075,Kevin Kiptoo,2026-07-07 10:33:00,11200,Transfer,Branch
TXN4520,CUST019,Victor Hassan,2026-07-07 10:41:00,11200,Withdrawal,Branch
TXN4498,CUST003,Fatuma Wafula,2026-07-07 10:43:00,41000,Deposit,Branch
TXN4558,CUST034,James Kariuki,2026-07-07 10:44:00,11200,Withdrawal,Branch
TXN4556,CUST033,Diana Kariuki,2026-07-07 10:48:00,9800,Transfer,Agent
TXN4539,CUST025,Caroline Kimani,2026-07-07 10:59:00,8900,Withdrawal,Branch
TXN4512,CUST011,Josephine Otieno,2026-07-07 11:00:00,12000,Withdrawal,Branch
TXN4525,CUST021,Anthony Kiptoo,2026-07-07 11:11:00,6700,Withdrawal,Agent
TXN4544,CUST027,Anthony Otieno,2026-07-07 11:12:00,5400,Withdrawal,ATM
TXN4594,CUST052,David Kiptoo,2026-07-07 11:12:00,1200,Transfer,Mobile
TXN4644,CUST078,Caroline Kilonzo,2026-07-07 11:18:00,8900,Withdrawal,ATM
TXN4609,CUST065,Rebecca Wambui,2026-07-07 11:20:00,8900,Transfer,Mobile
TXN4598,CUST054,Paul Chebet,2026-07-07 11:21:00,34500,Transfer,Branch
TXN4528,CUST021,Anthony Kiptoo,2026-07-07 11:22:00,500,Transfer,Agent
TXN4549,CUST029,Rose Wafula,2026-07-07 11:23:00,8900,Transfer,Mobile
TXN4504,CUST008,Josephine Onyango,2026-07-07 11:29:00,1800,Withdrawal,Branch
TXN4535,CUST023,Lucy Gathoni,2026-07-07 11:42:00,1200,Transfer,ATM
TXN4494,CUST002,Beatrice Otieno,2026-07-07 11:43:00,12000,Withdrawal,Agent
TXN4630,CUST072,Joyce Kariuki,2026-07-07 11:51:00,2300,Withdrawal,Mobile
TXN5739,CUST071,James Hassan,2026-07-07 12:00:00,100000,Transfer,Branch
TXN4515,CUST017,Grace Wafula,2026-07-07 12:08:00,18300,Withdrawal,Branch
TXN4631,CUST073,Amina Njeri,2026-07-07 12:10:00,6700,Transfer,ATM
TXN4555,CUST032,Susan Odhiambo,2026-07-07 12:17:00,1800,Transfer,ATM
TXN4518,CUST018,Mercy Kiptoo,2026-07-07 12:22:00,2300,Deposit,Agent
TXN4616,CUST067,Rebecca Wambui,2026-07-07 12:22:00,750,Transfer,Agent
TXN4580,CUST043,Rose Onyango,2026-07-07 12:23:00,1800,Deposit,Mobile
TXN4618,CUST067,Rebecca Wambui,2026-07-07 12:28:00,8900,Transfer,Agent
TXN4605,CUST059,David Achieng,2026-07-07 12:32:00,1200,Deposit,ATM
TXN4575,CUST042,Faith Hassan,2026-07-07 12:33:00,27500,Deposit,ATM
TXN4613,CUST066,Mercy Onyango,2026-07-07 12:33:00,22000,Withdrawal,Branch
TXN4649,CUST080,Mercy Omondi,2026-07-07 12:33:00,4200,Transfer,Branch
TXN4642,CUST077,Victor Wafula,2026-07-07 12:37:00,1800,Withdrawal,ATM
TXN4499,CUST003,Fatuma Wafula,2026-07-07 12:55:00,500,Transfer,Agent
TXN4510,CUST011,Josephine Otieno,2026-07-07 13:11:00,2300,Transfer,ATM
TXN4570,CUST040,John Omondi,2026-07-07 13:21:00,12000,Transfer,ATM
TXN4497,CUST002,Beatrice Otieno,2026-07-07 13:22:00,1800,Withdrawal,Agent
TXN4501,CUST006,Francis Achieng,2026-07-07 13:22:00,34500,Transfer,ATM
TXN4550,CUST030,Josephine Nyambura,2026-07-07 13:23:00,5400,Withdrawal,Branch
TXN4492,CUST001,George Hassan,2026-07-07 13:27:00,34500,Withdrawal,Agent
TXN4622,CUST069,Moses Kariuki,2026-07-07 13:28:00,5400,Withdrawal,Mobile
TXN4602,CUST057,Ruth Kilonzo,2026-07-07 13:30:00,22000,Deposit,Branch
TXN4632,CUST073,Amina Njeri,2026-07-07 13:31:00,500,Deposit,Branch
TXN4576,CUST042,Faith Hassan,2026-07-07 13:40:00,4200,Transfer,Agent
TXN4593,CUST052,David Kiptoo,2026-07-07 13:40:00,41000,Transfer,Agent
TXN4624,CUST069,Moses Kariuki,2026-07-07 13:42:00,11200,Transfer,Mobile
TXN4533,CUST023,Lucy Gathoni,2026-07-07 13:47:00,1800,Withdrawal,Mobile
TXN4541,CUST026,Rebecca Njoki,2026-07-07 13:49:00,750,Withdrawal,Agent
TXN4509,CUST010,Peter Wafula,2026-07-07 13:52:00,1200,Deposit,ATM
TXN4637,CUST075,Kevin Kiptoo,2026-07-07 13:52:00,18300,Withdrawal,Agent
TXN4559,CUST034,James Kariuki,2026-07-07 13:54:00,11200,Deposit,Branch
TXN4647,CUST079,Anthony Nyambura,2026-07-07 13:56:00,12000,Transfer,Agent
TXN4604,CUST057,Ruth Kilonzo,2026-07-07 13:57:00,3400,Withdrawal,Branch
TXN4553,CUST031,Susan Gathoni,2026-07-07 13:59:00,5400,Withdrawal,ATM
TXN4590,CUST049,Susan Njoki,2026-07-07 14:11:00,8900,Deposit,Mobile
TXN4505,CUST008,Josephine Onyango,2026-07-07 14:13:00,3400,Deposit,Mobile
TXN4600,CUST055,Dennis Wanjiru,2026-07-07 14:14:00,12000,Withdrawal,Agent
TXN4561,CUST036,Diana Omondi,2026-07-07 14:29:00,2300,Withdrawal,Mobile
TXN4571,CUST040,John Omondi,2026-07-07 14:29:00,4200,Withdrawal,Branch
TXN4548,CUST029,Rose Wafula,2026-07-07 14:37:00,27500,Deposit,Mobile
TXN4633,CUST074,Sarah Mwangi,2026-07-07 14:40:00,4200,Deposit,Branch
TXN4569,CUST039,Charles Njoki,2026-07-07 14:51:00,4200,Withdrawal,Mobile
TXN4502,CUST008,Josephine Onyango,2026-07-07 14:53:00,2300,Transfer,Agent
TXN4554,CUST031,Susan Gathoni,2026-07-07 14:58:00,750,Withdrawal,ATM
TXN4588,CUST049,Susan Njoki,2026-07-07 15:00:00,15600,Deposit,ATM
TXN4583,CUST047,Dennis Kilonzo,2026-07-07 15:01:00,12000,Withdrawal,ATM
TXN4524,CUST020,Kennedy Kimani,2026-07-07 15:06:00,3400,Deposit,Mobile
TXN4585,CUST048,Rose Gathoni,2026-07-07 15:14:00,41000,Withdrawal,Mobile
TXN4572,CUST041,Victor Mwangi,2026-07-07 15:20:00,750,Deposit,Branch
TXN4621,CUST069,Moses Kariuki,2026-07-07 15:33:00,3400,Withdrawal,ATM
TXN4530,CUST022,Rebecca Mwangi,2026-07-07 15:34:00,9800,Transfer,Agent
TXN4495,CUST002,Beatrice Otieno,2026-07-07 15:48:00,5400,Withdrawal,Agent
TXN4543,CUST027,Anthony Otieno,2026-07-07 15:51:00,34500,Deposit,Agent
TXN4612,CUST065,Rebecca Wambui,2026-07-07 15:56:00,27500,Deposit,ATM
TXN4635,CUST075,Kevin Kiptoo,2026-07-07 15:56:00,18300,Withdrawal,Agent
TXN4568,CUST039,Charles Njoki,2026-07-07 16:00:00,6700,Transfer,Mobile
TXN4639,CUST076,Amina Hassan,2026-07-07 16:00:00,9800,Transfer,Agent
TXN4503,CUST008,Josephine Onyango,2026-07-07 16:05:00,18300,Withdrawal,Branch
TXN4579,CUST043,Rose Onyango,2026-07-07 16:08:00,3400,Deposit,Mobile
TXN4563,CUST037,Rose Nyambura,2026-07-07 16:12:00,3400,Transfer,Mobile
TXN4627,CUST070,Samuel Njoki,2026-07-07 16:16:00,12000,Withdrawal,Branch
TXN4519,CUST018,Mercy Kiptoo,2026-07-07 16:44:00,3400,Transfer,Branch
TXN4513,CUST011,Josephine Otieno,2026-07-07 16:47:00,3400,Deposit,Branch
TXN4567,CUST038,Eric Kiptoo,2026-07-07 16:59:00,3400,Withdrawal,Mobile
TXN5740,CUST071,James Hassan,2026-07-07 17:00:00,100000,Transfer,Branch
TXN4595,CUST052,David Kiptoo,2026-07-07 17:01:00,6700,Deposit,Branch
TXN4557,CUST033,Diana Kariuki,2026-07-07 17:07:00,2300,Transfer,Branch
TXN4641,CUST077,Victor Wafula,2026-07-07 17:11:00,4200,Transfer,ATM
TXN4491,CUST001,George Hassan,2026-07-07 17:12:00,1800,Withdrawal,Agent
TXN4500,CUST003,Fatuma Wafula,2026-07-07 17:12:00,5400,Transfer,ATM
TXN4552,CUST031,Susan Gathoni,2026-07-07 17:20:00,750,Withdrawal,Agent
TXN4514,CUST016,David Kariuki,2026-07-07 17:24:00,1800,Deposit,Agent
TXN4508,CUST010,Peter Wafula,2026-07-07 17:27:00,1200,Deposit,Agent
TXN4506,CUST009,Fatuma Kariuki,2026-07-07 17:28:00,1800,Transfer,Branch
TXN4608,CUST064,Eric Chebet,2026-07-07 17:35:00,1800,Transfer,Agent
TXN4560,CUST034,James Kariuki,2026-07-07 17:37:00,34500,Deposit,ATM
TXN4623,CUST069,Moses Kariuki,2026-07-07 17:38:00,3400,Transfer,ATM
TXN4540,CUST025,Caroline Kimani,2026-07-07 17:55:00,18300,Withdrawal,Mobile
TXN4634,CUST075,Kevin Kiptoo,2026-07-07 17:58:00,1200,Deposit,Branch
TXN4545,CUST027,Anthony Otieno,2026-07-07 18:00:00,750,Withdrawal,ATM
TXN4599,CUST054,Paul Chebet,2026-07-07 18:08:00,27500,Deposit,Mobile
TXN4538,CUST024,Anthony Achieng,2026-07-07 18:15:00,4200,Deposit,Agent
TXN4496,CUST002,Beatrice Otieno,2026-07-07 18:17:00,8900,Withdrawal,Agent
TXN4589,CUST049,Susan Njoki,2026-07-07 18:28:00,15600,Withdrawal,Branch
TXN4547,CUST029,Rose Wafula,2026-07-07 18:29:00,6700,Withdrawal,Branch
TXN4606,CUST062,Beatrice Njeri,2026-07-07 18:30:00,12000,Deposit,ATM
TXN4645,CUST079,Anthony Nyambura,2026-07-07 18:30:00,41000,Deposit,Agent
TXN4587,CUST048,Rose Gathoni,2026-07-07 18:33:00,34500,Deposit,Agent
TXN4578,CUST042,Faith Hassan,2026-07-07 18:36:00,15600,Deposit,Mobile
TXN4643,CUST077,Victor Wafula,2026-07-07 18:51:00,15600,Deposit,Mobile
TXN4648,CUST080,Mercy Omondi,2026-07-07 19:00:00,15600,Deposit,Agent
TXN4564,CUST037,Rose Nyambura,2026-07-07 19:06:00,4200,Withdrawal,Agent
TXN4597,CUST054,Paul Chebet,2026-07-07 19:06:00,12000,Transfer,Mobile
TXN4526,CUST021,Anthony Kiptoo,2026-07-07 19:15:00,8900,Deposit,Branch
TXN4638,CUST076,Amina Hassan,2026-07-07 19:21:00,8900,Transfer,Branch
TXN4527,CUST021,Anthony Kiptoo,2026-07-07 19:22:00,18300,Transfer,Agent
TXN4516,CUST017,Grace Wafula,2026-07-07 19:24:00,34500,Transfer,ATM
TXN4566,CUST038,Eric Kiptoo,2026-07-07 19:34:00,41000,Deposit,Branch
TXN4617,CUST067,Rebecca Wambui,2026-07-07 19:40:00,27500,Deposit,Mobile
TXN4517,CUST017,Grace Wafula,2026-07-07 19:48:00,500,Deposit,Branch
TXN4551,CUST030,Josephine Nyambura,2026-07-07 19:49:00,5400,Withdrawal,Mobile
TXN4640,CUST077,Victor Wafula,2026-07-07 19:56:00,750,Deposit,Mobile
TXN4601,CUST057,Ruth Kilonzo,2026-07-07 20:11:00,2300,Transfer,Branch
TXN4523,CUST020,Kennedy Kimani,2026-07-07 20:13:00,1800,Withdrawal,Mobile
TXN4531,CUST022,Rebecca Mwangi,2026-07-07 20:27:00,1200,Transfer,Mobile
TXN4507,CUST010,Peter Wafula,2026-07-07 20:41:00,11200,Withdrawal,Mobile
TXN4607,CUST064,Eric Chebet,2026-07-07 20:41:00,41000,Transfer,ATM
TXN4625,CUST070,Samuel Njoki,2026-07-07 20:46:00,500,Withdrawal,Mobile
TXN5741,CUST071,James Hassan,2026-07-07 22:00:00,100000,Transfer,Branch
TXN5742,CUST071,James Hassan,2026-07-08 03:00:00,500000,Transfer,Branch
TXN4752,CUST056,Susan Odhiambo,2026-07-08 07:04:00,41000,Withdrawal,Branch
TXN4774,CUST066,Mercy Onyango,2026-07-08 07:18:00,22000,Transfer,ATM
TXN4786,CUST071,James Hassan,2026-07-08 07:19:00,8900,Deposit,Mobile
TXN4794,CUST074,Sarah Mwangi,2026-07-08 07:19:00,22000,Deposit,ATM
TXN4703,CUST029,Rose Wafula,2026-07-08 07:22:00,41000,Deposit,Mobile
TXN4768,CUST061,Ann Chebet,2026-07-08 07:25:00,1800,Withdrawal,Agent
TXN4687,CUST018,Mercy Kiptoo,2026-07-08 07:39:00,9800,Deposit,ATM
TXN4770,CUST064,Eric Chebet,2026-07-08 07:40:00,41000,Deposit,Branch
TXN4761,CUST059,David Achieng,2026-07-08 07:47:00,34500,Withdrawal,Branch
TXN4764,CUST060,Paul Hassan,2026-07-08 07:50:00,1800,Transfer,Agent
TXN4725,CUST043,Rose Onyango,2026-07-08 07:52:00,22000,Deposit,Agent
TXN4711,CUST036,Diana Omondi,2026-07-08 07:53:00,18300,Withdrawal,Agent
TXN4790,CUST072,Joyce Kariuki,2026-07-08 07:53:00,4200,Withdrawal,Branch
TXN4743,CUST054,Paul Chebet,2026-07-08 07:58:00,27500,Deposit,Mobile
TXN4729,CUST046,George Nyambura,2026-07-08 08:01:00,27500,Deposit,Mobile
TXN4789,CUST072,Joyce Kariuki,2026-07-08 08:07:00,27500,Transfer,ATM
TXN4778,CUST067,Rebecca Wambui,2026-07-08 08:20:00,3400,Transfer,ATM
TXN4785,CUST069,Moses Kariuki,2026-07-08 08:24:00,41000,Transfer,Agent
TXN4735,CUST049,Susan Njoki,2026-07-08 08:26:00,2300,Withdrawal,Branch
TXN4747,CUST055,Dennis Wanjiru,2026-07-08 08:27:00,1200,Transfer,Agent
TXN4662,CUST004,Lucy Odhiambo,2026-07-08 08:33:00,750,Withdrawal,Mobile
TXN4661,CUST004,Lucy Odhiambo,2026-07-08 08:50:00,500,Transfer,Mobile
TXN4685,CUST017,Grace Wafula,2026-07-08 08:51:00,18300,Transfer,ATM
TXN4802,CUST079,Anthony Nyambura,2026-07-08 08:51:00,500,Transfer,ATM
TXN4673,CUST010,Peter Wafula,2026-07-08 09:08:00,4200,Transfer,Agent
TXN4672,CUST009,Fatuma Kariuki,2026-07-08 09:11:00,6700,Transfer,Agent
TXN4726,CUST044,Grace Njoki,2026-07-08 09:16:00,4200,Deposit,Mobile
TXN4757,CUST058,John Njeri,2026-07-08 09:19:00,18300,Deposit,Mobile
TXN4736,CUST050,Peter Wambui,2026-07-08 09:20:00,15600,Withdrawal,Agent
TXN4801,CUST079,Anthony Nyambura,2026-07-08 09:31:00,34500,Withdrawal,Agent
TXN4694,CUST023,Lucy Gathoni,2026-07-08 09:36:00,3400,Transfer,ATM
TXN4732,CUST048,Rose Gathoni,2026-07-08 09:41:00,22000,Transfer,ATM
TXN4741,CUST051,Daniel Njoki,2026-07-08 09:49:00,11200,Transfer,Branch
TXN4784,CUST068,Victor Odhiambo,2026-07-08 09:49:00,22000,Withdrawal,ATM
TXN4704,CUST029,Rose Wafula,2026-07-08 09:51:00,750,Withdrawal,ATM
TXN4683,CUST014,David Gathoni,2026-07-08 09:56:00,5400,Deposit,Agent
TXN4795,CUST077,Victor Wafula,2026-07-08 09:59:00,15600,Deposit,ATM
TXN4767,CUST061,Ann Chebet,2026-07-08 10:04:00,4200,Transfer,Mobile
TXN4719,CUST040,John Omondi,2026-07-08 10:11:00,6700,Transfer,Mobile
TXN4707,CUST033,Diana Kariuki,2026-07-08 10:17:00,1200,Withdrawal,ATM
TXN4765,CUST060,Paul Hassan,2026-07-08 10:17:00,12000,Deposit,Branch
TXN4754,CUST056,Susan Odhiambo,2026-07-08 10:24:00,41000,Withdrawal,ATM
TXN4680,CUST013,Joyce Gathoni,2026-07-08 10:29:00,22000,Transfer,Mobile
TXN4706,CUST030,Josephine Nyambura,2026-07-08 10:35:00,3400,Deposit,ATM
TXN4724,CUST042,Faith Hassan,2026-07-08 10:37:00,9800,Transfer,Branch
TXN4779,CUST067,Rebecca Wambui,2026-07-08 10:47:00,3400,Transfer,Mobile
TXN4691,CUST022,Rebecca Mwangi,2026-07-08 10:52:00,1200,Withdrawal,ATM
TXN4792,CUST073,Amina Njeri,2026-07-08 10:56:00,12000,Deposit,Mobile
TXN4748,CUST055,Dennis Wanjiru,2026-07-08 10:59:00,11200,Transfer,Branch
TXN4665,CUST007,Grace Njoki,2026-07-08 11:02:00,11200,Withdrawal,Branch
TXN4803,CUST079,Anthony Nyambura,2026-07-08 11:05:00,500,Transfer,Branch
TXN4716,CUST038,Eric Kiptoo,2026-07-08 11:12:00,6700,Deposit,Branch
TXN4677,CUST011,Josephine Otieno,2026-07-08 11:17:00,41000,Deposit,Mobile
TXN4759,CUST059,David Achieng,2026-07-08 11:25:00,22000,Deposit,ATM
TXN4775,CUST066,Mercy Onyango,2026-07-08 11:37:00,34500,Deposit,ATM
TXN4758,CUST058,John Njeri,2026-07-08 12:06:00,18300,Withdrawal,Branch
TXN4787,CUST072,Joyce Kariuki,2026-07-08 12:08:00,1200,Transfer,Mobile
TXN4798,CUST078,Caroline Kilonzo,2026-07-08 12:13:00,500,Withdrawal,Branch
TXN4728,CUST046,George Nyambura,2026-07-08 12:17:00,4200,Transfer,Branch
TXN4760,CUST059,David Achieng,2026-07-08 12:17:00,15600,Deposit,Branch
TXN4763,CUST060,Paul Hassan,2026-07-08 12:19:00,500,Withdrawal,ATM
TXN4712,CUST036,Diana Omondi,2026-07-08 12:22:00,9800,Transfer,Branch
TXN4750,CUST055,Dennis Wanjiru,2026-07-08 12:23:00,12000,Withdrawal,Branch
TXN4693,CUST022,Rebecca Mwangi,2026-07-08 12:31:00,5400,Deposit,Mobile
TXN4664,CUST005,Sarah Otieno,2026-07-08 12:41:00,11200,Transfer,ATM
TXN4714,CUST037,Rose Nyambura,2026-07-08 12:41:00,12000,Transfer,Mobile
TXN4799,CUST078,Caroline Kilonzo,2026-07-08 12:51:00,8900,Transfer,ATM
TXN4715,CUST038,Eric Kiptoo,2026-07-08 13:06:00,41000,Transfer,Agent
TXN4772,CUST065,Rebecca Wambui,2026-07-08 13:06:00,22000,Withdrawal,ATM
TXN4746,CUST054,Paul Chebet,2026-07-08 13:10:00,11200,Withdrawal,Agent
TXN4710,CUST034,James Kariuki,2026-07-08 13:11:00,1200,Withdrawal,ATM
TXN4659,CUST003,Fatuma Wafula,2026-07-08 13:19:00,1200,Transfer,Agent
TXN4738,CUST051,Daniel Njoki,2026-07-08 13:20:00,22000,Transfer,Branch
TXN4686,CUST017,Grace Wafula,2026-07-08 13:23:00,11200,Transfer,Mobile
TXN4749,CUST055,Dennis Wanjiru,2026-07-08 13:34:00,41000,Transfer,Agent
TXN4692,CUST022,Rebecca Mwangi,2026-07-08 13:45:00,6700,Withdrawal,Agent
TXN4733,CUST048,Rose Gathoni,2026-07-08 13:50:00,15600,Transfer,Mobile
TXN4788,CUST072,Joyce Kariuki,2026-07-08 13:51:00,9800,Withdrawal,Branch
TXN4776,CUST066,Mercy Onyango,2026-07-08 14:00:00,22000,Transfer,Branch
TXN4723,CUST042,Faith Hassan,2026-07-08 14:03:00,4200,Transfer,ATM
TXN4766,CUST060,Paul Hassan,2026-07-08 14:17:00,6700,Deposit,Branch
TXN4773,CUST065,Rebecca Wambui,2026-07-08 14:19:00,9800,Transfer,Branch
TXN4805,CUST080,Mercy Omondi,2026-07-08 14:34:00,12000,Transfer,Branch
TXN4679,CUST012,Anthony Kimani,2026-07-08 14:38:00,41000,Withdrawal,ATM
TXN4695,CUST023,Lucy Gathoni,2026-07-08 14:52:00,2300,Withdrawal,Agent
TXN4699,CUST027,Anthony Otieno,2026-07-08 14:57:00,11200,Withdrawal,ATM
TXN4663,CUST005,Sarah Otieno,2026-07-08 15:03:00,4200,Deposit,Agent
TXN4709,CUST033,Diana Kariuki,2026-07-08 15:09:00,2300,Transfer,Branch
TXN4797,CUST077,Victor Wafula,2026-07-08 15:11:00,4200,Withdrawal,Agent
TXN4652,CUST001,George Hassan,2026-07-08 15:13:00,6700,Transfer,Mobile
TXN4654,CUST002,Beatrice Otieno,2026-07-08 15:21:00,8900,Transfer,Agent
TXN4762,CUST059,David Achieng,2026-07-08 15:22:00,12000,Transfer,ATM
TXN4782,CUST068,Victor Odhiambo,2026-07-08 15:22:00,15600,Transfer,Mobile
TXN4793,CUST073,Amina Njeri,2026-07-08 15:23:00,12000,Withdrawal,ATM
TXN4666,CUST007,Grace Njoki,2026-07-08 15:25:00,750,Withdrawal,ATM
TXN4713,CUST037,Rose Nyambura,2026-07-08 15:29:00,34500,Deposit,Branch
TXN4720,CUST040,John Omondi,2026-07-08 15:33:00,500,Withdrawal,Branch
TXN4739,CUST051,Daniel Njoki,2026-07-08 15:43:00,9800,Withdrawal,Mobile
TXN4697,CUST024,Anthony Achieng,2026-07-08 15:51:00,12000,Transfer,Mobile
TXN4769,CUST061,Ann Chebet,2026-07-08 15:52:00,22000,Deposit,Mobile
TXN4655,CUST002,Beatrice Otieno,2026-07-08 15:53:00,18300,Transfer,Agent
TXN4727,CUST044,Grace Njoki,2026-07-08 15:53:00,2300,Transfer,Branch
TXN4731,CUST048,Rose Gathoni,2026-07-08 16:19:00,8900,Withdrawal,Agent
TXN4777,CUST067,Rebecca Wambui,2026-07-08 16:26:00,6700,Deposit,Branch
TXN4751,CUST056,Susan Odhiambo,2026-07-08 16:29:00,12000,Transfer,Branch
TXN4717,CUST039,Charles Njoki,2026-07-08 16:32:00,3400,Transfer,Agent
TXN4756,CUST058,John Njeri,2026-07-08 16:32:00,41000,Deposit,Mobile
TXN4660,CUST004,Lucy Odhiambo,2026-07-08 16:33:00,15600,Deposit,Agent
TXN4800,CUST078,Caroline Kilonzo,2026-07-08 16:33:00,5400,Deposit,ATM
TXN4656,CUST003,Fatuma Wafula,2026-07-08 16:37:00,1800,Deposit,ATM
TXN4718,CUST039,Charles Njoki,2026-07-08 16:45:00,750,Withdrawal,Mobile
TXN4722,CUST041,Victor Mwangi,2026-07-08 16:45:00,34500,Withdrawal,ATM
TXN4745,CUST054,Paul Chebet,2026-07-08 16:45:00,27500,Transfer,Branch
TXN4780,CUST067,Rebecca Wambui,2026-07-08 16:49:00,3400,Withdrawal,Mobile
TXN4696,CUST024,Anthony Achieng,2026-07-08 16:58:00,11200,Deposit,ATM
TXN4667,CUST007,Grace Njoki,2026-07-08 17:07:00,11200,Withdrawal,Agent
TXN4700,CUST027,Anthony Otieno,2026-07-08 17:07:00,9800,Transfer,Branch
TXN4742,CUST052,David Kiptoo,2026-07-08 17:11:00,41000,Withdrawal,Mobile
TXN4708,CUST033,Diana Kariuki,2026-07-08 17:26:00,34500,Withdrawal,Branch
TXN4755,CUST057,Ruth Kilonzo,2026-07-08 17:38:00,18300,Deposit,Mobile
TXN4771,CUST065,Rebecca Wambui,2026-07-08 17:38:00,750,Withdrawal,ATM
TXN4668,CUST007,Grace Njoki,2026-07-08 17:40:00,8900,Deposit,Agent
TXN4783,CUST068,Victor Odhiambo,2026-07-08 17:49:00,3400,Deposit,Agent
TXN4744,CUST054,Paul Chebet,2026-07-08 17:56:00,3400,Deposit,Agent
TXN4698,CUST024,Anthony Achieng,2026-07-08 18:00:00,2300,Transfer,Agent
TXN4753,CUST056,Susan Odhiambo,2026-07-08 18:08:00,8900,Withdrawal,Mobile
TXN4651,CUST001,George Hassan,2026-07-08 18:15:00,11200,Withdrawal,Agent
TXN4734,CUST049,Susan Njoki,2026-07-08 18:19:00,15600,Withdrawal,Mobile
TXN4740,CUST051,Daniel Njoki,2026-07-08 18:20:00,5400,Deposit,Agent
TXN4682,CUST014,David Gathoni,2026-07-08 18:39:00,3400,Withdrawal,Mobile
TXN4681,CUST013,Joyce Gathoni,2026-07-08 18:43:00,8900,Transfer,Mobile
TXN4678,CUST012,Anthony Kimani,2026-07-08 18:51:00,5400,Deposit,ATM
TXN4701,CUST027,Anthony Otieno,2026-07-08 18:51:00,500,Withdrawal,Mobile
TXN4705,CUST030,Josephine Nyambura,2026-07-08 18:58:00,9800,Withdrawal,ATM
TXN4796,CUST077,Victor Wafula,2026-07-08 18:59:00,750,Withdrawal,Mobile
TXN4688,CUST018,Mercy Kiptoo,2026-07-08 19:04:00,5400,Transfer,Agent
TXN4737,CUST050,Peter Wambui,2026-07-08 19:14:00,15600,Deposit,ATM
TXN4781,CUST068,Victor Odhiambo,2026-07-08 19:14:00,5400,Transfer,Branch
TXN4684,CUST015,Sarah Chebet,2026-07-08 19:28:00,750,Withdrawal,Agent
TXN4653,CUST002,Beatrice Otieno,2026-07-08 19:33:00,27500,Transfer,ATM
TXN4676,CUST011,Josephine Otieno,2026-07-08 19:34:00,12000,Transfer,Branch
TXN4650,CUST001,George Hassan,2026-07-08 19:35:00,34500,Deposit,ATM
TXN4669,CUST008,Josephine Onyango,2026-07-08 19:41:00,8900,Transfer,ATM
TXN4702,CUST027,Anthony Otieno,2026-07-08 19:45:00,27500,Withdrawal,ATM
TXN4721,CUST040,John Omondi,2026-07-08 19:48:00,12000,Deposit,ATM
TXN4689,CUST018,Mercy Kiptoo,2026-07-08 19:50:00,34500,Transfer,Branch
TXN4730,CUST047,Dennis Kilonzo,2026-07-08 19:50:00,18300,Deposit,Agent
TXN4804,CUST079,Anthony Nyambura,2026-07-08 20:10:00,22000,Withdrawal,Branch
TXN4671,CUST009,Fatuma Kariuki,2026-07-08 20:13:00,15600,Deposit,Mobile
TXN4657,CUST003,Fatuma Wafula,2026-07-08 20:15:00,41000,Transfer,Mobile
TXN4675,CUST011,Josephine Otieno,2026-07-08 20:25:00,18300,Deposit,ATM
TXN4674,CUST011,Josephine Otieno,2026-07-08 20:36:00,750,Deposit,Branch
TXN4670,CUST008,Josephine Onyango,2026-07-08 20:40:00,34500,Transfer,Agent
TXN4690,CUST022,Rebecca Mwangi,2026-07-08 20:44:00,41000,Transfer,Mobile
TXN4658,CUST003,Fatuma Wafula,2026-07-08 20:51:00,22000,Deposit,Agent
TXN4791,CUST073,Amina Njeri,2026-07-08 20:52:00,41000,Transfer,Mobile
TXN4888,CUST047,Dennis Kilonzo,2026-07-09 07:08:00,34500,Withdrawal,ATM
TXN4912,CUST061,Ann Chebet,2026-07-09 07:12:00,15600,Deposit,Mobile
TXN4822,CUST009,Fatuma Kariuki,2026-07-09 07:17:00,27500,Withdrawal,Branch
TXN4933,CUST068,Victor Odhiambo,2026-07-09 07:19:00,8900,Deposit,Branch
TXN4825,CUST010,Peter Wafula,2026-07-09 07:22:00,6700,Withdrawal,ATM
TXN4873,CUST041,Victor Mwangi,2026-07-09 07:29:00,8900,Deposit,Mobile
TXN4923,CUST064,Eric Chebet,2026-07-09 07:29:00,5400,Withdrawal,Branch
TXN4939,CUST071,James Hassan,2026-07-09 07:30:00,15600,Withdrawal,Mobile
TXN4859,CUST027,Anthony Otieno,2026-07-09 07:31:00,15600,Withdrawal,Mobile
TXN4865,CUST037,Rose Nyambura,2026-07-09 07:31:00,8900,Deposit,Branch
TXN4926,CUST065,Rebecca Wambui,2026-07-09 07:33:00,8900,Transfer,Agent
TXN4856,CUST026,Rebecca Njoki,2026-07-09 07:34:00,500,Transfer,Mobile
TXN4905,CUST058,John Njeri,2026-07-09 07:34:00,1800,Withdrawal,Mobile
TXN4860,CUST030,Josephine Nyambura,2026-07-09 07:40:00,11200,Withdrawal,Branch
TXN4935,CUST070,Samuel Njoki,2026-07-09 07:47:00,750,Deposit,Mobile
TXN4869,CUST039,Charles Njoki,2026-07-09 07:53:00,27500,Transfer,Agent
TXN4900,CUST054,Paul Chebet,2026-07-09 07:54:00,6700,Deposit,ATM
TXN4916,CUST062,Beatrice Njeri,2026-07-09 08:11:00,750,Withdrawal,Mobile
TXN4886,CUST047,Dennis Kilonzo,2026-07-09 08:26:00,15600,Withdrawal,Agent
TXN4952,CUST080,Mercy Omondi,2026-07-09 08:44:00,18300,Transfer,Mobile
TXN4891,CUST049,Susan Njoki,2026-07-09 08:45:00,11200,Withdrawal,ATM
TXN4948,CUST076,Amina Hassan,2026-07-09 09:01:00,1200,Deposit,Agent
TXN4922,CUST064,Eric Chebet,2026-07-09 09:02:00,22000,Transfer,Agent
TXN4909,CUST059,David Achieng,2026-07-09 09:08:00,3400,Transfer,Branch
TXN4924,CUST064,Eric Chebet,2026-07-09 09:08:00,15600,Transfer,Agent
TXN4932,CUST068,Victor Odhiambo,2026-07-09 09:12:00,18300,Transfer,Mobile
TXN4882,CUST045,Rebecca Gathoni,2026-07-09 09:14:00,41000,Deposit,ATM
TXN4842,CUST021,Anthony Kiptoo,2026-07-09 09:26:00,41000,Transfer,Branch
TXN4904,CUST058,John Njeri,2026-07-09 09:26:00,6700,Deposit,ATM
TXN4951,CUST077,Victor Wafula,2026-07-09 09:32:00,22000,Transfer,Branch
TXN4811,CUST004,Lucy Odhiambo,2026-07-09 09:38:00,9800,Transfer,ATM
TXN4866,CUST037,Rose Nyambura,2026-07-09 09:40:00,1200,Transfer,Mobile
TXN4837,CUST017,Grace Wafula,2026-07-09 10:09:00,5400,Transfer,Mobile
TXN4853,CUST025,Caroline Kimani,2026-07-09 10:18:00,5400,Withdrawal,ATM
TXN4854,CUST026,Rebecca Njoki,2026-07-09 10:24:00,750,Transfer,Mobile
TXN4907,CUST059,David Achieng,2026-07-09 10:24:00,15600,Transfer,Mobile
TXN4941,CUST071,James Hassan,2026-07-09 10:28:00,22000,Transfer,Branch
TXN4915,CUST062,Beatrice Njeri,2026-07-09 10:29:00,6700,Transfer,Agent
TXN4887,CUST047,Dennis Kilonzo,2026-07-09 10:53:00,9800,Withdrawal,Branch
TXN4877,CUST043,Rose Onyango,2026-07-09 10:56:00,9800,Withdrawal,Agent
TXN4929,CUST066,Mercy Onyango,2026-07-09 11:14:00,18300,Deposit,ATM
TXN4880,CUST044,Grace Njoki,2026-07-09 11:15:00,15600,Transfer,Mobile
TXN4861,CUST031,Susan Gathoni,2026-07-09 11:17:00,18300,Withdrawal,Agent
TXN4911,CUST060,Paul Hassan,2026-07-09 11:20:00,3400,Withdrawal,Agent
TXN4810,CUST003,Fatuma Wafula,2026-07-09 11:24:00,15600,Transfer,Branch
TXN4858,CUST027,Anthony Otieno,2026-07-09 11:24:00,5400,Withdrawal,Branch
TXN4934,CUST068,Victor Odhiambo,2026-07-09 11:30:00,34500,Withdrawal,Branch
TXN4835,CUST017,Grace Wafula,2026-07-09 11:31:00,34500,Withdrawal,Mobile
TXN4878,CUST043,Rose Onyango,2026-07-09 11:31:00,12000,Withdrawal,ATM
TXN4817,CUST008,Josephine Onyango,2026-07-09 11:33:00,1800,Transfer,Agent
TXN4931,CUST067,Rebecca Wambui,2026-07-09 11:36:00,750,Deposit,Agent
TXN4857,CUST027,Anthony Otieno,2026-07-09 11:38:00,8900,Withdrawal,ATM
TXN4914,CUST062,Beatrice Njeri,2026-07-09 11:49:00,4200,Withdrawal,Branch
TXN4815,CUST008,Josephine Onyango,2026-07-09 12:10:00,8900,Deposit,Agent
TXN4812,CUST005,Sarah Otieno,2026-07-09 12:12:00,1200,Withdrawal,Mobile
TXN4910,CUST059,David Achieng,2026-07-09 12:21:00,15600,Transfer,Branch
TXN4946,CUST075,Kevin Kiptoo,2026-07-09 12:25:00,6700,Withdrawal,Agent
TXN4897,CUST052,David Kiptoo,2026-07-09 12:28:00,9800,Withdrawal,Mobile
TXN4848,CUST024,Anthony Achieng,2026-07-09 12:31:00,22000,Withdrawal,ATM
TXN4838,CUST017,Grace Wafula,2026-07-09 12:34:00,11200,Withdrawal,Agent
TXN4808,CUST003,Fatuma Wafula,2026-07-09 12:40:00,2300,Deposit,ATM
TXN4872,CUST041,Victor Mwangi,2026-07-09 12:41:00,3400,Withdrawal,Branch
TXN4851,CUST025,Caroline Kimani,2026-07-09 12:47:00,3400,Deposit,Agent
TXN4868,CUST038,Eric Kiptoo,2026-07-09 12:54:00,11200,Withdrawal,Branch
TXN4947,CUST075,Kevin Kiptoo,2026-07-09 12:57:00,500,Withdrawal,ATM
TXN4849,CUST024,Anthony Achieng,2026-07-09 13:22:00,8900,Deposit,Branch
TXN4831,CUST016,David Kariuki,2026-07-09 13:26:00,5400,Deposit,Agent
TXN4876,CUST043,Rose Onyango,2026-07-09 13:33:00,3400,Deposit,ATM
TXN4820,CUST009,Fatuma Kariuki,2026-07-09 13:38:00,11200,Deposit,Mobile
TXN4821,CUST009,Fatuma Kariuki,2026-07-09 13:44:00,4200,Transfer,Branch
TXN4841,CUST021,Anthony Kiptoo,2026-07-09 13:57:00,22000,Transfer,Branch
TXN4899,CUST054,Paul Chebet,2026-07-09 13:57:00,500,Transfer,ATM
TXN4930,CUST066,Mercy Onyango,2026-07-09 14:00:00,18300,Deposit,ATM
TXN4925,CUST065,Rebecca Wambui,2026-07-09 14:07:00,11200,Deposit,Branch
TXN4867,CUST038,Eric Kiptoo,2026-07-09 14:19:00,12000,Deposit,Agent
TXN4943,CUST074,Sarah Mwangi,2026-07-09 14:36:00,500,Transfer,Agent
TXN4828,CUST014,David Gathoni,2026-07-09 14:47:00,8900,Transfer,Branch
TXN4944,CUST074,Sarah Mwangi,2026-07-09 14:48:00,4200,Transfer,Mobile
TXN4844,CUST022,Rebecca Mwangi,2026-07-09 14:49:00,750,Withdrawal,Branch
TXN4885,CUST047,Dennis Kilonzo,2026-07-09 15:01:00,1800,Transfer,Branch
TXN4889,CUST048,Rose Gathoni,2026-07-09 15:02:00,9800,Transfer,Branch
TXN4829,CUST014,David Gathoni,2026-07-09 15:26:00,11200,Transfer,Agent
TXN4833,CUST016,David Kariuki,2026-07-09 15:26:00,27500,Deposit,Mobile
TXN4940,CUST071,James Hassan,2026-07-09 15:26:00,22000,Deposit,Agent
TXN4806,CUST001,George Hassan,2026-07-09 15:30:00,9800,Transfer,Mobile
TXN4879,CUST043,Rose Onyango,2026-07-09 15:33:00,2300,Withdrawal,Mobile
TXN4827,CUST012,Anthony Kimani,2026-07-09 15:35:00,3400,Transfer,Agent
TXN4874,CUST041,Victor Mwangi,2026-07-09 15:50:00,18300,Withdrawal,ATM
TXN4895,CUST052,David Kiptoo,2026-07-09 15:52:00,5400,Transfer,Branch
TXN4852,CUST025,Caroline Kimani,2026-07-09 15:54:00,4200,Deposit,Mobile
TXN4813,CUST005,Sarah Otieno,2026-07-09 15:58:00,22000,Transfer,Branch
TXN4881,CUST044,Grace Njoki,2026-07-09 15:58:00,12000,Transfer,Agent
TXN5743,CUST002,Beatrice Otieno,2026-07-09 16:00:00,5000,Withdrawal,Mobile
TXN4836,CUST017,Grace Wafula,2026-07-09 16:09:00,41000,Withdrawal,Agent
TXN4918,CUST063,Peter Mwangi,2026-07-09 16:16:00,34500,Withdrawal,Mobile
TXN4936,CUST070,Samuel Njoki,2026-07-09 16:16:00,27500,Transfer,ATM
TXN4938,CUST070,Samuel Njoki,2026-07-09 16:19:00,5400,Deposit,Mobile
TXN4937,CUST070,Samuel Njoki,2026-07-09 16:21:00,4200,Transfer,Mobile
TXN4949,CUST076,Amina Hassan,2026-07-09 16:24:00,8900,Transfer,ATM
TXN4824,CUST010,Peter Wafula,2026-07-09 16:31:00,9800,Transfer,Agent
TXN4875,CUST042,Faith Hassan,2026-07-09 16:31:00,12000,Transfer,Agent
TXN4884,CUST046,George Nyambura,2026-07-09 16:38:00,41000,Transfer,ATM
TXN4893,CUST050,Peter Wambui,2026-07-09 16:41:00,750,Withdrawal,Mobile
TXN4890,CUST048,Rose Gathoni,2026-07-09 16:45:00,1200,Withdrawal,Agent
TXN4901,CUST055,Dennis Wanjiru,2026-07-09 16:46:00,1200,Transfer,ATM
TXN4898,CUST053,Anthony Muthoni,2026-07-09 17:11:00,22000,Withdrawal,Mobile
TXN4945,CUST074,Sarah Mwangi,2026-07-09 17:29:00,22000,Withdrawal,Branch
TXN4832,CUST016,David Kariuki,2026-07-09 17:37:00,8900,Transfer,Agent
TXN4920,CUST063,Peter Mwangi,2026-07-09 17:37:00,8900,Deposit,Agent
TXN4850,CUST025,Caroline Kimani,2026-07-09 17:47:00,34500,Deposit,Mobile
TXN4892,CUST049,Susan Njoki,2026-07-09 17:56:00,2300,Withdrawal,Branch
TXN4843,CUST022,Rebecca Mwangi,2026-07-09 18:03:00,2300,Withdrawal,ATM
TXN4855,CUST026,Rebecca Njoki,2026-07-09 18:03:00,18300,Deposit,Agent
TXN4902,CUST055,Dennis Wanjiru,2026-07-09 18:05:00,27500,Transfer,Mobile
TXN4814,CUST006,Francis Achieng,2026-07-09 18:12:00,4200,Deposit,Branch
TXN4906,CUST058,John Njeri,2026-07-09 18:15:00,5400,Deposit,Agent
TXN4928,CUST066,Mercy Onyango,2026-07-09 18:23:00,41000,Deposit,Branch
TXN4863,CUST035,Peter Gathoni,2026-07-09 18:36:00,18300,Transfer,Branch
TXN4919,CUST063,Peter Mwangi,2026-07-09 18:37:00,4200,Withdrawal,ATM
TXN4839,CUST019,Victor Hassan,2026-07-09 18:38:00,3400,Withdrawal,ATM
TXN4927,CUST066,Mercy Onyango,2026-07-09 18:42:00,18300,Withdrawal,Branch
TXN4950,CUST076,Amina Hassan,2026-07-09 18:42:00,1800,Transfer,Mobile
TXN4823,CUST010,Peter Wafula,2026-07-09 18:43:00,15600,Transfer,Agent
TXN4862,CUST034,James Kariuki,2026-07-09 19:00:00,41000,Transfer,Agent
TXN4921,CUST063,Peter Mwangi,2026-07-09 19:04:00,27500,Transfer,Mobile
TXN4807,CUST001,George Hassan,2026-07-09 19:05:00,18300,Withdrawal,Mobile
TXN4896,CUST052,David Kiptoo,2026-07-09 19:22:00,2300,Deposit,Mobile
TXN4847,CUST024,Anthony Achieng,2026-07-09 19:34:00,41000,Withdrawal,Agent
TXN4809,CUST003,Fatuma Wafula,2026-07-09 19:38:00,4200,Withdrawal,ATM
TXN4903,CUST057,Ruth Kilonzo,2026-07-09 19:42:00,3400,Transfer,Branch
TXN4826,CUST010,Peter Wafula,2026-07-09 19:43:00,500,Withdrawal,Agent
TXN4830,CUST014,David Gathoni,2026-07-09 19:45:00,2300,Deposit,ATM
TXN4864,CUST037,Rose Nyambura,2026-07-09 19:50:00,41000,Withdrawal,ATM
TXN4870,CUST039,Charles Njoki,2026-07-09 19:56:00,500,Withdrawal,ATM
TXN4908,CUST059,David Achieng,2026-07-09 19:57:00,500,Transfer,Agent
TXN4942,CUST074,Sarah Mwangi,2026-07-09 20:00:00,500,Withdrawal,Agent
TXN4840,CUST021,Anthony Kiptoo,2026-07-09 20:12:00,5400,Withdrawal,ATM
TXN4845,CUST022,Rebecca Mwangi,2026-07-09 20:19:00,4200,Withdrawal,Branch
TXN4834,CUST016,David Kariuki,2026-07-09 20:20:00,1800,Transfer,Agent
TXN4871,CUST040,John Omondi,2026-07-09 20:20:00,8900,Withdrawal,Mobile
TXN4818,CUST008,Josephine Onyango,2026-07-09 20:24:00,2300,Transfer,ATM
TXN4883,CUST046,George Nyambura,2026-07-09 20:38:00,1200,Transfer,Agent
TXN4913,CUST061,Ann Chebet,2026-07-09 20:38:00,2300,Deposit,Agent
TXN4819,CUST009,Fatuma Kariuki,2026-07-09 20:39:00,18300,Deposit,ATM
TXN4816,CUST008,Josephine Onyango,2026-07-09 20:44:00,34500,Transfer,Mobile
TXN4846,CUST023,Lucy Gathoni,2026-07-09 20:46:00,34500,Transfer,Mobile
TXN4894,CUST050,Peter Wambui,2026-07-09 20:49:00,1800,Deposit,Mobile
TXN4917,CUST062,Beatrice Njeri,2026-07-09 20:50:00,34500,Deposit,ATM
TXN5014,CUST032,Susan Odhiambo,2026-07-10 07:02:00,6700,Transfer,Mobile
TXN5061,CUST059,David Achieng,2026-07-10 07:07:00,34500,Transfer,ATM
TXN5066,CUST062,Beatrice Njeri,2026-07-10 07:11:00,6700,Withdrawal,Branch
TXN4977,CUST010,Peter Wafula,2026-07-10 07:14:00,8900,Deposit,ATM
TXN4964,CUST006,Francis Achieng,2026-07-10 07:17:00,11200,Deposit,ATM
TXN4965,CUST007,Grace Njoki,2026-07-10 07:19:00,9800,Withdrawal,ATM
TXN5045,CUST046,George Nyambura,2026-07-10 07:21:00,5400,Transfer,Agent
TXN5022,CUST037,Rose Nyambura,2026-07-10 07:31:00,34500,Deposit,Agent
TXN5053,CUST052,David Kiptoo,2026-07-10 07:47:00,750,Deposit,Mobile
TXN4999,CUST027,Anthony Otieno,2026-07-10 08:02:00,9800,Transfer,Agent
TXN5002,CUST027,Anthony Otieno,2026-07-10 08:04:00,8900,Deposit,Mobile
TXN4956,CUST002,Beatrice Otieno,2026-07-10 08:24:00,2300,Deposit,Branch
TXN5077,CUST069,Moses Kariuki,2026-07-10 08:28:00,8900,Transfer,Mobile
TXN5017,CUST034,James Kariuki,2026-07-10 08:30:00,18300,Transfer,Branch
TXN5032,CUST040,John Omondi,2026-07-10 08:44:00,1200,Deposit,ATM
TXN5048,CUST047,Dennis Kilonzo,2026-07-10 08:46:00,1200,Deposit,Agent
TXN5093,CUST078,Caroline Kilonzo,2026-07-10 08:46:00,22000,Withdrawal,ATM
TXN5023,CUST037,Rose Nyambura,2026-07-10 09:02:00,5400,Transfer,Branch
TXN5047,CUST047,Dennis Kilonzo,2026-07-10 09:02:00,15600,Deposit,ATM
TXN5044,CUST044,Grace Njoki,2026-07-10 09:04:00,750,Transfer,ATM
TXN5020,CUST035,Peter Gathoni,2026-07-10 09:19:00,1800,Transfer,Branch
TXN4966,CUST008,Josephine Onyango,2026-07-10 09:20:00,12000,Deposit,ATM
TXN5009,CUST030,Josephine Nyambura,2026-07-10 09:26:00,8900,Withdrawal,ATM
TXN5028,CUST039,Charles Njoki,2026-07-10 09:31:00,4200,Withdrawal,ATM
TXN5018,CUST034,James Kariuki,2026-07-10 09:34:00,2300,Deposit,Mobile
TXN5007,CUST029,Rose Wafula,2026-07-10 09:42:00,750,Withdrawal,Agent
TXN5003,CUST028,Nancy Achieng,2026-07-10 09:52:00,34500,Deposit,Agent
TXN5051,CUST052,David Kiptoo,2026-07-10 10:02:00,15600,Transfer,Mobile
TXN5070,CUST066,Mercy Onyango,2026-07-10 10:05:00,4200,Withdrawal,Agent
TXN5096,CUST080,Mercy Omondi,2026-07-10 10:10:00,11200,Withdrawal,ATM
TXN5005,CUST028,Nancy Achieng,2026-07-10 10:15:00,750,Transfer,ATM
TXN5081,CUST071,James Hassan,2026-07-10 10:18:00,5400,Deposit,Branch
TXN5067,CUST063,Peter Mwangi,2026-07-10 10:25:00,6700,Transfer,Agent
TXN4985,CUST017,Grace Wafula,2026-07-10 10:29:00,8900,Transfer,Agent
TXN5087,CUST074,Sarah Mwangi,2026-07-10 10:36:00,1200,Transfer,Agent
TXN4970,CUST009,Fatuma Kariuki,2026-07-10 10:40:00,11200,Transfer,ATM
TXN5074,CUST069,Moses Kariuki,2026-07-10 10:49:00,6700,Withdrawal,ATM
TXN5080,CUST070,Samuel Njoki,2026-07-10 10:52:00,1800,Deposit,Branch
TXN5001,CUST027,Anthony Otieno,2026-07-10 10:59:00,18300,Transfer,Branch
TXN5072,CUST067,Rebecca Wambui,2026-07-10 10:59:00,6700,Transfer,Agent
TXN5010,CUST030,Josephine Nyambura,2026-07-10 11:08:00,1800,Withdrawal,Agent
TXN4955,CUST002,Beatrice Otieno,2026-07-10 11:14:00,15600,Transfer,Agent
TXN5088,CUST075,Kevin Kiptoo,2026-07-10 11:33:00,11200,Withdrawal,ATM
TXN5034,CUST041,Victor Mwangi,2026-07-10 11:46:00,4200,Transfer,ATM
TXN5090,CUST075,Kevin Kiptoo,2026-07-10 11:48:00,18300,Transfer,Agent
TXN4972,CUST009,Fatuma Kariuki,2026-07-10 11:50:00,2300,Withdrawal,Mobile
TXN4954,CUST001,George Hassan,2026-07-10 11:55:00,22000,Transfer,Branch
TXN4973,CUST009,Fatuma Kariuki,2026-07-10 11:55:00,22000,Deposit,Mobile
TXN5041,CUST043,Rose Onyango,2026-07-10 11:56:00,34500,Transfer,Mobile
TXN5056,CUST055,Dennis Wanjiru,2026-07-10 12:01:00,18300,Withdrawal,ATM
TXN5057,CUST057,Ruth Kilonzo,2026-07-10 12:01:00,2300,Withdrawal,Mobile
TXN4982,CUST014,David Gathoni,2026-07-10 12:06:00,1200,Deposit,Agent
TXN4987,CUST018,Mercy Kiptoo,2026-07-10 12:06:00,41000,Deposit,Agent
TXN4962,CUST005,Sarah Otieno,2026-07-10 12:11:00,27500,Withdrawal,Agent
TXN5062,CUST059,David Achieng,2026-07-10 12:11:00,2300,Withdrawal,Branch
TXN4960,CUST004,Lucy Odhiambo,2026-07-10 12:24:00,1800,Withdrawal,Mobile
TXN5013,CUST031,Susan Gathoni,2026-07-10 12:33:00,11200,Transfer,Agent
TXN4980,CUST012,Anthony Kimani,2026-07-10 12:34:00,8900,Deposit,Branch
TXN4967,CUST008,Josephine Onyango,2026-07-10 12:43:00,1800,Transfer,ATM
TXN4976,CUST010,Peter Wafula,2026-07-10 12:50:00,3400,Transfer,Mobile
TXN4984,CUST015,Sarah Chebet,2026-07-10 12:50:00,41000,Transfer,Agent
TXN5021,CUST037,Rose Nyambura,2026-07-10 12:55:00,18300,Deposit,Agent
TXN5094,CUST078,Caroline Kilonzo,2026-07-10 13:01:00,11200,Deposit,Branch
TXN4961,CUST004,Lucy Odhiambo,2026-07-10 13:04:00,41000,Deposit,Agent
TXN5046,CUST047,Dennis Kilonzo,2026-07-10 13:06:00,750,Deposit,Branch
TXN5019,CUST035,Peter Gathoni,2026-07-10 13:16:00,8900,Withdrawal,ATM
TXN5049,CUST050,Peter Wambui,2026-07-10 13:16:00,750,Withdrawal,ATM
TXN5036,CUST041,Victor Mwangi,2026-07-10 13:23:00,11200,Deposit,ATM
TXN5075,CUST069,Moses Kariuki,2026-07-10 13:26:00,27500,Withdrawal,Branch
TXN5004,CUST028,Nancy Achieng,2026-07-10 13:28:00,41000,Transfer,Agent
TXN4986,CUST017,Grace Wafula,2026-07-10 13:56:00,34500,Transfer,Branch
TXN5083,CUST072,Joyce Kariuki,2026-07-10 13:59:00,34500,Transfer,Mobile
TXN5015,CUST033,Diana Kariuki,2026-07-10 14:00:00,15600,Transfer,Branch
TXN5050,CUST050,Peter Wambui,2026-07-10 14:04:00,18300,Transfer,Agent
TXN5084,CUST074,Sarah Mwangi,2026-07-10 14:05:00,1800,Withdrawal,Branch
TXN4953,CUST001,George Hassan,2026-07-10 14:10:00,1800,Deposit,Agent
TXN5031,CUST040,John Omondi,2026-07-10 14:10:00,9800,Transfer,Mobile
TXN4975,CUST010,Peter Wafula,2026-07-10 14:14:00,1200,Withdrawal,ATM
TXN5089,CUST075,Kevin Kiptoo,2026-07-10 14:20:00,3400,Deposit,Agent
TXN5068,CUST064,Eric Chebet,2026-07-10 14:24:00,3400,Withdrawal,Branch
TXN5025,CUST038,Eric Kiptoo,2026-07-10 14:25:00,6700,Deposit,Mobile
TXN4978,CUST011,Josephine Otieno,2026-07-10 14:40:00,18300,Deposit,Mobile
TXN4981,CUST013,Joyce Gathoni,2026-07-10 14:40:00,11200,Transfer,ATM
TXN4996,CUST023,Lucy Gathoni,2026-07-10 14:46:00,12000,Withdrawal,Branch
TXN5043,CUST044,Grace Njoki,2026-07-10 15:00:00,6700,Withdrawal,Mobile
TXN5024,CUST037,Rose Nyambura,2026-07-10 15:09:00,12000,Withdrawal,Agent
TXN4979,CUST012,Anthony Kimani,2026-07-10 15:12:00,6700,Transfer,Mobile
TXN5054,CUST053,Anthony Muthoni,2026-07-10 15:16:00,41000,Withdrawal,Mobile
TXN5026,CUST038,Eric Kiptoo,2026-07-10 15:19:00,12000,Withdrawal,ATM
TXN5079,CUST070,Samuel Njoki,2026-07-10 15:22:00,1800,Deposit,Mobile
TXN5069,CUST065,Rebecca Wambui,2026-07-10 15:25:00,4200,Withdrawal,Branch
TXN5030,CUST040,John Omondi,2026-07-10 15:28:00,8900,Withdrawal,ATM
TXN4958,CUST002,Beatrice Otieno,2026-07-10 15:30:00,11200,Deposit,ATM
TXN5039,CUST042,Faith Hassan,2026-07-10 15:31:00,34500,Transfer,ATM
TXN5063,CUST059,David Achieng,2026-07-10 15:35:00,3400,Deposit,Branch
TXN4963,CUST005,Sarah Otieno,2026-07-10 15:40:00,5400,Transfer,Agent
TXN5059,CUST057,Ruth Kilonzo,2026-07-10 15:42:00,22000,Deposit,ATM
TXN5082,CUST071,James Hassan,2026-07-10 15:59:00,3400,Withdrawal,Agent
TXN5060,CUST057,Ruth Kilonzo,2026-07-10 16:00:00,2300,Deposit,ATM
TXN4988,CUST018,Mercy Kiptoo,2026-07-10 16:10:00,5400,Transfer,Mobile
TXN5092,CUST076,Amina Hassan,2026-07-10 16:17:00,500,Deposit,ATM
TXN4993,CUST020,Kennedy Kimani,2026-07-10 16:20:00,9800,Transfer,Branch
TXN5000,CUST027,Anthony Otieno,2026-07-10 16:21:00,1200,Transfer,Mobile
TXN5065,CUST062,Beatrice Njeri,2026-07-10 16:37:00,1200,Withdrawal,Branch
TXN5071,CUST066,Mercy Onyango,2026-07-10 16:45:00,4200,Deposit,ATM
TXN5064,CUST059,David Achieng,2026-07-10 16:47:00,15600,Deposit,ATM
TXN5037,CUST042,Faith Hassan,2026-07-10 16:56:00,1200,Withdrawal,ATM
TXN5076,CUST069,Moses Kariuki,2026-07-10 17:00:00,5400,Deposit,ATM
TXN5091,CUST075,Kevin Kiptoo,2026-07-10 17:19:00,5400,Withdrawal,Mobile
TXN4997,CUST025,Caroline Kimani,2026-07-10 17:23:00,22000,Deposit,ATM
TXN5035,CUST041,Victor Mwangi,2026-07-10 17:24:00,750,Withdrawal,Mobile
TXN5016,CUST033,Diana Kariuki,2026-07-10 17:51:00,4200,Withdrawal,Branch
TXN4990,CUST018,Mercy Kiptoo,2026-07-10 17:54:00,6700,Deposit,Branch
TXN5011,CUST030,Josephine Nyambura,2026-07-10 17:56:00,22000,Transfer,Agent
TXN4983,CUST015,Sarah Chebet,2026-07-10 18:13:00,12000,Deposit,Mobile
TXN4971,CUST009,Fatuma Kariuki,2026-07-10 18:16:00,2300,Withdrawal,Mobile
TXN4994,CUST022,Rebecca Mwangi,2026-07-10 18:22:00,12000,Transfer,ATM
TXN5033,CUST041,Victor Mwangi,2026-07-10 18:23:00,11200,Deposit,Agent
TXN5040,CUST042,Faith Hassan,2026-07-10 18:26:00,1200,Transfer,Branch
TXN5058,CUST057,Ruth Kilonzo,2026-07-10 18:26:00,9800,Transfer,ATM
TXN5052,CUST052,David Kiptoo,2026-07-10 18:29:00,1200,Transfer,Agent
TXN5006,CUST028,Nancy Achieng,2026-07-10 18:32:00,27500,Transfer,Mobile
TXN5008,CUST029,Rose Wafula,2026-07-10 18:32:00,22000,Deposit,Agent
TXN5029,CUST040,John Omondi,2026-07-10 18:32:00,2300,Transfer,Mobile
TXN5012,CUST030,Josephine Nyambura,2026-07-10 18:43:00,9800,Withdrawal,Branch
TXN5042,CUST043,Rose Onyango,2026-07-10 18:50:00,12000,Withdrawal,Branch
TXN5095,CUST080,Mercy Omondi,2026-07-10 18:50:00,6700,Deposit,Branch
TXN5073,CUST068,Victor Odhiambo,2026-07-10 18:59:00,1200,Deposit,ATM
TXN4991,CUST020,Kennedy Kimani,2026-07-10 19:13:00,8900,Deposit,Branch
TXN4959,CUST004,Lucy Odhiambo,2026-07-10 19:26:00,750,Withdrawal,Agent
TXN4998,CUST025,Caroline Kimani,2026-07-10 19:35:00,3400,Deposit,Branch
TXN4995,CUST022,Rebecca Mwangi,2026-07-10 19:47:00,22000,Transfer,Branch
TXN5086,CUST074,Sarah Mwangi,2026-07-10 19:53:00,15600,Transfer,Mobile
TXN5055,CUST054,Paul Chebet,2026-07-10 20:08:00,9800,Withdrawal,Branch
TXN4969,CUST008,Josephine Onyango,2026-07-10 20:15:00,11200,Deposit,ATM
TXN5078,CUST070,Samuel Njoki,2026-07-10 20:16:00,12000,Deposit,Agent
TXN4968,CUST008,Josephine Onyango,2026-07-10 20:22:00,750,Transfer,Mobile
TXN5038,CUST042,Faith Hassan,2026-07-10 20:25:00,3400,Transfer,Mobile
TXN5085,CUST074,Sarah Mwangi,2026-07-10 20:26:00,34500,Transfer,Agent
TXN4989,CUST018,Mercy Kiptoo,2026-07-10 20:33:00,22000,Withdrawal,Agent
TXN4992,CUST020,Kennedy Kimani,2026-07-10 20:42:00,750,Deposit,Agent
TXN4957,CUST002,Beatrice Otieno,2026-07-10 20:47:00,8900,Transfer,Agent
TXN5027,CUST038,Eric Kiptoo,2026-07-10 20:56:00,2300,Withdrawal,Agent
TXN4974,CUST010,Peter Wafula,2026-07-10 20:59:00,9800,Withdrawal,ATM
TXN5221,CUST067,Rebecca Wambui,2026-07-11 07:11:00,6700,Transfer,Agent
TXN5178,CUST045,Rebecca Gathoni,2026-07-11 07:12:00,22000,Transfer,ATM
TXN5233,CUST073,Amina Njeri,2026-07-11 07:14:00,27500,Deposit,Agent
TXN5098,CUST003,Fatuma Wafula,2026-07-11 07:25:00,34500,Deposit,ATM
TXN5184,CUST049,Susan Njoki,2026-07-11 07:25:00,1200,Deposit,Agent
TXN5228,CUST069,Moses Kariuki,2026-07-11 07:25:00,500,Transfer,Branch
TXN5138,CUST022,Rebecca Mwangi,2026-07-11 07:27:00,11200,Deposit,ATM
TXN5123,CUST013,Joyce Gathoni,2026-07-11 07:44:00,5400,Deposit,Branch
TXN5140,CUST023,Lucy Gathoni,2026-07-11 07:47:00,9800,Deposit,Agent
TXN5171,CUST041,Victor Mwangi,2026-07-11 07:58:00,34500,Withdrawal,Mobile
TXN5244,CUST078,Caroline Kilonzo,2026-07-11 08:00:00,8900,Transfer,ATM
TXN5150,CUST028,Nancy Achieng,2026-07-11 08:05:00,34500,Withdrawal,Agent
TXN5162,CUST034,James Kariuki,2026-07-11 08:10:00,4200,Deposit,Agent
TXN5103,CUST005,Sarah Otieno,2026-07-11 08:12:00,2300,Deposit,ATM
TXN5206,CUST059,David Achieng,2026-07-11 08:12:00,2300,Deposit,Agent
TXN5218,CUST064,Eric Chebet,2026-07-11 08:13:00,2300,Transfer,ATM
TXN5203,CUST058,John Njeri,2026-07-11 08:33:00,22000,Transfer,ATM
TXN5136,CUST020,Kennedy Kimani,2026-07-11 08:35:00,34500,Transfer,Agent
TXN5100,CUST004,Lucy Odhiambo,2026-07-11 08:41:00,27500,Withdrawal,Mobile
TXN5115,CUST010,Peter Wafula,2026-07-11 08:43:00,5400,Withdrawal,ATM
TXN5127,CUST015,Sarah Chebet,2026-07-11 09:02:00,34500,Deposit,Agent
TXN5153,CUST030,Josephine Nyambura,2026-07-11 09:08:00,4200,Withdrawal,ATM
TXN5114,CUST009,Fatuma Kariuki,2026-07-11 09:17:00,41000,Withdrawal,Branch
TXN5104,CUST005,Sarah Otieno,2026-07-11 09:34:00,11200,Transfer,Agent
TXN5247,CUST079,Anthony Nyambura,2026-07-11 09:34:00,18300,Withdrawal,Agent
TXN5113,CUST008,Josephine Onyango,2026-07-11 09:37:00,15600,Transfer,Agent
TXN5227,CUST069,Moses Kariuki,2026-07-11 09:45:00,1200,Transfer,Mobile
TXN5109,CUST006,Francis Achieng,2026-07-11 09:46:00,6700,Withdrawal,Branch
TXN5245,CUST078,Caroline Kilonzo,2026-07-11 09:54:00,41000,Transfer,ATM
TXN5201,CUST057,Ruth Kilonzo,2026-07-11 10:13:00,11200,Deposit,Mobile
TXN5172,CUST042,Faith Hassan,2026-07-11 10:15:00,22000,Deposit,Branch
TXN5163,CUST035,Peter Gathoni,2026-07-11 10:17:00,22000,Transfer,Agent
TXN5180,CUST045,Rebecca Gathoni,2026-07-11 10:18:00,4200,Withdrawal,Mobile
TXN5107,CUST006,Francis Achieng,2026-07-11 10:25:00,1800,Transfer,ATM
TXN5110,CUST007,Grace Njoki,2026-07-11 10:40:00,27500,Deposit,Agent
TXN5202,CUST058,John Njeri,2026-07-11 10:46:00,9800,Transfer,Agent
TXN5191,CUST053,Anthony Muthoni,2026-07-11 10:47:00,2300,Withdrawal,Branch
TXN5149,CUST028,Nancy Achieng,2026-07-11 10:48:00,2300,Transfer,Branch
TXN5161,CUST033,Diana Kariuki,2026-07-11 10:57:00,5400,Withdrawal,Mobile
TXN5211,CUST061,Ann Chebet,2026-07-11 11:02:00,11200,Deposit,Mobile
TXN5176,CUST044,Grace Njoki,2026-07-11 11:03:00,34500,Withdrawal,Agent
TXN5151,CUST028,Nancy Achieng,2026-07-11 11:04:00,4200,Transfer,ATM
TXN5196,CUST054,Paul Chebet,2026-07-11 11:07:00,41000,Deposit,Agent
TXN5158,CUST032,Susan Odhiambo,2026-07-11 11:09:00,4200,Deposit,Mobile
TXN5210,CUST061,Ann Chebet,2026-07-11 11:09:00,5400,Withdrawal,Agent
TXN5215,CUST062,Beatrice Njeri,2026-07-11 11:09:00,4200,Withdrawal,Agent
TXN5204,CUST058,John Njeri,2026-07-11 11:19:00,22000,Withdrawal,Branch
TXN5141,CUST023,Lucy Gathoni,2026-07-11 11:22:00,5400,Deposit,Branch
TXN5241,CUST076,Amina Hassan,2026-07-11 11:28:00,2300,Deposit,Mobile
TXN5187,CUST050,Peter Wambui,2026-07-11 11:38:00,3400,Withdrawal,Branch
TXN5117,CUST011,Josephine Otieno,2026-07-11 11:41:00,4200,Deposit,Mobile
TXN5175,CUST043,Rose Onyango,2026-07-11 11:41:00,500,Deposit,Agent
TXN5181,CUST046,George Nyambura,2026-07-11 11:42:00,6700,Withdrawal,Agent
TXN5142,CUST024,Anthony Achieng,2026-07-11 11:43:00,2300,Withdrawal,ATM
TXN5220,CUST066,Mercy Onyango,2026-07-11 11:45:00,6700,Deposit,ATM
TXN5214,CUST062,Beatrice Njeri,2026-07-11 11:54:00,34500,Deposit,Agent
TXN5195,CUST054,Paul Chebet,2026-07-11 11:59:00,750,Transfer,ATM
TXN5143,CUST024,Anthony Achieng,2026-07-11 12:04:00,41000,Deposit,Agent
TXN5147,CUST027,Anthony Otieno,2026-07-11 12:18:00,500,Transfer,ATM
TXN5232,CUST072,Joyce Kariuki,2026-07-11 12:24:00,3400,Withdrawal,ATM
TXN5166,CUST036,Diana Omondi,2026-07-11 12:29:00,18300,Withdrawal,Agent
TXN5236,CUST074,Sarah Mwangi,2026-07-11 12:31:00,15600,Withdrawal,ATM
TXN5152,CUST029,Rose Wafula,2026-07-11 12:36:00,27500,Transfer,Agent
TXN5179,CUST045,Rebecca Gathoni,2026-07-11 12:44:00,3400,Transfer,Mobile
TXN5226,CUST069,Moses Kariuki,2026-07-11 12:44:00,27500,Withdrawal,Mobile
TXN5119,CUST011,Josephine Otieno,2026-07-11 12:50:00,3400,Deposit,Branch
TXN5235,CUST074,Sarah Mwangi,2026-07-11 12:51:00,34500,Deposit,Agent
TXN5148,CUST027,Anthony Otieno,2026-07-11 12:56:00,27500,Withdrawal,Agent
TXN5131,CUST017,Grace Wafula,2026-07-11 12:58:00,12000,Withdrawal,Branch
TXN5205,CUST059,David Achieng,2026-07-11 12:58:00,2300,Withdrawal,Agent
TXN5154,CUST030,Josephine Nyambura,2026-07-11 12:59:00,6700,Transfer,Branch
TXN5199,CUST057,Ruth Kilonzo,2026-07-11 13:15:00,18300,Transfer,Mobile
TXN5213,CUST062,Beatrice Njeri,2026-07-11 13:16:00,41000,Transfer,Branch
TXN5240,CUST076,Amina Hassan,2026-07-11 13:22:00,2300,Withdrawal,ATM
TXN5112,CUST008,Josephine Onyango,2026-07-11 13:38:00,2300,Deposit,Branch
TXN5128,CUST015,Sarah Chebet,2026-07-11 13:44:00,2300,Deposit,Agent
TXN5101,CUST004,Lucy Odhiambo,2026-07-11 13:45:00,34500,Transfer,Branch
TXN5174,CUST042,Faith Hassan,2026-07-11 13:48:00,5400,Transfer,Branch
TXN5135,CUST019,Victor Hassan,2026-07-11 13:51:00,750,Transfer,ATM
TXN5133,CUST018,Mercy Kiptoo,2026-07-11 13:52:00,6700,Deposit,Mobile
TXN5164,CUST035,Peter Gathoni,2026-07-11 13:55:00,750,Withdrawal,Branch
TXN5208,CUST060,Paul Hassan,2026-07-11 13:59:00,5400,Withdrawal,Branch
TXN5207,CUST059,David Achieng,2026-07-11 14:00:00,3400,Withdrawal,Branch
TXN5183,CUST047,Dennis Kilonzo,2026-07-11 14:19:00,11200,Transfer,ATM
TXN5223,CUST068,Victor Odhiambo,2026-07-11 14:23:00,1800,Withdrawal,ATM
TXN5122,CUST012,Anthony Kimani,2026-07-11 14:26:00,1200,Deposit,Agent
TXN5137,CUST022,Rebecca Mwangi,2026-07-11 14:31:00,22000,Deposit,Mobile
TXN5116,CUST010,Peter Wafula,2026-07-11 14:33:00,8900,Transfer,Mobile
TXN5229,CUST070,Samuel Njoki,2026-07-11 14:49:00,3400,Withdrawal,Agent
TXN5185,CUST049,Susan Njoki,2026-07-11 14:50:00,8900,Deposit,Mobile
TXN5246,CUST078,Caroline Kilonzo,2026-07-11 14:51:00,22000,Deposit,ATM
TXN5159,CUST033,Diana Kariuki,2026-07-11 15:03:00,9800,Deposit,Branch
TXN5190,CUST052,David Kiptoo,2026-07-11 15:11:00,34500,Deposit,Agent
TXN5139,CUST023,Lucy Gathoni,2026-07-11 15:20:00,4200,Deposit,Branch
TXN5157,CUST031,Susan Gathoni,2026-07-11 15:25:00,18300,Deposit,Mobile
TXN5156,CUST031,Susan Gathoni,2026-07-11 15:28:00,15600,Transfer,Mobile
TXN5130,CUST017,Grace Wafula,2026-07-11 15:43:00,18300,Transfer,Agent
TXN5200,CUST057,Ruth Kilonzo,2026-07-11 15:43:00,27500,Withdrawal,Agent
TXN5106,CUST006,Francis Achieng,2026-07-11 15:46:00,34500,Withdrawal,Mobile
TXN5129,CUST015,Sarah Chebet,2026-07-11 15:51:00,41000,Withdrawal,Branch
TXN5124,CUST013,Joyce Gathoni,2026-07-11 15:55:00,1800,Deposit,Mobile
TXN5744,CUST015,Sarah Chebet,2026-07-11 16:00:00,100000,Withdrawal,Mobile
TXN5209,CUST060,Paul Hassan,2026-07-11 16:03:00,27500,Transfer,Branch
TXN5242,CUST076,Amina Hassan,2026-07-11 16:14:00,11200,Transfer,Agent
TXN5170,CUST039,Charles Njoki,2026-07-11 16:21:00,12000,Transfer,Branch
TXN5217,CUST064,Eric Chebet,2026-07-11 16:24:00,6700,Deposit,ATM
TXN5169,CUST037,Rose Nyambura,2026-07-11 16:25:00,41000,Deposit,Agent
TXN5134,CUST019,Victor Hassan,2026-07-11 16:27:00,6700,Withdrawal,Branch
TXN5165,CUST036,Diana Omondi,2026-07-11 16:27:00,12000,Withdrawal,ATM
TXN5248,CUST080,Mercy Omondi,2026-07-11 16:42:00,6700,Deposit,ATM
TXN5243,CUST076,Amina Hassan,2026-07-11 17:01:00,34500,Deposit,Agent
TXN5105,CUST005,Sarah Otieno,2026-07-11 17:11:00,3400,Deposit,Agent
TXN5219,CUST066,Mercy Onyango,2026-07-11 17:19:00,22000,Deposit,Agent
TXN5197,CUST056,Susan Odhiambo,2026-07-11 17:30:00,1200,Deposit,Mobile
TXN5224,CUST068,Victor Odhiambo,2026-07-11 17:31:00,34500,Withdrawal,ATM
TXN5173,CUST042,Faith Hassan,2026-07-11 17:35:00,3400,Withdrawal,Branch
TXN5120,CUST011,Josephine Otieno,2026-07-11 17:39:00,18300,Deposit,Mobile
TXN5108,CUST006,Francis Achieng,2026-07-11 17:41:00,41000,Withdrawal,Agent
TXN5125,CUST013,Joyce Gathoni,2026-07-11 17:42:00,1800,Transfer,Branch
TXN5198,CUST057,Ruth Kilonzo,2026-07-11 17:48:00,8900,Withdrawal,Mobile
TXN5144,CUST025,Caroline Kimani,2026-07-11 17:50:00,8900,Transfer,Agent
TXN5182,CUST047,Dennis Kilonzo,2026-07-11 17:52:00,750,Deposit,ATM
TXN5216,CUST064,Eric Chebet,2026-07-11 17:54:00,4200,Transfer,Branch
TXN5097,CUST001,George Hassan,2026-07-11 17:56:00,500,Transfer,ATM
TXN5145,CUST025,Caroline Kimani,2026-07-11 18:06:00,12000,Withdrawal,Branch
TXN5238,CUST075,Kevin Kiptoo,2026-07-11 18:11:00,27500,Deposit,Agent
TXN5118,CUST011,Josephine Otieno,2026-07-11 18:17:00,18300,Transfer,ATM
TXN5222,CUST067,Rebecca Wambui,2026-07-11 18:20:00,5400,Deposit,Mobile
TXN5132,CUST017,Grace Wafula,2026-07-11 18:22:00,12000,Transfer,ATM
TXN5189,CUST051,Daniel Njoki,2026-07-11 18:24:00,41000,Transfer,Branch
TXN5225,CUST068,Victor Odhiambo,2026-07-11 18:35:00,750,Transfer,Branch
TXN5146,CUST025,Caroline Kimani,2026-07-11 18:43:00,4200,Withdrawal,Mobile
TXN5177,CUST044,Grace Njoki,2026-07-11 18:50:00,27500,Transfer,Mobile
TXN5239,CUST075,Kevin Kiptoo,2026-07-11 18:53:00,11200,Transfer,Branch
TXN5237,CUST074,Sarah Mwangi,2026-07-11 18:56:00,4200,Deposit,Mobile
TXN5230,CUST071,James Hassan,2026-07-11 18:59:00,1200,Deposit,Branch
TXN5168,CUST037,Rose Nyambura,2026-07-11 19:07:00,8900,Transfer,Mobile
TXN5188,CUST051,Daniel Njoki,2026-07-11 19:13:00,34500,Deposit,Agent
TXN5155,CUST031,Susan Gathoni,2026-07-11 19:18:00,750,Deposit,Branch
TXN5193,CUST053,Anthony Muthoni,2026-07-11 19:37:00,1200,Transfer,Agent
TXN5160,CUST033,Diana Kariuki,2026-07-11 19:39:00,27500,Withdrawal,Branch
TXN5231,CUST072,Joyce Kariuki,2026-07-11 19:44:00,1800,Transfer,ATM
TXN5192,CUST053,Anthony Muthoni,2026-07-11 19:51:00,6700,Transfer,Mobile
TXN5234,CUST073,Amina Njeri,2026-07-11 19:52:00,41000,Transfer,ATM
TXN5102,CUST004,Lucy Odhiambo,2026-07-11 19:54:00,4200,Deposit,ATM
TXN5121,CUST012,Anthony Kimani,2026-07-11 20:01:00,1800,Transfer,ATM
TXN5194,CUST053,Anthony Muthoni,2026-07-11 20:02:00,27500,Transfer,Mobile
TXN5099,CUST004,Lucy Odhiambo,2026-07-11 20:20:00,6700,Deposit,Agent
TXN5111,CUST008,Josephine Onyango,2026-07-11 20:20:00,18300,Deposit,Branch
TXN5186,CUST050,Peter Wambui,2026-07-11 20:25:00,15600,Transfer,Agent
TXN5212,CUST062,Beatrice Njeri,2026-07-11 20:29:00,9800,Deposit,ATM
TXN5126,CUST013,Joyce Gathoni,2026-07-11 20:38:00,12000,Transfer,Agent
TXN5167,CUST036,Diana Omondi,2026-07-11 20:59:00,8900,Deposit,ATM
TXN5328,CUST040,John Omondi,2026-07-12 07:10:00,22000,Withdrawal,ATM
TXN5254,CUST005,Sarah Otieno,2026-07-12 07:17:00,500,Transfer,Agent
TXN5295,CUST025,Caroline Kimani,2026-07-12 07:19:00,3400,Deposit,ATM
TXN5390,CUST072,Joyce Kariuki,2026-07-12 07:24:00,27500,Withdrawal,Agent
TXN5253,CUST004,Lucy Odhiambo,2026-07-12 07:26:00,41000,Transfer,Mobile
TXN5375,CUST063,Peter Mwangi,2026-07-12 07:38:00,11200,Deposit,ATM
TXN5382,CUST069,Moses Kariuki,2026-07-12 07:46:00,8900,Transfer,ATM
TXN5356,CUST055,Dennis Wanjiru,2026-07-12 07:56:00,27500,Withdrawal,Mobile
TXN5395,CUST075,Kevin Kiptoo,2026-07-12 07:58:00,18300,Transfer,ATM
TXN5345,CUST049,Susan Njoki,2026-07-12 08:03:00,34500,Withdrawal,Agent
TXN5335,CUST043,Rose Onyango,2026-07-12 08:04:00,2300,Transfer,Branch
TXN5380,CUST067,Rebecca Wambui,2026-07-12 08:07:00,3400,Transfer,ATM
TXN5304,CUST030,Josephine Nyambura,2026-07-12 08:11:00,15600,Withdrawal,ATM
TXN5265,CUST011,Josephine Otieno,2026-07-12 08:27:00,2300,Withdrawal,ATM
TXN5303,CUST029,Rose Wafula,2026-07-12 08:37:00,5400,Deposit,Branch
TXN5267,CUST012,Anthony Kimani,2026-07-12 08:40:00,22000,Withdrawal,Agent
TXN5279,CUST018,Mercy Kiptoo,2026-07-12 08:40:00,11200,Withdrawal,Agent
TXN5349,CUST052,David Kiptoo,2026-07-12 08:40:00,6700,Transfer,Agent
TXN5341,CUST045,Rebecca Gathoni,2026-07-12 09:01:00,500,Withdrawal,Branch
TXN5270,CUST013,Joyce Gathoni,2026-07-12 09:02:00,27500,Deposit,Agent
TXN5291,CUST023,Lucy Gathoni,2026-07-12 09:02:00,34500,Deposit,Mobile
TXN5397,CUST078,Caroline Kilonzo,2026-07-12 09:06:00,15600,Withdrawal,Mobile
TXN5360,CUST057,Ruth Kilonzo,2026-07-12 09:11:00,1200,Deposit,Mobile
TXN5401,CUST080,Mercy Omondi,2026-07-12 09:12:00,12000,Withdrawal,Mobile
TXN5370,CUST061,Ann Chebet,2026-07-12 09:13:00,22000,Withdrawal,Mobile
TXN5268,CUST012,Anthony Kimani,2026-07-12 09:14:00,750,Deposit,Branch
TXN5294,CUST024,Anthony Achieng,2026-07-12 09:15:00,9800,Withdrawal,ATM
TXN5383,CUST070,Samuel Njoki,2026-07-12 09:15:00,8900,Deposit,ATM
TXN5393,CUST074,Sarah Mwangi,2026-07-12 09:16:00,12000,Deposit,ATM
TXN5313,CUST032,Susan Odhiambo,2026-07-12 09:17:00,34500,Deposit,Agent
TXN5290,CUST022,Rebecca Mwangi,2026-07-12 09:23:00,1800,Transfer,Agent
TXN5371,CUST061,Ann Chebet,2026-07-12 09:45:00,3400,Transfer,Branch
TXN5329,CUST040,John Omondi,2026-07-12 09:47:00,2300,Deposit,Mobile
TXN5262,CUST009,Fatuma Kariuki,2026-07-12 09:51:00,34500,Withdrawal,Agent
TXN5389,CUST072,Joyce Kariuki,2026-07-12 10:16:00,41000,Withdrawal,Agent
TXN5271,CUST014,David Gathoni,2026-07-12 10:42:00,34500,Withdrawal,Branch
TXN5333,CUST042,Faith Hassan,2026-07-12 10:46:00,27500,Transfer,ATM
TXN5251,CUST004,Lucy Odhiambo,2026-07-12 10:52:00,22000,Withdrawal,Agent
TXN5342,CUST046,George Nyambura,2026-07-12 10:56:00,2300,Transfer,Mobile
TXN5399,CUST079,Anthony Nyambura,2026-07-12 10:58:00,4200,Transfer,Agent
TXN5366,CUST059,David Achieng,2026-07-12 11:07:00,3400,Withdrawal,Branch
TXN5368,CUST060,Paul Hassan,2026-07-12 11:10:00,4200,Transfer,Mobile
TXN5394,CUST074,Sarah Mwangi,2026-07-12 11:10:00,3400,Deposit,Branch
TXN5372,CUST062,Beatrice Njeri,2026-07-12 11:18:00,6700,Transfer,Agent
TXN5344,CUST048,Rose Gathoni,2026-07-12 11:23:00,18300,Transfer,ATM
TXN5384,CUST070,Samuel Njoki,2026-07-12 11:36:00,41000,Withdrawal,ATM
TXN5281,CUST019,Victor Hassan,2026-07-12 11:39:00,5400,Deposit,Branch
TXN5284,CUST020,Kennedy Kimani,2026-07-12 11:44:00,12000,Transfer,Mobile
TXN5334,CUST042,Faith Hassan,2026-07-12 11:52:00,1200,Transfer,Agent
TXN5386,CUST071,James Hassan,2026-07-12 11:52:00,6700,Transfer,Mobile
TXN5266,CUST012,Anthony Kimani,2026-07-12 11:57:00,500,Transfer,Agent
TXN5280,CUST019,Victor Hassan,2026-07-12 11:57:00,27500,Transfer,Branch
TXN5387,CUST071,James Hassan,2026-07-12 12:10:00,4200,Withdrawal,Agent
TXN5327,CUST037,Rose Nyambura,2026-07-12 12:26:00,34500,Deposit,ATM
TXN5392,CUST074,Sarah Mwangi,2026-07-12 12:30:00,12000,Withdrawal,ATM
TXN5306,CUST030,Josephine Nyambura,2026-07-12 12:31:00,750,Deposit,ATM
TXN5357,CUST056,Susan Odhiambo,2026-07-12 12:32:00,41000,Transfer,ATM
TXN5350,CUST052,David Kiptoo,2026-07-12 12:36:00,11200,Deposit,Agent
TXN5287,CUST021,Anthony Kiptoo,2026-07-12 12:40:00,1800,Transfer,Branch
TXN5308,CUST031,Susan Gathoni,2026-07-12 12:44:00,1800,Transfer,Agent
TXN5338,CUST044,Grace Njoki,2026-07-12 12:52:00,41000,Withdrawal,ATM
TXN5352,CUST054,Paul Chebet,2026-07-12 12:54:00,6700,Withdrawal,ATM
TXN5269,CUST013,Joyce Gathoni,2026-07-12 13:10:00,5400,Deposit,Mobile
TXN5298,CUST027,Anthony Otieno,2026-07-12 13:15:00,500,Transfer,Agent
TXN5381,CUST068,Victor Odhiambo,2026-07-12 13:20:00,41000,Transfer,ATM
TXN5391,CUST073,Amina Njeri,2026-07-12 13:24:00,34500,Deposit,Agent
TXN5361,CUST057,Ruth Kilonzo,2026-07-12 13:31:00,1800,Transfer,Agent
TXN5288,CUST021,Anthony Kiptoo,2026-07-12 13:32:00,9800,Withdrawal,Mobile
TXN5263,CUST011,Josephine Otieno,2026-07-12 13:37:00,1200,Deposit,Mobile
TXN5307,CUST031,Susan Gathoni,2026-07-12 13:38:00,1800,Transfer,Agent
TXN5282,CUST019,Victor Hassan,2026-07-12 13:39:00,34500,Withdrawal,Branch
TXN5250,CUST004,Lucy Odhiambo,2026-07-12 13:41:00,4200,Transfer,ATM
TXN5388,CUST072,Joyce Kariuki,2026-07-12 13:47:00,750,Transfer,Agent
TXN5297,CUST027,Anthony Otieno,2026-07-12 13:54:00,12000,Transfer,Agent
TXN5261,CUST009,Fatuma Kariuki,2026-07-12 13:59:00,4200,Transfer,Agent
TXN5358,CUST056,Susan Odhiambo,2026-07-12 14:13:00,1200,Deposit,ATM
TXN5351,CUST053,Anthony Muthoni,2026-07-12 14:19:00,27500,Withdrawal,Mobile
TXN5376,CUST064,Eric Chebet,2026-07-12 14:23:00,22000,Transfer,Mobile
TXN5322,CUST036,Diana Omondi,2026-07-12 14:25:00,18300,Transfer,Mobile
TXN5364,CUST058,John Njeri,2026-07-12 14:29:00,4200,Withdrawal,ATM
TXN5363,CUST057,Ruth Kilonzo,2026-07-12 14:30:00,22000,Transfer,Agent
TXN5348,CUST049,Susan Njoki,2026-07-12 14:36:00,1800,Transfer,ATM
TXN5286,CUST021,Anthony Kiptoo,2026-07-12 14:37:00,15600,Withdrawal,Agent
TXN5354,CUST055,Dennis Wanjiru,2026-07-12 14:38:00,4200,Withdrawal,Agent
TXN5369,CUST060,Paul Hassan,2026-07-12 14:41:00,15600,Deposit,Agent
TXN5330,CUST040,John Omondi,2026-07-12 14:43:00,41000,Deposit,ATM
TXN5289,CUST022,Rebecca Mwangi,2026-07-12 15:04:00,9800,Withdrawal,Mobile
TXN5293,CUST023,Lucy Gathoni,2026-07-12 15:06:00,12000,Transfer,Branch
TXN5317,CUST033,Diana Kariuki,2026-07-12 15:07:00,1800,Deposit,Agent
TXN5323,CUST036,Diana Omondi,2026-07-12 15:09:00,11200,Transfer,Mobile
TXN5332,CUST042,Faith Hassan,2026-07-12 15:14:00,27500,Transfer,Branch
TXN5312,CUST032,Susan Odhiambo,2026-07-12 15:17:00,8900,Transfer,ATM
TXN5278,CUST018,Mercy Kiptoo,2026-07-12 15:18:00,5400,Withdrawal,ATM
TXN5274,CUST014,David Gathoni,2026-07-12 15:26:00,1800,Withdrawal,Agent
TXN5276,CUST017,Grace Wafula,2026-07-12 15:34:00,3400,Deposit,Branch
TXN5362,CUST057,Ruth Kilonzo,2026-07-12 15:36:00,5400,Withdrawal,ATM
TXN5320,CUST035,Peter Gathoni,2026-07-12 15:40:00,9800,Withdrawal,Mobile
TXN5256,CUST005,Sarah Otieno,2026-07-12 15:41:00,27500,Deposit,Mobile
TXN5300,CUST028,Nancy Achieng,2026-07-12 15:46:00,15600,Withdrawal,Branch
TXN5367,CUST059,David Achieng,2026-07-12 15:48:00,1800,Transfer,ATM
TXN5264,CUST011,Josephine Otieno,2026-07-12 15:54:00,5400,Transfer,Mobile
TXN5385,CUST071,James Hassan,2026-07-12 15:56:00,8900,Withdrawal,Mobile
TXN5296,CUST025,Caroline Kimani,2026-07-12 16:02:00,11200,Transfer,Agent
TXN5252,CUST004,Lucy Odhiambo,2026-07-12 16:11:00,41000,Withdrawal,ATM
TXN5359,CUST056,Susan Odhiambo,2026-07-12 16:12:00,5400,Withdrawal,Mobile
TXN5337,CUST043,Rose Onyango,2026-07-12 16:16:00,500,Withdrawal,Branch
TXN5343,CUST048,Rose Gathoni,2026-07-12 16:34:00,11200,Deposit,Branch
TXN5260,CUST007,Grace Njoki,2026-07-12 16:41:00,8900,Transfer,Mobile
TXN5324,CUST036,Diana Omondi,2026-07-12 16:44:00,27500,Withdrawal,Agent
TXN5355,CUST055,Dennis Wanjiru,2026-07-12 16:44:00,2300,Withdrawal,Agent
TXN5302,CUST029,Rose Wafula,2026-07-12 16:45:00,22000,Deposit,Branch
TXN5259,CUST007,Grace Njoki,2026-07-12 16:57:00,1200,Transfer,Mobile
TXN5249,CUST001,George Hassan,2026-07-12 17:00:00,22000,Transfer,ATM
TXN5299,CUST028,Nancy Achieng,2026-07-12 17:12:00,750,Transfer,ATM
TXN5309,CUST031,Susan Gathoni,2026-07-12 17:31:00,4200,Withdrawal,ATM
TXN5285,CUST020,Kennedy Kimani,2026-07-12 17:35:00,6700,Deposit,ATM
TXN5277,CUST018,Mercy Kiptoo,2026-07-12 17:43:00,1800,Deposit,ATM
TXN5321,CUST035,Peter Gathoni,2026-07-12 17:51:00,750,Withdrawal,ATM
TXN5374,CUST062,Beatrice Njeri,2026-07-12 17:51:00,3400,Transfer,Agent
TXN5257,CUST005,Sarah Otieno,2026-07-12 17:59:00,18300,Transfer,Mobile
TXN5292,CUST023,Lucy Gathoni,2026-07-12 18:00:00,18300,Transfer,Mobile
TXN5316,CUST033,Diana Kariuki,2026-07-12 18:05:00,8900,Transfer,ATM
TXN5400,CUST080,Mercy Omondi,2026-07-12 18:07:00,15600,Deposit,Branch
TXN5398,CUST078,Caroline Kilonzo,2026-07-12 18:11:00,2300,Withdrawal,Mobile
TXN5311,CUST032,Susan Odhiambo,2026-07-12 18:12:00,4200,Transfer,Branch
TXN5377,CUST065,Rebecca Wambui,2026-07-12 18:20:00,18300,Withdrawal,ATM
TXN5275,CUST016,David Kariuki,2026-07-12 18:53:00,500,Withdrawal,ATM
TXN5258,CUST006,Francis Achieng,2026-07-12 18:55:00,41000,Withdrawal,Branch
TXN5314,CUST033,Diana Kariuki,2026-07-12 18:56:00,5400,Deposit,Mobile
TXN5272,CUST014,David Gathoni,2026-07-12 19:07:00,6700,Deposit,ATM
TXN5305,CUST030,Josephine Nyambura,2026-07-12 19:21:00,2300,Transfer,ATM
TXN5346,CUST049,Susan Njoki,2026-07-12 19:33:00,8900,Deposit,ATM
TXN5373,CUST062,Beatrice Njeri,2026-07-12 19:38:00,500,Withdrawal,Mobile
TXN5331,CUST040,John Omondi,2026-07-12 19:39:00,9800,Withdrawal,Branch
TXN5353,CUST054,Paul Chebet,2026-07-12 19:46:00,8900,Deposit,ATM
TXN5396,CUST075,Kevin Kiptoo,2026-07-12 19:46:00,12000,Withdrawal,Mobile
TXN5326,CUST037,Rose Nyambura,2026-07-12 19:53:00,34500,Withdrawal,Branch
TXN5365,CUST059,David Achieng,2026-07-12 19:54:00,5400,Withdrawal,ATM
TXN5310,CUST032,Susan Odhiambo,2026-07-12 19:56:00,500,Transfer,Mobile
TXN5301,CUST029,Rose Wafula,2026-07-12 19:59:00,34500,Withdrawal,Mobile
TXN5325,CUST037,Rose Nyambura,2026-07-12 20:05:00,41000,Deposit,Agent
TXN5318,CUST035,Peter Gathoni,2026-07-12 20:07:00,5400,Deposit,ATM
TXN5255,CUST005,Sarah Otieno,2026-07-12 20:24:00,1200,Deposit,Branch
TXN5378,CUST065,Rebecca Wambui,2026-07-12 20:24:00,1800,Transfer,ATM
TXN5283,CUST019,Victor Hassan,2026-07-12 20:26:00,3400,Transfer,Mobile
TXN5273,CUST014,David Gathoni,2026-07-12 20:29:00,2300,Transfer,ATM
TXN5336,CUST043,Rose Onyango,2026-07-12 20:29:00,8900,Withdrawal,ATM
TXN5340,CUST044,Grace Njoki,2026-07-12 20:29:00,15600,Transfer,Agent
TXN5379,CUST066,Mercy Onyango,2026-07-12 20:30:00,4200,Transfer,ATM
TXN5319,CUST035,Peter Gathoni,2026-07-12 20:33:00,5400,Transfer,Agent
TXN5315,CUST033,Diana Kariuki,2026-07-12 20:36:00,500,Deposit,ATM
TXN5347,CUST049,Susan Njoki,2026-07-12 20:36:00,11200,Withdrawal,Agent
TXN5339,CUST044,Grace Njoki,2026-07-12 20:53:00,1200,Deposit,Branch
TXN5537,CUST073,Amina Njeri,2026-07-13 07:03:00,9800,Transfer,Agent
TXN5485,CUST049,Susan Njoki,2026-07-13 07:09:00,9800,Deposit,Branch
TXN5478,CUST048,Rose Gathoni,2026-07-13 07:14:00,6700,Withdrawal,Mobile
TXN5527,CUST070,Samuel Njoki,2026-07-13 07:18:00,8900,Deposit,Agent
TXN5513,CUST063,Peter Mwangi,2026-07-13 07:20:00,27500,Deposit,Mobile
TXN5439,CUST025,Caroline Kimani,2026-07-13 07:32:00,3400,Deposit,Agent
TXN5541,CUST075,Kevin Kiptoo,2026-07-13 07:32:00,41000,Withdrawal,Agent
TXN5540,CUST075,Kevin Kiptoo,2026-07-13 07:38:00,12000,Deposit,Branch
TXN5443,CUST027,Anthony Otieno,2026-07-13 07:52:00,3400,Withdrawal,Agent
TXN5460,CUST038,Eric Kiptoo,2026-07-13 07:58:00,22000,Transfer,Mobile
TXN5486,CUST050,Peter Wambui,2026-07-13 08:00:00,18300,Transfer,Agent
TXN5425,CUST018,Mercy Kiptoo,2026-07-13 08:07:00,12000,Deposit,Mobile
TXN5452,CUST030,Josephine Nyambura,2026-07-13 08:09:00,1200,Transfer,Agent
TXN5505,CUST059,David Achieng,2026-07-13 08:10:00,5400,Deposit,Branch
TXN5472,CUST045,Rebecca Gathoni,2026-07-13 08:19:00,11200,Transfer,Branch
TXN5417,CUST011,Josephine Otieno,2026-07-13 08:35:00,1200,Deposit,Agent
TXN5404,CUST002,Beatrice Otieno,2026-07-13 08:36:00,12000,Withdrawal,ATM
TXN5490,CUST051,Daniel Njoki,2026-07-13 08:46:00,1200,Transfer,Branch
TXN5480,CUST048,Rose Gathoni,2026-07-13 08:51:00,500,Deposit,ATM
TXN5545,CUST078,Caroline Kilonzo,2026-07-13 08:59:00,9800,Deposit,Branch
TXN5468,CUST043,Rose Onyango,2026-07-13 09:06:00,34500,Transfer,Mobile
TXN5414,CUST009,Fatuma Kariuki,2026-07-13 09:08:00,22000,Withdrawal,Branch
TXN5536,CUST073,Amina Njeri,2026-07-13 09:08:00,1800,Transfer,Mobile
TXN5446,CUST028,Nancy Achieng,2026-07-13 09:26:00,34500,Withdrawal,ATM
TXN5510,CUST062,Beatrice Njeri,2026-07-13 09:31:00,1200,Transfer,ATM
TXN5413,CUST009,Fatuma Kariuki,2026-07-13 09:35:00,12000,Transfer,Agent
TXN5512,CUST063,Peter Mwangi,2026-07-13 09:38:00,1800,Deposit,ATM
TXN5543,CUST077,Victor Wafula,2026-07-13 09:42:00,8900,Deposit,Mobile
TXN5467,CUST043,Rose Onyango,2026-07-13 09:51:00,8900,Withdrawal,Mobile
TXN5445,CUST027,Anthony Otieno,2026-07-13 10:13:00,6700,Transfer,Branch
TXN5461,CUST040,John Omondi,2026-07-13 10:15:00,11200,Transfer,Mobile
TXN5431,CUST021,Anthony Kiptoo,2026-07-13 10:25:00,8900,Deposit,Mobile
TXN5542,CUST075,Kevin Kiptoo,2026-07-13 10:28:00,5400,Transfer,ATM
TXN5427,CUST018,Mercy Kiptoo,2026-07-13 10:47:00,12000,Transfer,Branch
TXN5430,CUST020,Kennedy Kimani,2026-07-13 10:54:00,22000,Transfer,ATM
TXN5518,CUST065,Rebecca Wambui,2026-07-13 11:12:00,1800,Withdrawal,Mobile
TXN5522,CUST066,Mercy Onyango,2026-07-13 11:12:00,34500,Transfer,Branch
TXN5496,CUST056,Susan Odhiambo,2026-07-13 11:13:00,3400,Deposit,Agent
TXN5435,CUST022,Rebecca Mwangi,2026-07-13 11:18:00,34500,Deposit,Agent
TXN5438,CUST024,Anthony Achieng,2026-07-13 11:20:00,2300,Withdrawal,ATM
TXN5533,CUST071,James Hassan,2026-07-13 11:28:00,22000,Deposit,Agent
TXN5437,CUST024,Anthony Achieng,2026-07-13 11:29:00,9800,Transfer,Mobile
TXN5444,CUST027,Anthony Otieno,2026-07-13 11:43:00,41000,Withdrawal,Mobile
TXN5491,CUST051,Daniel Njoki,2026-07-13 11:44:00,5400,Deposit,Mobile
TXN5422,CUST014,David Gathoni,2026-07-13 11:45:00,1200,Withdrawal,Agent
TXN5402,CUST001,George Hassan,2026-07-13 11:53:00,34500,Transfer,Mobile
TXN5423,CUST014,David Gathoni,2026-07-13 12:01:00,3400,Deposit,Mobile
TXN5531,CUST071,James Hassan,2026-07-13 12:01:00,9800,Withdrawal,ATM
TXN5466,CUST043,Rose Onyango,2026-07-13 12:12:00,15600,Transfer,Branch
TXN5507,CUST060,Paul Hassan,2026-07-13 12:12:00,41000,Transfer,Agent
TXN5497,CUST057,Ruth Kilonzo,2026-07-13 12:23:00,4200,Deposit,ATM
TXN5455,CUST033,Diana Kariuki,2026-07-13 12:39:00,750,Withdrawal,Mobile
TXN5534,CUST072,Joyce Kariuki,2026-07-13 12:43:00,22000,Deposit,Branch
TXN5521,CUST066,Mercy Onyango,2026-07-13 12:52:00,2300,Transfer,Branch
TXN5428,CUST020,Kennedy Kimani,2026-07-13 12:57:00,34500,Transfer,Mobile
TXN5432,CUST021,Anthony Kiptoo,2026-07-13 12:57:00,22000,Deposit,Branch
TXN5450,CUST029,Rose Wafula,2026-07-13 12:57:00,500,Withdrawal,Mobile
TXN5465,CUST041,Victor Mwangi,2026-07-13 12:57:00,9800,Transfer,Mobile
TXN5539,CUST074,Sarah Mwangi,2026-07-13 12:58:00,1800,Deposit,Branch
TXN5495,CUST056,Susan Odhiambo,2026-07-13 13:18:00,41000,Withdrawal,Mobile
TXN5479,CUST048,Rose Gathoni,2026-07-13 13:23:00,4200,Deposit,Mobile
TXN5535,CUST073,Amina Njeri,2026-07-13 13:24:00,500,Deposit,ATM
TXN5416,CUST011,Josephine Otieno,2026-07-13 13:30:00,11200,Transfer,Agent
TXN5469,CUST043,Rose Onyango,2026-07-13 13:30:00,1200,Deposit,Agent
TXN5441,CUST026,Rebecca Njoki,2026-07-13 13:33:00,4200,Transfer,Agent
TXN5442,CUST027,Anthony Otieno,2026-07-13 13:33:00,3400,Deposit,ATM
TXN5462,CUST041,Victor Mwangi,2026-07-13 13:51:00,15600,Deposit,Mobile
TXN5471,CUST045,Rebecca Gathoni,2026-07-13 13:53:00,750,Withdrawal,ATM
TXN5447,CUST028,Nancy Achieng,2026-07-13 13:55:00,6700,Transfer,ATM
TXN5524,CUST068,Victor Odhiambo,2026-07-13 14:01:00,3400,Deposit,Branch
TXN5433,CUST021,Anthony Kiptoo,2026-07-13 14:10:00,41000,Transfer,Mobile
TXN5448,CUST028,Nancy Achieng,2026-07-13 14:21:00,18300,Withdrawal,ATM
TXN5406,CUST004,Lucy Odhiambo,2026-07-13 14:23:00,15600,Withdrawal,Mobile
TXN5499,CUST058,John Njeri,2026-07-13 14:31:00,8900,Withdrawal,ATM
TXN5459,CUST037,Rose Nyambura,2026-07-13 14:39:00,2300,Transfer,Agent
TXN5429,CUST020,Kennedy Kimani,2026-07-13 14:49:00,750,Withdrawal,ATM
TXN5458,CUST034,James Kariuki,2026-07-13 15:01:00,500,Transfer,Mobile
TXN5440,CUST025,Caroline Kimani,2026-07-13 15:06:00,6700,Transfer,ATM
TXN5470,CUST045,Rebecca Gathoni,2026-07-13 15:11:00,11200,Withdrawal,Mobile
TXN5514,CUST063,Peter Mwangi,2026-07-13 15:28:00,18300,Deposit,Branch
TXN5517,CUST065,Rebecca Wambui,2026-07-13 15:31:00,8900,Transfer,Mobile
TXN5548,CUST079,Anthony Nyambura,2026-07-13 15:38:00,6700,Transfer,ATM
TXN5523,CUST067,Rebecca Wambui,2026-07-13 15:49:00,34500,Transfer,Agent
TXN5487,CUST050,Peter Wambui,2026-07-13 15:50:00,2300,Transfer,Branch
TXN5526,CUST069,Moses Kariuki,2026-07-13 15:50:00,8900,Withdrawal,Agent
TXN5525,CUST069,Moses Kariuki,2026-07-13 15:53:00,9800,Deposit,Mobile
TXN5515,CUST063,Peter Mwangi,2026-07-13 15:54:00,41000,Deposit,Mobile
TXN5421,CUST014,David Gathoni,2026-07-13 15:57:00,5400,Transfer,Agent
TXN5411,CUST009,Fatuma Kariuki,2026-07-13 16:07:00,9800,Transfer,Branch
TXN5511,CUST062,Beatrice Njeri,2026-07-13 16:20:00,500,Deposit,ATM
TXN5409,CUST008,Josephine Onyango,2026-07-13 16:32:00,41000,Deposit,Agent
TXN5547,CUST078,Caroline Kilonzo,2026-07-13 16:48:00,1200,Deposit,Agent
TXN5503,CUST059,David Achieng,2026-07-13 16:53:00,1800,Transfer,Agent
TXN5544,CUST078,Caroline Kilonzo,2026-07-13 16:53:00,6700,Deposit,Mobile
TXN5476,CUST047,Dennis Kilonzo,2026-07-13 16:57:00,1800,Transfer,Agent
TXN5516,CUST065,Rebecca Wambui,2026-07-13 17:02:00,6700,Deposit,Branch
TXN5424,CUST015,Sarah Chebet,2026-07-13 17:03:00,5400,Transfer,ATM
TXN5456,CUST034,James Kariuki,2026-07-13 17:18:00,1800,Deposit,Branch
TXN5420,CUST012,Anthony Kimani,2026-07-13 17:24:00,5400,Withdrawal,Mobile
TXN5488,CUST050,Peter Wambui,2026-07-13 17:28:00,6700,Withdrawal,Branch
TXN5504,CUST059,David Achieng,2026-07-13 17:28:00,1800,Deposit,Mobile
TXN5484,CUST049,Susan Njoki,2026-07-13 17:30:00,750,Transfer,Branch
TXN5502,CUST058,John Njeri,2026-07-13 17:40:00,12000,Withdrawal,Mobile
TXN5532,CUST071,James Hassan,2026-07-13 17:52:00,4200,Transfer,Mobile
TXN5549,CUST079,Anthony Nyambura,2026-07-13 17:55:00,750,Withdrawal,ATM
TXN5483,CUST049,Susan Njoki,2026-07-13 17:59:00,18300,Withdrawal,Branch
TXN5418,CUST011,Josephine Otieno,2026-07-13 18:07:00,8900,Withdrawal,Branch
TXN5451,CUST030,Josephine Nyambura,2026-07-13 18:12:00,6700,Withdrawal,ATM
TXN5405,CUST002,Beatrice Otieno,2026-07-13 18:13:00,8900,Deposit,Branch
TXN5419,CUST011,Josephine Otieno,2026-07-13 18:13:00,500,Transfer,Branch
TXN5500,CUST058,John Njeri,2026-07-13 18:15:00,2300,Deposit,Agent
TXN5481,CUST048,Rose Gathoni,2026-07-13 18:27:00,1800,Transfer,Branch
TXN5453,CUST033,Diana Kariuki,2026-07-13 18:29:00,3400,Transfer,Mobile
TXN5434,CUST022,Rebecca Mwangi,2026-07-13 18:33:00,11200,Transfer,ATM
TXN5474,CUST046,George Nyambura,2026-07-13 18:44:00,34500,Transfer,Mobile
TXN5473,CUST046,George Nyambura,2026-07-13 18:51:00,3400,Withdrawal,ATM
TXN5529,CUST070,Samuel Njoki,2026-07-13 18:57:00,1800,Transfer,Agent
TXN5412,CUST009,Fatuma Kariuki,2026-07-13 19:18:00,41000,Deposit,Branch
TXN5408,CUST006,Francis Achieng,2026-07-13 19:19:00,11200,Deposit,Branch
TXN5501,CUST058,John Njeri,2026-07-13 19:24:00,27500,Deposit,Mobile
TXN5449,CUST029,Rose Wafula,2026-07-13 19:26:00,2300,Deposit,Branch
TXN5475,CUST046,George Nyambura,2026-07-13 19:28:00,34500,Deposit,Mobile
TXN5410,CUST008,Josephine Onyango,2026-07-13 19:30:00,22000,Transfer,Branch
TXN5415,CUST010,Peter Wafula,2026-07-13 19:33:00,41000,Deposit,Agent
TXN5494,CUST054,Paul Chebet,2026-07-13 19:33:00,6700,Withdrawal,Branch
TXN5530,CUST070,Samuel Njoki,2026-07-13 19:34:00,1800,Deposit,Agent
TXN5489,CUST050,Peter Wambui,2026-07-13 19:35:00,1200,Transfer,Agent
TXN5436,CUST022,Rebecca Mwangi,2026-07-13 19:38:00,4200,Deposit,ATM
TXN5519,CUST065,Rebecca Wambui,2026-07-13 19:40:00,500,Withdrawal,Mobile
TXN5508,CUST062,Beatrice Njeri,2026-07-13 19:41:00,500,Withdrawal,Mobile
TXN5457,CUST034,James Kariuki,2026-07-13 19:42:00,27500,Transfer,Branch
TXN5454,CUST033,Diana Kariuki,2026-07-13 19:55:00,41000,Transfer,Branch
TXN5528,CUST070,Samuel Njoki,2026-07-13 19:59:00,41000,Deposit,Branch
TXN5498,CUST057,Ruth Kilonzo,2026-07-13 20:01:00,3400,Deposit,Branch
TXN5482,CUST049,Susan Njoki,2026-07-13 20:03:00,11200,Transfer,Mobile
TXN5506,CUST060,Paul Hassan,2026-07-13 20:06:00,500,Transfer,ATM
TXN5463,CUST041,Victor Mwangi,2026-07-13 20:10:00,1800,Transfer,Mobile
TXN5492,CUST052,David Kiptoo,2026-07-13 20:16:00,18300,Deposit,ATM
TXN5509,CUST062,Beatrice Njeri,2026-07-13 20:16:00,3400,Transfer,ATM
TXN5538,CUST073,Amina Njeri,2026-07-13 20:20:00,41000,Withdrawal,ATM
TXN5546,CUST078,Caroline Kilonzo,2026-07-13 20:21:00,15600,Transfer,Agent
TXN5493,CUST052,David Kiptoo,2026-07-13 20:31:00,750,Transfer,Mobile
TXN5426,CUST018,Mercy Kiptoo,2026-07-13 20:32:00,4200,Withdrawal,Branch
TXN5403,CUST001,George Hassan,2026-07-13 20:36:00,15600,Deposit,Agent
TXN5407,CUST006,Francis Achieng,2026-07-13 20:36:00,9800,Transfer,Branch
TXN5477,CUST047,Dennis Kilonzo,2026-07-13 20:42:00,3400,Deposit,Mobile
TXN5464,CUST041,Victor Mwangi,2026-07-13 20:49:00,11200,Withdrawal,ATM
TXN5520,CUST066,Mercy Onyango,2026-07-13 20:51:00,9800,Deposit,Mobile
TXN5550,CUST079,Anthony Nyambura,2026-07-13 20:59:00,2300,Deposit,Mobile
TXN5632,CUST052,David Kiptoo,2026-07-14 07:09:00,750,Deposit,ATM
TXN5551,CUST001,George Hassan,2026-07-14 07:10:00,4200,Withdrawal,Mobile
TXN5663,CUST068,Victor Odhiambo,2026-07-14 07:15:00,750,Withdrawal,Mobile
TXN5622,CUST046,George Nyambura,2026-07-14 07:20:00,8900,Deposit,ATM
TXN5685,CUST079,Anthony Nyambura,2026-07-14 07:21:00,15600,Withdrawal,Agent
TXN5646,CUST061,Ann Chebet,2026-07-14 07:24:00,34500,Withdrawal,Mobile
TXN5669,CUST071,James Hassan,2026-07-14 07:25:00,11200,Withdrawal,Mobile
TXN5567,CUST010,Peter Wafula,2026-07-14 07:30:00,22000,Transfer,ATM
TXN5631,CUST052,David Kiptoo,2026-07-14 07:31:00,22000,Transfer,ATM
TXN5587,CUST020,Kennedy Kimani,2026-07-14 07:34:00,27500,Withdrawal,Agent
TXN5576,CUST014,David Gathoni,2026-07-14 07:43:00,41000,Withdrawal,Agent
TXN5558,CUST003,Fatuma Wafula,2026-07-14 07:50:00,15600,Withdrawal,ATM
TXN5634,CUST055,Dennis Wanjiru,2026-07-14 07:57:00,3400,Withdrawal,ATM
TXN5609,CUST037,Rose Nyambura,2026-07-14 07:59:00,1800,Withdrawal,Branch
TXN5606,CUST033,Diana Kariuki,2026-07-14 08:05:00,9800,Transfer,Branch
TXN5673,CUST072,Joyce Kariuki,2026-07-14 08:06:00,6700,Transfer,ATM
TXN5584,CUST018,Mercy Kiptoo,2026-07-14 08:12:00,34500,Transfer,Mobile
TXN5602,CUST031,Susan Gathoni,2026-07-14 08:17:00,3400,Transfer,Mobile
TXN5583,CUST018,Mercy Kiptoo,2026-07-14 08:21:00,41000,Deposit,Branch
TXN5654,CUST065,Rebecca Wambui,2026-07-14 08:22:00,9800,Withdrawal,Agent
TXN5595,CUST028,Nancy Achieng,2026-07-14 08:23:00,2300,Deposit,Mobile
TXN5642,CUST060,Paul Hassan,2026-07-14 08:24:00,11200,Withdrawal,ATM
TXN5672,CUST072,Joyce Kariuki,2026-07-14 08:25:00,41000,Transfer,Mobile
TXN5639,CUST059,David Achieng,2026-07-14 08:27:00,500,Withdrawal,ATM
TXN5617,CUST043,Rose Onyango,2026-07-14 08:36:00,27500,Transfer,Branch
TXN5569,CUST012,Anthony Kimani,2026-07-14 08:44:00,18300,Transfer,ATM
TXN5612,CUST038,Eric Kiptoo,2026-07-14 08:45:00,750,Deposit,ATM
TXN5585,CUST018,Mercy Kiptoo,2026-07-14 08:57:00,750,Withdrawal,Agent
TXN5621,CUST046,George Nyambura,2026-07-14 09:01:00,41000,Withdrawal,ATM
TXN5568,CUST010,Peter Wafula,2026-07-14 09:04:00,11200,Withdrawal,Agent
TXN5616,CUST042,Faith Hassan,2026-07-14 09:06:00,41000,Transfer,Branch
TXN5561,CUST007,Grace Njoki,2026-07-14 09:07:00,11200,Transfer,ATM
TXN5564,CUST008,Josephine Onyango,2026-07-14 09:07:00,41000,Withdrawal,Mobile
TXN5641,CUST059,David Achieng,2026-07-14 09:18:00,1200,Deposit,ATM
TXN5572,CUST012,Anthony Kimani,2026-07-14 09:21:00,3400,Withdrawal,ATM
TXN5582,CUST017,Grace Wafula,2026-07-14 09:39:00,15600,Deposit,Mobile
TXN5683,CUST078,Caroline Kilonzo,2026-07-14 09:47:00,1800,Withdrawal,ATM
TXN5647,CUST062,Beatrice Njeri,2026-07-14 09:59:00,750,Transfer,Branch
TXN5623,CUST048,Rose Gathoni,2026-07-14 10:04:00,22000,Deposit,Agent
TXN5679,CUST075,Kevin Kiptoo,2026-07-14 10:14:00,11200,Deposit,ATM
TXN5651,CUST063,Peter Mwangi,2026-07-14 10:34:00,1800,Deposit,Agent
TXN5599,CUST030,Josephine Nyambura,2026-07-14 10:40:00,9800,Deposit,Agent
TXN5625,CUST048,Rose Gathoni,2026-07-14 10:59:00,1800,Withdrawal,Agent
TXN5566,CUST010,Peter Wafula,2026-07-14 11:05:00,1800,Transfer,ATM
TXN5552,CUST001,George Hassan,2026-07-14 11:22:00,1800,Deposit,Branch
TXN5556,CUST003,Fatuma Wafula,2026-07-14 11:28:00,22000,Withdrawal,Mobile
TXN5678,CUST074,Sarah Mwangi,2026-07-14 11:30:00,4200,Withdrawal,ATM
TXN5591,CUST022,Rebecca Mwangi,2026-07-14 11:31:00,4200,Deposit,Mobile
TXN5636,CUST058,John Njeri,2026-07-14 11:40:00,8900,Withdrawal,Agent
TXN5670,CUST072,Joyce Kariuki,2026-07-14 11:42:00,1200,Deposit,Mobile
TXN5574,CUST014,David Gathoni,2026-07-14 11:43:00,41000,Transfer,ATM
TXN5645,CUST061,Ann Chebet,2026-07-14 11:46:00,12000,Withdrawal,Mobile
TXN5605,CUST032,Susan Odhiambo,2026-07-14 11:50:00,750,Withdrawal,Agent
TXN5674,CUST073,Amina Njeri,2026-07-14 12:28:00,1200,Transfer,Branch
TXN5557,CUST003,Fatuma Wafula,2026-07-14 12:36:00,18300,Transfer,ATM
TXN5613,CUST040,John Omondi,2026-07-14 12:37:00,34500,Deposit,Agent
TXN5668,CUST070,Samuel Njoki,2026-07-14 12:42:00,2300,Deposit,Agent
TXN5629,CUST051,Daniel Njoki,2026-07-14 12:45:00,6700,Transfer,ATM
TXN5555,CUST003,Fatuma Wafula,2026-07-14 12:55:00,22000,Deposit,Branch
TXN5656,CUST065,Rebecca Wambui,2026-07-14 12:59:00,34500,Transfer,Branch
TXN5577,CUST015,Sarah Chebet,2026-07-14 13:01:00,15600,Deposit,ATM
TXN5560,CUST005,Sarah Otieno,2026-07-14 13:16:00,500,Transfer,Mobile
TXN5643,CUST060,Paul Hassan,2026-07-14 13:18:00,8900,Deposit,Mobile
TXN5665,CUST069,Moses Kariuki,2026-07-14 13:22:00,27500,Deposit,Branch
TXN5553,CUST001,George Hassan,2026-07-14 13:29:00,1800,Transfer,Agent
TXN5571,CUST012,Anthony Kimani,2026-07-14 13:41:00,6700,Transfer,ATM
TXN5676,CUST074,Sarah Mwangi,2026-07-14 13:44:00,9800,Withdrawal,ATM
TXN5664,CUST069,Moses Kariuki,2026-07-14 13:50:00,11200,Deposit,Agent
TXN5633,CUST052,David Kiptoo,2026-07-14 13:51:00,1200,Transfer,Branch
TXN5562,CUST007,Grace Njoki,2026-07-14 14:01:00,2300,Deposit,Agent
TXN5644,CUST060,Paul Hassan,2026-07-14 14:10:00,1200,Transfer,ATM
TXN5659,CUST066,Mercy Onyango,2026-07-14 14:11:00,4200,Withdrawal,Branch
TXN5640,CUST059,David Achieng,2026-07-14 14:15:00,4200,Withdrawal,ATM
TXN5575,CUST014,David Gathoni,2026-07-14 14:17:00,1800,Deposit,Branch
TXN5684,CUST079,Anthony Nyambura,2026-07-14 14:17:00,9800,Withdrawal,Mobile
TXN5586,CUST018,Mercy Kiptoo,2026-07-14 14:24:00,22000,Transfer,Branch
TXN5565,CUST009,Fatuma Kariuki,2026-07-14 14:31:00,5400,Deposit,Branch
TXN5589,CUST022,Rebecca Mwangi,2026-07-14 14:43:00,8900,Withdrawal,Agent
TXN5618,CUST043,Rose Onyango,2026-07-14 14:43:00,27500,Withdrawal,Branch
TXN5667,CUST070,Samuel Njoki,2026-07-14 14:53:00,4200,Transfer,Mobile
TXN5578,CUST016,David Kariuki,2026-07-14 14:55:00,41000,Withdrawal,Mobile
TXN5680,CUST075,Kevin Kiptoo,2026-07-14 14:59:00,6700,Withdrawal,Branch
TXN5650,CUST062,Beatrice Njeri,2026-07-14 15:15:00,750,Transfer,ATM
TXN5611,CUST037,Rose Nyambura,2026-07-14 15:17:00,27500,Deposit,Agent
TXN5604,CUST032,Susan Odhiambo,2026-07-14 15:21:00,3400,Withdrawal,Mobile
TXN5607,CUST033,Diana Kariuki,2026-07-14 15:28:00,750,Deposit,ATM
TXN5637,CUST058,John Njeri,2026-07-14 15:29:00,9800,Deposit,ATM
TXN5619,CUST044,Grace Njoki,2026-07-14 15:31:00,750,Transfer,Branch
TXN5657,CUST066,Mercy Onyango,2026-07-14 15:40:00,5400,Transfer,Mobile
TXN5580,CUST017,Grace Wafula,2026-07-14 15:43:00,8900,Withdrawal,Branch
TXN5675,CUST074,Sarah Mwangi,2026-07-14 15:45:00,27500,Withdrawal,Mobile
TXN5592,CUST022,Rebecca Mwangi,2026-07-14 15:48:00,11200,Withdrawal,Mobile
TXN5638,CUST059,David Achieng,2026-07-14 15:49:00,500,Withdrawal,ATM
TXN5627,CUST051,Daniel Njoki,2026-07-14 15:52:00,8900,Withdrawal,ATM
TXN5662,CUST068,Victor Odhiambo,2026-07-14 16:21:00,4200,Transfer,Agent
TXN5554,CUST002,Beatrice Otieno,2026-07-14 16:23:00,41000,Withdrawal,Agent
TXN5652,CUST063,Peter Mwangi,2026-07-14 16:25:00,4200,Transfer,Agent
TXN5624,CUST048,Rose Gathoni,2026-07-14 16:31:00,3400,Deposit,ATM
TXN5682,CUST076,Amina Hassan,2026-07-14 16:35:00,5400,Withdrawal,ATM
TXN5579,CUST017,Grace Wafula,2026-07-14 16:38:00,34500,Withdrawal,Branch
TXN5608,CUST035,Peter Gathoni,2026-07-14 16:41:00,12000,Deposit,Agent
TXN5653,CUST065,Rebecca Wambui,2026-07-14 16:44:00,2300,Deposit,Mobile
TXN5635,CUST056,Susan Odhiambo,2026-07-14 16:45:00,11200,Deposit,ATM
TXN5655,CUST065,Rebecca Wambui,2026-07-14 16:46:00,6700,Transfer,Branch
TXN5597,CUST029,Rose Wafula,2026-07-14 16:54:00,41000,Withdrawal,Branch
TXN5600,CUST030,Josephine Nyambura,2026-07-14 17:03:00,12000,Transfer,Mobile
TXN5601,CUST031,Susan Gathoni,2026-07-14 17:05:00,1800,Transfer,Agent
TXN5614,CUST042,Faith Hassan,2026-07-14 17:13:00,34500,Deposit,Branch
TXN5563,CUST007,Grace Njoki,2026-07-14 17:18:00,22000,Transfer,ATM
TXN5620,CUST044,Grace Njoki,2026-07-14 17:18:00,15600,Transfer,Agent
TXN5671,CUST072,Joyce Kariuki,2026-07-14 17:35:00,2300,Withdrawal,Branch
TXN5570,CUST012,Anthony Kimani,2026-07-14 17:47:00,6700,Withdrawal,Mobile
TXN5610,CUST037,Rose Nyambura,2026-07-14 18:07:00,12000,Deposit,Mobile
TXN5658,CUST066,Mercy Onyango,2026-07-14 18:09:00,1200,Deposit,Mobile
TXN5603,CUST031,Susan Gathoni,2026-07-14 18:14:00,41000,Withdrawal,Agent
TXN5598,CUST029,Rose Wafula,2026-07-14 18:16:00,1800,Withdrawal,Agent
TXN5649,CUST062,Beatrice Njeri,2026-07-14 18:20:00,27500,Deposit,ATM
TXN5588,CUST020,Kennedy Kimani,2026-07-14 18:28:00,18300,Withdrawal,ATM
TXN5677,CUST074,Sarah Mwangi,2026-07-14 18:33:00,22000,Withdrawal,ATM
TXN5615,CUST042,Faith Hassan,2026-07-14 18:36:00,18300,Withdrawal,Mobile
TXN5666,CUST069,Moses Kariuki,2026-07-14 18:36:00,18300,Transfer,Branch
TXN5593,CUST023,Lucy Gathoni,2026-07-14 18:53:00,8900,Deposit,Branch
TXN5626,CUST051,Daniel Njoki,2026-07-14 18:58:00,5400,Deposit,Branch
TXN5573,CUST013,Joyce Gathoni,2026-07-14 19:02:00,27500,Withdrawal,Mobile
TXN5660,CUST066,Mercy Onyango,2026-07-14 19:04:00,5400,Deposit,Agent
TXN5596,CUST028,Nancy Achieng,2026-07-14 19:11:00,41000,Deposit,Branch
TXN5661,CUST068,Victor Odhiambo,2026-07-14 19:31:00,4200,Transfer,Mobile
TXN5559,CUST005,Sarah Otieno,2026-07-14 19:34:00,500,Withdrawal,Branch
TXN5648,CUST062,Beatrice Njeri,2026-07-14 19:36:00,34500,Withdrawal,Mobile
TXN5628,CUST051,Daniel Njoki,2026-07-14 20:03:00,18300,Transfer,ATM
TXN5681,CUST075,Kevin Kiptoo,2026-07-14 20:05:00,3400,Withdrawal,ATM
TXN5581,CUST017,Grace Wafula,2026-07-14 20:16:00,5400,Transfer,Agent
TXN5594,CUST025,Caroline Kimani,2026-07-14 20:30:00,3400,Deposit,Branch
TXN5630,CUST052,David Kiptoo,2026-07-14 20:35:00,27500,Withdrawal,Mobile
TXN5590,CUST022,Rebecca Mwangi,2026-07-14 20:58:00,15600,Deposit,ATM
